index,srv-recommendation_autoscaler_requested_pods,srv-recommendation_autoscaler_terminating_pods,srv-recommendation_autoscaler_actual_pods,srv-recommendation_autoscaler_desired_pods,srv-recommendation_autoscaler_stable_request_concurrency,srv-recommendation_autoscaler_panic_request_concurrency,srv-recommendation_autoscaler_target_concurrency_per_pod,srv-recommendation_autoscaler_excess_burst_capacity,srv-recommendation_container_cpu_usage_seconds_total
1759618765,3.0,0.0,3.0,3.0,4.134446,0.0,7.0,-181.0,0.15826177401054883
1759618770,3.0,0.0,3.0,3.0,0.879674,0.0,7.0,-181.0,0.16510204204817447
1759618775,3.0,0.0,3.0,3.0,0.879674,0.0,7.0,-181.0,0.16494441531206872
1759618780,3.0,0.0,3.0,3.0,0.879674,0.0,7.0,-181.0,0.1649241243750721
1759618785,3.0,0.0,3.0,3.0,0.879674,0.0,7.0,-181.0,0.16476063862139376
1759618790,3.0,0.0,3.0,3.0,0.879674,0.0,7.0,-181.0,0.16613899972007007
1759618795,3.0,0.0,3.0,3.0,0.879674,0.0,7.0,-181.0,0.16836618446557372
1759618800,3.0,0.0,3.0,3.0,2.689258,0.0,7.0,-181.0,0.15821198536717812
1759618805,3.0,0.0,3.0,3.0,2.689258,0.0,7.0,-181.0,0.16969711717315553
1759618810,3.0,0.0,3.0,3.0,2.689258,0.0,7.0,-181.0,0.168208717393318
1759618815,3.0,0.0,3.0,3.0,2.689258,0.0,7.0,-181.0,0.17720365173355995
1759618820,3.0,0.0,3.0,3.0,2.689258,0.0,7.0,-181.0,0.17661213897175063
1759618825,3.0,0.0,3.0,3.0,2.689258,0.0,7.0,-181.0,0.16239859159115239
1759618825,1.0,0.0,0.0,,,,,,0.01729393597875603
1759618830,1.0,0.0,1.0,0.0,0.0,0.0,35.0,-161.0,0.019748711394849065
1759618835,1.0,0.0,1.0,0.0,0.0,0.0,35.0,-161.0,0.0222034868109421
1759618840,1.0,0.0,1.0,0.0,0.0,0.0,35.0,-161.0,0.03276415293588849
1759618845,1.0,0.0,1.0,0.0,0.0,0.0,35.0,-161.0,0.06193924607639078
1759618850,1.0,0.0,1.0,0.0,0.0,0.0,35.0,-161.0,0.07273861564041052
1759618855,1.0,0.0,1.0,0.0,0.0,0.0,35.0,-161.0,0.09779546619176553
1759618860,3.0,0.0,3.0,3.0,0.687337,0.771734,35.0,-62.0,0.1040043816118872
1759618865,3.0,0.0,3.0,3.0,0.687337,0.771734,35.0,-62.0,0.1383124091088386
1759618870,3.0,0.0,3.0,3.0,0.687337,0.771734,35.0,-62.0,0.13936375420246339
1759618875,3.0,0.0,3.0,3.0,0.687337,0.771734,35.0,-62.0,0.14737118837706614
1759618880,3.0,0.0,3.0,3.0,0.687337,0.771734,35.0,-62.0,0.16191119830719922
1759618885,3.0,0.0,3.0,3.0,0.687337,0.771734,35.0,-62.0,0.16229785269448344
1759618885,3.0,0.0,3.0,,3.0,0.687337,0.771734,35.0,-62.0,0.15303191299764562
1759618890,3.0,0.0,3.0,,3.0,0.658227,0.418651,35.0,-62.0,0.15778275278577295
1759618895,3.0,0.0,3.0,,3.0,0.658227,0.418651,35.0,-62.0,0.1623526301951169
1759618900,3.0,0.0,3.0,,3.0,0.658227,0.418651,35.0,-62.0,0.15006217592164206
1759618905,3.0,0.0,3.0,,3.0,0.658227,0.418651,35.0,-62.0,0.12159813341557732
1759618910,3.0,0.0,3.0,,3.0,0.658227,0.418651,35.0,-62.0,0.12971317898085147
1759618915,3.0,0.0,3.0,,3.0,0.658227,0.418651,35.0,-62.0,0.1254965699637799
1759618920,3.0,0.0,3.0,,3.0,1.038366,3.272772,35.0,-65.0,0.12090572889075649
1759618925,3.0,0.0,3.0,,3.0,1.038366,3.272772,35.0,-65.0,0.11971065140490117
1759618930,3.0,0.0,3.0,26.915021939006014,3.0,1.038366,3.272772,35.0,-65.0,0.10989387624267549
1759618935,3.0,0.0,3.0,26.915021939006014,3.0,1.038366,3.272772,35.0,-65.0,0.11520047270014186
1759618940,3.0,0.0,3.0,26.915021939006014,3.0,1.038366,3.272772,35.0,-65.0,0.11854302261573371
1759618945,3.0,0.0,3.0,26.915021939006014,3.0,1.038366,3.272772,35.0,-65.0,0.11758609976247558
1759618945,3.0,0.0,3.0,26.915021939006014,3.0,1.038366,3.272772,35.0,-65.0,0.11193970272651647
1759618950,3.0,0.0,3.0,26.915021939006014,3.0,3.971019,0.575963,35.0,-62.0,0.09856277934585103
1759618955,3.0,0.0,3.0,26.915021939006014,3.0,3.971019,0.575963,35.0,-62.0,0.0988241404406508
1759618960,3.0,0.0,3.0,1.4887933155899458,3.0,3.971019,0.575963,35.0,-62.0,0.09479416834551746
1759618965,3.0,0.0,3.0,1.4887933155899458,3.0,3.971019,0.575963,35.0,-62.0,0.09691058881653544
1759618970,3.0,0.0,3.0,1.4887933155899458,3.0,3.971019,0.575963,35.0,-62.0,0.09581902380554726
1759618975,3.0,0.0,3.0,1.4887933155899458,3.0,3.971019,0.575963,35.0,-62.0,0.08275033235860299
1759618980,3.0,0.0,3.0,1.4887933155899458,3.0,4.700414,-1e-06,35.0,-61.0,0.0682028360110694
1759618985,3.0,0.0,3.0,1.4887933155899458,3.0,4.700414,-1e-06,35.0,-61.0,0.05680180800774309
1759618990,3.0,0.0,3.0,,3.0,4.700414,-1e-06,35.0,-61.0,0.04733977293368587
1759618995,3.0,0.0,3.0,,3.0,4.700414,-1e-06,35.0,-61.0,0.042097576574531746
1759619000,3.0,0.0,3.0,,3.0,4.700414,-1e-06,35.0,-61.0,0.040706402936525055
1759619005,3.0,0.0,3.0,,3.0,4.700414,-1e-06,35.0,-61.0,0.03202508257164936
1759619005,3.0,0.0,3.0,3.0,4.700414,-1e-06,35.0,-61.0,0.04442844974631176
1759619010,3.0,0.0,3.0,3.0,1.640373,1.015943,35.0,-63.0,0.04191211517795999
1759619015,3.0,0.0,3.0,3.0,1.640373,1.015943,35.0,-63.0,0.04898238788802184
1759619020,3.0,0.0,3.0,3.0,1.640373,1.015943,35.0,-63.0,0.0692074069935609
1759619025,3.0,0.0,3.0,3.0,1.640373,1.015943,35.0,-63.0,0.0808188611050497
1759619030,3.0,0.0,3.0,3.0,1.640373,1.015943,35.0,-63.0,0.08700981826589119
1759619035,3.0,0.0,3.0,3.0,1.640373,1.015943,35.0,-63.0,0.11172164709665534
1759619040,3.0,0.0,3.0,3.0,0.512653,0.568141,35.0,-62.0,0.12702210098169836
1759619045,3.0,0.0,3.0,3.0,0.512653,0.568141,35.0,-62.0,0.1312894609837552
1759619050,3.0,0.0,3.0,3.0,0.512653,0.568141,35.0,-62.0,0.14208503033320574
1759619055,3.0,0.0,3.0,3.0,0.512653,0.568141,35.0,-62.0,0.142852190754828
1759619060,3.0,0.0,3.0,3.0,0.512653,0.568141,35.0,-62.0,0.14607409503460744
1759619065,3.0,0.0,3.0,3.0,0.512653,0.568141,35.0,-62.0,0.13113705148032673
1759619065,3.0,0.0,3.0,3.0,0.512653,0.568141,35.0,-62.0,0.14892357049441957
1759619070,3.0,0.0,3.0,3.0,0.646154,0.414448,35.0,-62.0,0.1478873341797668
1759619075,3.0,0.0,3.0,3.0,0.646154,0.414448,35.0,-62.0,0.1498733184349565
1759619080,3.0,0.0,3.0,3.0,0.646154,0.414448,35.0,-62.0,0.14953605391552624
1759619085,3.0,0.0,3.0,3.0,0.646154,0.414448,35.0,-62.0,0.1481224080560166
1759619090,3.0,0.0,3.0,3.0,0.646154,0.414448,35.0,-62.0,0.14635791287690705
1759619095,3.0,0.0,3.0,3.0,0.646154,0.414448,35.0,-62.0,0.1448248256633642
1759619100,3.0,0.0,3.0,3.0,0.501746,0.427176,35.0,-62.0,0.14637675611973738
1759619105,3.0,0.0,3.0,3.0,0.501746,0.427176,35.0,-62.0,0.1425323300353639
1759619110,3.0,0.0,3.0,3.0,0.501746,0.427176,35.0,-62.0,0.14232890717909957
1759619115,3.0,0.0,3.0,3.0,0.501746,0.427176,35.0,-62.0,0.14232890717909957
1759619120,3.0,0.0,3.0,3.0,0.501746,0.427176,35.0,-62.0,0.12912067594888943
1759619125,3.0,0.0,3.0,3.0,0.501746,0.427176,35.0,-62.0,0.10068058895928612
1759619125,3.0,0.0,3.0,3.0,0.501746,0.427176,35.0,-62.0,0.13576656006724552
1759619130,3.0,0.0,3.0,3.0,0.410099,0.505548,35.0,-62.0,0.13576656006724552
1759619135,3.0,0.0,3.0,3.0,0.410099,0.505548,35.0,-62.0,0.12794294840120018
1759619140,3.0,0.0,3.0,3.0,0.410099,0.505548,35.0,-62.0,0.1336723993354746
1759619145,3.0,0.0,3.0,3.0,0.410099,0.505548,35.0,-62.0,0.1336723993354746
1759619150,3.0,0.0,3.0,3.0,0.410099,0.505548,35.0,-62.0,0.13720264356393314
1759619155,3.0,0.0,3.0,3.0,0.410099,0.505548,35.0,-62.0,0.1458868201185656
1759619160,3.0,0.0,3.0,3.0,0.524331,0.764554,35.0,-62.0,0.1458868201185656
1759619165,3.0,0.0,3.0,3.0,0.524331,0.764554,35.0,-62.0,0.13355317512222392
1759619170,3.0,0.0,3.0,3.0,0.524331,0.764554,35.0,-62.0,0.15947194408534726
1759619175,3.0,0.0,3.0,3.0,0.524331,0.764554,35.0,-62.0,0.16210487321285838
1759619180,3.0,0.0,3.0,3.0,0.524331,0.764554,35.0,-62.0,0.15701351370142308
1759619185,3.0,0.0,3.0,3.0,0.524331,0.764554,35.0,-62.0,0.16083462119919212
1759619185,3.0,0.0,3.0,3.0,0.524331,0.764554,35.0,-62.0,0.16659405337634187
1759619190,3.0,0.0,3.0,3.0,0.60966,0.527909,35.0,-62.0,0.1544691747763165
1759619195,3.0,0.0,3.0,3.0,0.60966,0.527909,35.0,-62.0,0.16103062037147378
1759619200,3.0,0.0,3.0,3.0,0.60966,0.527909,35.0,-62.0,0.1595554408970922
1759619205,3.0,0.0,3.0,3.0,0.60966,0.527909,35.0,-62.0,0.15945060881167877
1759619210,3.0,0.0,3.0,3.0,0.60966,0.527909,35.0,-62.0,0.1617900227826371
1759619215,3.0,0.0,3.0,3.0,0.60966,0.527909,35.0,-62.0,0.15444451843707135
1759619220,3.0,0.0,3.0,3.0,0.57784,0.449801,35.0,-62.0,0.15444451843707135
1759619225,3.0,0.0,3.0,3.0,0.57784,0.449801,35.0,-62.0,0.14904095465080416
1759619230,3.0,0.0,3.0,3.0,0.57784,0.449801,35.0,-62.0,0.1413683052130152
1759619235,3.0,0.0,3.0,3.0,0.57784,0.449801,35.0,-62.0,0.15406135162449203
1759619240,3.0,0.0,3.0,3.0,0.57784,0.449801,35.0,-62.0,0.15406135162449203
1759619245,3.0,0.0,3.0,3.0,0.57784,0.449801,35.0,-62.0,0.12513089021166204
1759619245,3.0,0.0,3.0,3.0,0.57784,0.449801,35.0,-62.0,0.13805052776435403
1759619250,3.0,0.0,3.0,3.0,0.53008,0.368513,35.0,-62.0,0.14582462810509939
1759619255,3.0,0.0,3.0,3.0,0.53008,0.368513,35.0,-62.0,0.14244129104158199
1759619260,3.0,0.0,3.0,3.0,0.53008,0.368513,35.0,-62.0,0.14179585647827883
1759619265,3.0,0.0,3.0,3.0,0.53008,0.368513,35.0,-62.0,0.1338155903500364
1759619270,3.0,0.0,3.0,3.0,0.53008,0.368513,35.0,-62.0,0.13220031440995658
1759619275,3.0,0.0,3.0,3.0,0.53008,0.368513,35.0,-62.0,0.1367115749610368
1759619280,3.0,0.0,3.0,3.0,0.537668,0.527867,35.0,-62.0,0.1392034317135324
1759619285,3.0,0.0,3.0,3.0,0.537668,0.527867,35.0,-62.0,0.13661718727788214
1759619290,3.0,0.0,3.0,3.0,0.537668,0.527867,35.0,-62.0,0.14184586268539767
1759619295,3.0,0.0,3.0,3.0,0.537668,0.527867,35.0,-62.0,0.14659828342826217
1759619300,3.0,0.0,3.0,3.0,0.537668,0.527867,35.0,-62.0,0.14837754100004008
1759619305,3.0,0.0,3.0,3.0,0.537668,0.527867,35.0,-62.0,0.13071894807503426
1759619305,3.0,0.0,3.0,,3.0,0.537668,0.527867,35.0,-62.0,0.1417242529348319
1759619310,3.0,0.0,3.0,,3.0,0.791059,0.993581,35.0,-62.0,0.1426419206178497
1759619315,3.0,0.0,3.0,,3.0,0.791059,0.993581,35.0,-62.0,0.1512986234400122
1759619320,3.0,0.0,3.0,0.8578132168742193,3.0,0.791059,0.993581,35.0,-62.0,0.1500237679094521
1759619325,3.0,0.0,3.0,0.8578132168742193,3.0,0.791059,0.993581,35.0,-62.0,0.14207195598452532
1759619330,3.0,0.0,3.0,0.8578132168742193,3.0,0.791059,0.993581,35.0,-62.0,0.14026753577981846
1759619335,3.0,0.0,3.0,0.8578132168742193,3.0,0.791059,0.993581,35.0,-62.0,0.13524985292018135
1759619340,3.0,0.0,3.0,0.8578132168742193,3.0,2.497943,5.790214,35.0,-67.0,0.12754039061895328
1759619345,3.0,0.0,3.0,0.8578132168742193,3.0,2.497943,5.790214,35.0,-67.0,0.10923415287245508
1759619350,3.0,0.0,3.0,0.12713892972497273,3.0,2.497943,5.790214,35.0,-67.0,0.10775133315706112
1759619355,3.0,0.0,3.0,0.12713892972497273,3.0,2.497943,5.790214,35.0,-67.0,0.09801419750152025
1759619360,3.0,0.0,3.0,0.12713892972497273,3.0,2.497943,5.790214,35.0,-67.0,0.09254867031754761
1759619365,3.0,0.0,3.0,0.12713892972497273,3.0,2.497943,5.790214,35.0,-67.0,0.08537566567837342
1759619365,3.0,0.0,3.0,0.12713892972497273,3.0,2.497943,5.790214,35.0,-67.0,0.09642222716922343
1759619370,3.0,0.0,3.0,0.12713892972497273,3.0,3.638327,5.65504,35.0,-67.0,0.08240474262271118
1759619375,3.0,0.0,3.0,0.12713892972497273,3.0,3.638327,5.65504,35.0,-67.0,0.08315236708631857
1759619380,3.0,0.0,3.0,0.36792662356764677,3.0,3.638327,5.65504,35.0,-67.0,0.08319809786929797
1759619385,3.0,0.0,3.0,0.36792662356764677,3.0,3.638327,5.65504,35.0,-67.0,0.07570919180876959
1759619390,3.0,0.0,3.0,0.36792662356764677,3.0,3.638327,5.65504,35.0,-67.0,0.07016250368854096
1759619395,3.0,0.0,3.0,0.36792662356764677,3.0,3.638327,5.65504,35.0,-67.0,0.06628567780608749
1759619400,3.0,0.0,3.0,0.36792662356764677,3.0,1.852367,0.238306,35.0,-62.0,0.06847707978991674
1759619405,3.0,0.0,3.0,0.36792662356764677,3.0,1.852367,0.238306,35.0,-62.0,0.0543447440600342
1759619410,3.0,0.0,3.0,,3.0,1.852367,0.238306,35.0,-62.0,0.05207624147286525
1759619415,3.0,0.0,3.0,,3.0,1.852367,0.238306,35.0,-62.0,0.04847270552592523
1759619420,3.0,0.0,3.0,,3.0,1.852367,0.238306,35.0,-62.0,0.050176120682260954
1759619425,3.0,0.0,3.0,,3.0,1.852367,0.238306,35.0,-62.0,0.04513375189630889
1759619425,3.0,0.0,3.0,3.0,1.852367,0.238306,35.0,-62.0,0.06485791475334034
1759619430,3.0,0.0,3.0,3.0,0.340391,0.412235,35.0,-62.0,0.06891843983642315
1759619435,3.0,0.0,3.0,3.0,0.340391,0.412235,35.0,-62.0,0.08010250450284633
1759619440,3.0,0.0,3.0,3.0,0.340391,0.412235,35.0,-62.0,0.10648059065542387
1759619445,3.0,0.0,3.0,3.0,0.340391,0.412235,35.0,-62.0,0.1064805906554239
1759619450,3.0,0.0,3.0,3.0,0.340391,0.412235,35.0,-62.0,0.1310911467443322
1759619455,3.0,0.0,3.0,3.0,0.340391,0.412235,35.0,-62.0,0.1501770885728081
1759619460,3.0,0.0,3.0,3.0,0.759596,1.931033,35.0,-63.0,0.1501770885728081
1759619465,3.0,0.0,3.0,3.0,0.759596,1.931033,35.0,-63.0,0.1640133782936828
1759619470,3.0,0.0,3.0,3.0,0.759596,1.931033,35.0,-63.0,0.17171309656904782
1759619475,3.0,0.0,3.0,3.0,0.759596,1.931033,35.0,-63.0,0.17092386028945725
1759619480,3.0,0.0,3.0,3.0,0.759596,1.931033,35.0,-63.0,0.16637561133144138
1759619485,3.0,0.0,3.0,3.0,0.759596,1.931033,35.0,-63.0,0.14992029076779784
1759619485,3.0,0.0,3.0,3.0,0.759596,1.931033,35.0,-63.0,0.16833691568750156
1759619490,3.0,0.0,3.0,3.0,1.376462,1.892397,35.0,-63.0,0.17522404527404606
1759619495,3.0,0.0,3.0,3.0,1.376462,1.892397,35.0,-63.0,0.17659574023797023
1759619500,3.0,0.0,3.0,3.0,1.376462,1.892397,35.0,-63.0,0.1667915999476193
1759619505,3.0,0.0,3.0,3.0,1.376462,1.892397,35.0,-63.0,0.1687393092237446
1759619510,3.0,0.0,3.0,3.0,1.376462,1.892397,35.0,-63.0,0.17774388445905012
1759619515,3.0,0.0,3.0,3.0,1.376462,1.892397,35.0,-63.0,0.17451795476650078
1759619520,3.0,0.0,3.0,3.0,1.190936,0.571976,35.0,-62.0,0.16858184861463832
1759619525,3.0,0.0,3.0,3.0,1.190936,0.571976,35.0,-62.0,0.16999111913615556
1759619530,3.0,0.0,3.0,3.0,1.190936,0.571976,35.0,-62.0,0.17333574745109803
1759619535,3.0,0.0,3.0,3.0,1.190936,0.571976,35.0,-62.0,0.1738037945695951
1759619540,3.0,0.0,3.0,3.0,1.190936,0.571976,35.0,-62.0,0.1738037945695951
1759619545,3.0,0.0,3.0,3.0,1.190936,0.571976,35.0,-62.0,0.14895297116613768
1759619545,3.0,0.0,3.0,3.0,1.190936,0.571976,35.0,-62.0,0.1470552655784858
1759619550,3.0,0.0,3.0,3.0,0.749996,0.778894,35.0,-62.0,0.15685410679745646
1759619555,3.0,0.0,3.0,3.0,0.749996,0.778894,35.0,-62.0,0.16589659518710895
1759619560,3.0,0.0,3.0,3.0,0.749996,0.778894,35.0,-62.0,0.16696368632189754
1759619565,3.0,0.0,3.0,3.0,0.749996,0.778894,35.0,-62.0,0.17160793008589362
1759619570,3.0,0.0,3.0,3.0,0.749996,0.778894,35.0,-62.0,0.17297475804469287
1759619575,3.0,0.0,3.0,3.0,0.749996,0.778894,35.0,-62.0,0.16904313310348687
1759619580,3.0,0.0,3.0,3.0,0.791631,0.684827,35.0,-62.0,0.16747494473864138
1759619585,3.0,0.0,3.0,3.0,0.791631,0.684827,35.0,-62.0,0.1581555226200273
1759619590,3.0,0.0,3.0,3.0,0.791631,0.684827,35.0,-62.0,0.1601521903168153
1759619595,3.0,0.0,3.0,3.0,0.791631,0.684827,35.0,-62.0,0.16810724376914932
1759619600,3.0,0.0,3.0,3.0,0.791631,0.684827,35.0,-62.0,0.15870626265872748
1759619605,3.0,0.0,3.0,3.0,0.791631,0.684827,35.0,-62.0,0.13318880413910408
1759619605,3.0,0.0,3.0,3.0,0.791631,0.684827,35.0,-62.0,0.17544101859863753
1759619610,3.0,0.0,3.0,3.0,0.817031,0.820117,35.0,-62.0,0.17492127766429072
1759619615,3.0,0.0,3.0,3.0,0.817031,0.820117,35.0,-62.0,0.16809184201568483
1759619620,3.0,0.0,3.0,3.0,0.817031,0.820117,35.0,-62.0,0.17833323856891078
1759619625,3.0,0.0,3.0,3.0,0.817031,0.820117,35.0,-62.0,0.17789038027167564
1759619630,3.0,0.0,3.0,3.0,0.817031,0.820117,35.0,-62.0,0.16761161790632834
1759619635,3.0,0.0,3.0,3.0,0.817031,0.820117,35.0,-62.0,0.18315743462652845
1759619640,3.0,0.0,3.0,3.0,0.691659,0.803624,35.0,-62.0,0.18343215902159588
1759619645,3.0,0.0,3.0,3.0,0.691659,0.803624,35.0,-62.0,0.17980293547379864
1759619650,3.0,0.0,3.0,3.0,0.691659,0.803624,35.0,-62.0,0.16467103878775644
1759619655,3.0,0.0,3.0,3.0,0.691659,0.803624,35.0,-62.0,0.1661335276217801
1759619660,3.0,0.0,3.0,3.0,0.691659,0.803624,35.0,-62.0,0.17725196370404672
1759619665,3.0,0.0,3.0,3.0,0.691659,0.803624,35.0,-62.0,0.17720331550786908
1759619665,3.0,0.0,3.0,3.0,0.691659,0.803624,35.0,-62.0,0.17920137221928908
1759619670,3.0,0.0,3.0,3.0,0.932189,0.984909,35.0,-62.0,0.1757070841863494
1759619675,3.0,0.0,3.0,3.0,0.932189,0.984909,35.0,-62.0,0.18470623538609499
1759619680,3.0,0.0,3.0,3.0,0.932189,0.984909,35.0,-62.0,0.17263242870824405
1759619685,3.0,0.0,3.0,3.0,0.932189,0.984909,35.0,-62.0,0.1852364421934199
1759619690,3.0,0.0,3.0,3.0,0.932189,0.984909,35.0,-62.0,0.17882350805634145
1759619695,3.0,0.0,3.0,3.0,0.932189,0.984909,35.0,-62.0,0.19148319427124247
1759619700,3.0,0.0,3.0,3.0,1.020722,0.676252,35.0,-62.0,0.188727301802935
1759619705,3.0,0.0,3.0,3.0,1.020722,0.676252,35.0,-62.0,0.18733469881332862
1759619710,3.0,0.0,3.0,3.0,1.020722,0.676252,35.0,-62.0,0.17681197677519694
1759619715,3.0,0.0,3.0,3.0,1.020722,0.676252,35.0,-62.0,0.18564852120163963
1759619720,3.0,0.0,3.0,3.0,1.020722,0.676252,35.0,-62.0,0.17677694129645874
1759619725,3.0,0.0,3.0,3.0,1.020722,0.676252,35.0,-62.0,0.16165421343182051
1759619725,3.0,0.0,3.0,,3.0,1.020722,0.676252,35.0,-62.0,0.17314836407804174
1759619730,3.0,0.0,3.0,,3.0,2.050895,6.894855,35.0,-68.0,0.16647879092564652
1759619735,3.0,0.0,3.0,,3.0,2.050895,6.894855,35.0,-68.0,0.15759620973719315
1759619740,3.0,0.0,3.0,3.5513089163518274,3.0,2.050895,6.894855,35.0,-68.0,0.15195612926402718
1759619745,3.0,0.0,3.0,3.5513089163518274,3.0,2.050895,6.894855,35.0,-68.0,0.1426274424148976
1759619750,3.0,0.0,3.0,3.5513089163518274,3.0,2.050895,6.894855,35.0,-68.0,0.13644182894862505
1759619755,3.0,0.0,3.0,3.5513089163518274,3.0,2.050895,6.894855,35.0,-68.0,0.12113494053562088
1759619760,3.0,0.0,3.0,3.5513089163518274,3.0,5.517535,8.602952,35.0,-70.0,0.11428060542493511
1759619765,3.0,0.0,3.0,3.5513089163518274,3.0,5.517535,8.602952,35.0,-70.0,0.11219507223321708
1759619770,3.0,0.0,3.0,4.327117910375408,3.0,5.517535,8.602952,35.0,-70.0,0.11275580290863733
1759619775,3.0,0.0,3.0,4.327117910375408,3.0,5.517535,8.602952,35.0,-70.0,0.10374140125864123
1759619780,3.0,0.0,3.0,4.327117910375408,3.0,5.517535,8.602952,35.0,-70.0,0.10583291392667177
1759619785,3.0,0.0,3.0,4.327117910375408,3.0,5.517535,8.602952,35.0,-70.0,0.10522624386690685
1759619785,3.0,0.0,3.0,4.327117910375408,3.0,5.517535,8.602952,35.0,-70.0,0.10522624386690685
1759619790,3.0,0.0,3.0,4.327117910375408,3.0,4.749746,-1e-06,35.0,-61.0,0.09208815726389473
1759619795,3.0,0.0,3.0,4.327117910375408,3.0,4.749746,-1e-06,35.0,-61.0,0.06863657164975177
1759619800,3.0,0.0,3.0,,3.0,4.749746,-1e-06,35.0,-61.0,0.06469410129826358
1759619805,3.0,0.0,3.0,,3.0,4.749746,-1e-06,35.0,-61.0,0.05083906290051761
1759619810,3.0,0.0,3.0,,3.0,4.749746,-1e-06,35.0,-61.0,0.04143802727128238
1759619815,3.0,0.0,3.0,,3.0,4.749746,-1e-06,35.0,-61.0,0.04298503867131838
1759619820,3.0,0.0,3.0,,3.0,0.964484,0.885207,35.0,-62.0,0.03384805680580609
1759619825,3.0,0.0,3.0,,3.0,0.964484,0.885207,35.0,-62.0,0.06504547201565634
1759619830,3.0,0.0,3.0,,3.0,0.964484,0.885207,35.0,-62.0,0.06751218772607823
1759619835,3.0,0.0,3.0,,3.0,0.964484,0.885207,35.0,-62.0,0.11407951460760275
1759619840,3.0,0.0,3.0,,3.0,0.964484,0.885207,35.0,-62.0,0.12067071898276152
1759619845,3.0,0.0,3.0,,3.0,0.964484,0.885207,35.0,-62.0,0.11220761855866543
1759619845,3.0,0.0,3.0,3.0,0.964484,0.885207,35.0,-62.0,0.12853376568965558
1759619850,3.0,0.0,3.0,3.0,0.762172,0.955486,35.0,-62.0,0.14363997036868753
1759619855,3.0,0.0,3.0,3.0,0.762172,0.955486,35.0,-62.0,0.16978436745370107
1759619860,3.0,0.0,3.0,3.0,0.762172,0.955486,35.0,-62.0,0.16978436745370107
1759619865,3.0,0.0,3.0,3.0,0.762172,0.955486,35.0,-62.0,0.16604665481136874
1759619870,3.0,0.0,3.0,3.0,0.762172,0.955486,35.0,-62.0,0.16955041952303374
1759619875,3.0,0.0,3.0,3.0,0.762172,0.955486,35.0,-62.0,0.15719533002291314
1759619880,3.0,0.0,3.0,3.0,1.114194,0.96194,35.0,-62.0,0.16800544206380674
1759619885,3.0,0.0,3.0,3.0,1.114194,0.96194,35.0,-62.0,0.16294019698183568
1759619890,3.0,0.0,3.0,3.0,1.114194,0.96194,35.0,-62.0,0.16267741623413545
1759619895,3.0,0.0,3.0,3.0,1.114194,0.96194,35.0,-62.0,0.14995604057857956
1759619900,3.0,0.0,3.0,3.0,1.114194,0.96194,35.0,-62.0,0.1495073103912703
1759619905,3.0,0.0,3.0,3.0,1.114194,0.96194,35.0,-62.0,0.12391875595409521
1759619905,3.0,0.0,3.0,3.0,1.114194,0.96194,35.0,-62.0,0.16463476741683952
1759619910,3.0,0.0,3.0,3.0,0.996886,0.937766,35.0,-62.0,0.16289485490816805
1759619915,3.0,0.0,3.0,3.0,0.996886,0.937766,35.0,-62.0,0.16534767990839525
1759619920,3.0,0.0,3.0,3.0,0.996886,0.937766,35.0,-62.0,0.16534767990839525
1759619925,3.0,0.0,3.0,3.0,0.996886,0.937766,35.0,-62.0,0.16627870220674457
1759619930,3.0,0.0,3.0,3.0,0.996886,0.937766,35.0,-62.0,0.1589062981553714
1759619935,3.0,0.0,3.0,3.0,0.996886,0.937766,35.0,-62.0,0.1682377249117446
1759619940,3.0,0.0,3.0,3.0,0.777532,0.551453,35.0,-62.0,0.15173309679878133
1759619945,3.0,0.0,3.0,3.0,0.777532,0.551453,35.0,-62.0,0.14972737659533158
1759619950,3.0,0.0,3.0,3.0,0.777532,0.551453,35.0,-62.0,0.14472325413277892
1759619955,3.0,0.0,3.0,3.0,0.777532,0.551453,35.0,-62.0,0.14472325413277892
1759619960,3.0,0.0,3.0,3.0,0.777532,0.551453,35.0,-62.0,0.14647413514005456
1759619965,3.0,0.0,3.0,3.0,0.777532,0.551453,35.0,-62.0,0.11723590686622165
1759619965,3.0,0.0,3.0,3.0,0.777532,0.551453,35.0,-62.0,0.13246644628420795
1759619970,3.0,0.0,3.0,3.0,0.591529,0.536283,35.0,-62.0,0.13562552982466072
1759619975,3.0,0.0,3.0,3.0,0.591529,0.536283,35.0,-62.0,0.13374924462253718
1759619980,3.0,0.0,3.0,3.0,0.591529,0.536283,35.0,-62.0,0.12644312194035295
1759619985,3.0,0.0,3.0,3.0,0.591529,0.536283,35.0,-62.0,0.13867421958634119
1759619990,3.0,0.0,3.0,3.0,0.591529,0.536283,35.0,-62.0,0.1369792756939484
1759619995,3.0,0.0,3.0,3.0,0.591529,0.536283,35.0,-62.0,0.13697910854483136
1759620000,3.0,0.0,3.0,3.0,0.506095,0.397745,35.0,-62.0,0.13117874217481923
1759620005,3.0,0.0,3.0,3.0,0.506095,0.397745,35.0,-62.0,0.12672612895239105
1759620010,3.0,0.0,3.0,3.0,0.506095,0.397745,35.0,-62.0,0.1389387165541483
1759620015,3.0,0.0,3.0,3.0,0.506095,0.397745,35.0,-62.0,0.1389387165541483
1759620020,3.0,0.0,3.0,3.0,0.506095,0.397745,35.0,-62.0,0.14064226963140294
1759620025,3.0,0.0,3.0,3.0,0.506095,0.397745,35.0,-62.0,0.12214275397712496
1759620025,3.0,0.0,3.0,3.0,0.506095,0.397745,35.0,-62.0,0.13813306241480566
1759620030,3.0,0.0,3.0,3.0,0.672272,1.246204,35.0,-63.0,0.13813306241480566
1759620035,3.0,0.0,3.0,3.0,0.672272,1.246204,35.0,-63.0,0.13072112416216725
1759620040,3.0,0.0,3.0,3.0,0.672272,1.246204,35.0,-63.0,0.14563051186311637
1759620045,3.0,0.0,3.0,3.0,0.672272,1.246204,35.0,-63.0,0.14655655738332196
1759620050,3.0,0.0,3.0,3.0,0.672272,1.246204,35.0,-63.0,0.13926960213100942
1759620055,3.0,0.0,3.0,3.0,0.672272,1.246204,35.0,-63.0,0.13962874638624198
1759620060,3.0,0.0,3.0,3.0,0.835632,0.758127,35.0,-62.0,0.15217357236599932
1759620065,3.0,0.0,3.0,3.0,0.835632,0.758127,35.0,-62.0,0.14473102882549654
1759620070,3.0,0.0,3.0,3.0,0.835632,0.758127,35.0,-62.0,0.1530920759291879
1759620075,3.0,0.0,3.0,3.0,0.835632,0.758127,35.0,-62.0,0.1497163521503761
1759620080,3.0,0.0,3.0,3.0,0.835632,0.758127,35.0,-62.0,0.1384603198557961
1759620085,3.0,0.0,3.0,3.0,0.835632,0.758127,35.0,-62.0,0.12825985430598252
1759620085,3.0,0.0,3.0,,3.0,0.835632,0.758127,35.0,-62.0,0.14771607413921845
1759620090,3.0,0.0,3.0,,3.0,0.682069,0.729115,35.0,-62.0,0.14771607413921845
1759620095,3.0,0.0,3.0,,3.0,0.682069,0.729115,35.0,-62.0,0.1486022903106855
1759620100,3.0,0.0,3.0,,3.0,0.682069,0.729115,35.0,-62.0,0.12261703384520059
1759620105,3.0,0.0,3.0,,3.0,0.682069,0.729115,35.0,-62.0,0.15166467462934186
1759620110,3.0,0.0,3.0,,3.0,0.682069,0.729115,35.0,-62.0,0.14591979820164075
1759620115,3.0,0.0,3.0,,3.0,0.682069,0.729115,35.0,-62.0,0.15011919917759967
1759620120,3.0,0.0,3.0,,3.0,2.219278,8.471017,35.0,-70.0,0.15245047306457785
1759620125,3.0,0.0,3.0,,3.0,2.219278,8.471017,35.0,-70.0,0.15245047306457785
1759620130,3.0,0.0,3.0,1.9285900694292435,3.0,2.219278,8.471017,35.0,-70.0,0.14711485761865425
1759620135,3.0,0.0,3.0,1.9285900694292435,3.0,2.219278,8.471017,35.0,-70.0,0.14096679599942608
1759620140,3.0,0.0,3.0,1.9285900694292435,3.0,2.219278,8.471017,35.0,-70.0,0.14096679599942608
1759620145,3.0,0.0,3.0,1.9285900694292435,3.0,2.219278,8.471017,35.0,-70.0,0.1130241322179725
1759620145,3.0,0.0,3.0,1.9285900694292435,3.0,2.219278,8.471017,35.0,-70.0,0.1130241322179725
1759620150,3.0,0.0,3.0,1.9285900694292435,3.0,6.324548,4.063848,35.0,-66.0,0.11361740378661372
1759620155,3.0,0.0,3.0,1.9285900694292435,3.0,6.324548,4.063848,35.0,-66.0,0.10773176310233956
1759620160,3.0,0.0,3.0,,3.0,6.324548,4.063848,35.0,-66.0,0.10363730133923191
1759620165,3.0,0.0,3.0,,3.0,6.324548,4.063848,35.0,-66.0,0.09729896001241205
1759620170,3.0,0.0,3.0,,3.0,6.324548,4.063848,35.0,-66.0,0.13037508272302528
1759620175,3.0,0.0,3.0,,3.0,6.324548,4.063848,35.0,-66.0,0.13267244323179866
1759620180,3.0,0.0,3.0,,3.0,5.036437,1.505054,35.0,-63.0,0.13901270354799436
1759620185,3.0,0.0,3.0,,3.0,5.036437,1.505054,35.0,-63.0,0.13901270354799436
1759620190,3.0,0.0,3.0,,3.0,5.036437,1.505054,35.0,-63.0,0.13879187923986508
1759620195,3.0,0.0,3.0,,3.0,5.036437,1.505054,35.0,-63.0,0.1719706781276217
1759620200,3.0,0.0,3.0,,3.0,5.036437,1.505054,35.0,-63.0,0.16388467356596634
1759620205,3.0,0.0,3.0,,3.0,5.036437,1.505054,35.0,-63.0,0.15883691492831395
1759620205,3.0,0.0,3.0,3.0,5.036437,1.505054,35.0,-63.0,0.16902409533534024
1759620210,3.0,0.0,3.0,3.0,1.151869,0.636294,35.0,-62.0,0.14885393932846538
1759620215,3.0,0.0,3.0,3.0,1.151869,0.636294,35.0,-62.0,0.16696810650470073
1759620220,3.0,0.0,3.0,3.0,1.151869,0.636294,35.0,-62.0,0.16359514983185736
1759620225,3.0,0.0,3.0,3.0,1.151869,0.636294,35.0,-62.0,0.1633532294349308
1759620230,3.0,0.0,3.0,3.0,1.151869,0.636294,35.0,-62.0,0.16676680702152968
1759620235,3.0,0.0,3.0,3.0,1.151869,0.636294,35.0,-62.0,0.15827755870543078
1759620240,3.0,0.0,3.0,3.0,0.877804,0.89032,35.0,-62.0,0.16575750708208342
1759620245,3.0,0.0,3.0,3.0,0.877804,0.89032,35.0,-62.0,0.16575750708208342
1759620250,3.0,0.0,3.0,3.0,0.877804,0.89032,35.0,-62.0,0.1675518631865931
1759620255,3.0,0.0,3.0,3.0,0.877804,0.89032,35.0,-62.0,0.1674304032125941
1759620260,3.0,0.0,3.0,3.0,0.877804,0.89032,35.0,-62.0,0.153431042229428
1759620265,3.0,0.0,3.0,3.0,0.877804,0.89032,35.0,-62.0,0.1492790540534567
1759620265,3.0,0.0,3.0,3.0,0.877804,0.89032,35.0,-62.0,0.17222611098891788
1759620270,3.0,0.0,3.0,3.0,1.110147,1.447817,35.0,-63.0,0.18161619478457527
1759620275,3.0,0.0,3.0,3.0,1.110147,1.447817,35.0,-63.0,0.18452353825370138
1759620280,3.0,0.0,3.0,3.0,1.110147,1.447817,35.0,-63.0,0.1754708085995345
1759620285,3.0,0.0,3.0,3.0,1.110147,1.447817,35.0,-63.0,0.18082069057696562
1759620290,3.0,0.0,3.0,3.0,1.110147,1.447817,35.0,-63.0,0.1879057977489257
1759620295,3.0,0.0,3.0,3.0,1.110147,1.447817,35.0,-63.0,0.18629426506536334
1759620300,3.0,0.0,3.0,3.0,1.43883,1.450899,35.0,-63.0,0.1874897644324822
1759620305,3.0,0.0,3.0,3.0,1.43883,1.450899,35.0,-63.0,0.18214192710489152
1759620310,3.0,0.0,3.0,3.0,1.43883,1.450899,35.0,-63.0,0.18214192710489152
1759620315,3.0,0.0,3.0,3.0,1.43883,1.450899,35.0,-63.0,0.1749781257569252
1759620320,3.0,0.0,3.0,3.0,1.43883,1.450899,35.0,-63.0,0.16176620783119122
1759620325,3.0,0.0,3.0,3.0,1.43883,1.450899,35.0,-63.0,0.14365129459313633
1759620325,3.0,0.0,3.0,3.0,1.43883,1.450899,35.0,-63.0,0.1666388306084895
1759620330,3.0,0.0,3.0,3.0,1.260046,0.672923,35.0,-62.0,0.16301600880991826
1759620335,3.0,0.0,3.0,3.0,1.260046,0.672923,35.0,-62.0,0.15948257012004588
1759620340,3.0,0.0,3.0,3.0,1.260046,0.672923,35.0,-62.0,0.1564426015390683
1759620345,3.0,0.0,3.0,3.0,1.260046,0.672923,35.0,-62.0,0.15853322563108177
1759620350,3.0,0.0,3.0,3.0,1.260046,0.672923,35.0,-62.0,0.15943835637664389
1759620355,3.0,0.0,3.0,3.0,1.260046,0.672923,35.0,-62.0,0.1599283692024302
1759620360,3.0,0.0,3.0,3.0,0.938385,0.636153,35.0,-62.0,0.1599283692024302
1759620365,3.0,0.0,3.0,3.0,0.938385,0.636153,35.0,-62.0,0.1637410791502872
1759620370,3.0,0.0,3.0,3.0,0.938385,0.636153,35.0,-62.0,0.1544673098901374
1759620375,3.0,0.0,3.0,3.0,0.938385,0.636153,35.0,-62.0,0.17099703945631914
1759620380,3.0,0.0,3.0,3.0,0.938385,0.636153,35.0,-62.0,0.16676166883275156
1759620385,3.0,0.0,3.0,3.0,0.938385,0.636153,35.0,-62.0,0.16224685554568197
1759620385,3.0,0.0,3.0,3.0,0.938385,0.636153,35.0,-62.0,0.17080484127260534
1759620390,3.0,0.0,3.0,3.0,0.940706,1.190786,35.0,-63.0,0.1725229061658017
1759620395,3.0,0.0,3.0,3.0,0.940706,1.190786,35.0,-63.0,0.1710000269684328
1759620400,3.0,0.0,3.0,3.0,0.940706,1.190786,35.0,-63.0,0.17237919849909922
1759620405,3.0,0.0,3.0,3.0,0.940706,1.190786,35.0,-63.0,0.15720059717185753
1759620410,3.0,0.0,3.0,3.0,0.940706,1.190786,35.0,-63.0,0.16786346753243736
1759620415,3.0,0.0,3.0,3.0,0.940706,1.190786,35.0,-63.0,0.15223804260571172
1759620420,3.0,0.0,3.0,3.0,1.238915,0.600859,35.0,-62.0,0.1559792663356791
1759620425,3.0,0.0,3.0,3.0,1.238915,0.600859,35.0,-62.0,0.1673092604289687
1759620430,3.0,0.0,3.0,3.0,1.238915,0.600859,35.0,-62.0,0.16888659935345646
1759620435,3.0,0.0,3.0,3.0,1.238915,0.600859,35.0,-62.0,0.1539555055097268
1759620440,3.0,0.0,3.0,3.0,1.238915,0.600859,35.0,-62.0,0.15348685110325536
1759620445,3.0,0.0,3.0,3.0,1.238915,0.600859,35.0,-62.0,0.14863159468185294
1759620445,3.0,0.0,3.0,,3.0,1.238915,0.600859,35.0,-62.0,0.1495653828637461
1759620450,3.0,0.0,3.0,,3.0,1.045321,0.734022,35.0,-62.0,0.16636371979743111
1759620455,3.0,0.0,3.0,,3.0,1.045321,0.734022,35.0,-62.0,0.166328026484716
1759620460,3.0,0.0,3.0,39.98545152960888,3.0,1.045321,0.734022,35.0,-62.0,0.16329848381912407
1759620465,3.0,0.0,3.0,39.98545152960888,3.0,1.045321,0.734022,35.0,-62.0,0.15137485432892003
1759620470,3.0,0.0,3.0,39.98545152960888,3.0,1.045321,0.734022,35.0,-62.0,0.14966727439706315
1759620475,3.0,0.0,3.0,39.98545152960888,3.0,1.045321,0.734022,35.0,-62.0,0.14588699550603834
1759620480,3.0,0.0,3.0,39.98545152960888,3.0,3.06496,0.797092,35.0,-62.0,0.1362640319197242
1759620485,3.0,0.0,3.0,39.98545152960888,3.0,3.06496,0.797092,35.0,-62.0,0.12549047889103415
1759620490,3.0,0.0,3.0,0.061019429287797786,3.0,3.06496,0.797092,35.0,-62.0,0.09172044420201622
1759620495,3.0,0.0,3.0,0.061019429287797786,3.0,3.06496,0.797092,35.0,-62.0,0.08018914484466355
1759620500,3.0,0.0,3.0,0.061019429287797786,3.0,3.06496,0.797092,35.0,-62.0,0.07628846658773789
1759620505,3.0,0.0,3.0,0.061019429287797786,3.0,3.06496,0.797092,35.0,-62.0,0.06280756154707046
1759620505,3.0,0.0,3.0,0.061019429287797786,3.0,3.06496,0.797092,35.0,-62.0,0.07328785065640629
1759620510,3.0,0.0,3.0,0.061019429287797786,3.0,8.639963,14.724659,35.0,-76.0,0.07906634763467238
1759620515,3.0,0.0,3.0,0.061019429287797786,3.0,8.639963,14.724659,35.0,-76.0,0.07421016411870214
1759620520,3.0,0.0,3.0,,3.0,8.639963,14.724659,35.0,-76.0,0.07385198676013319
1759620525,3.0,0.0,3.0,,3.0,8.639963,14.724659,35.0,-76.0,0.06451862492720749
1759620530,3.0,0.0,3.0,,3.0,8.639963,14.724659,35.0,-76.0,0.05561325839104573
1759620535,3.0,0.0,3.0,,3.0,8.639963,14.724659,35.0,-76.0,0.062365916876953975
1759620540,3.0,0.0,3.0,,3.0,6.033785,0.011023,35.0,-62.0,0.053698796124342994
1759620545,3.0,0.0,3.0,,3.0,6.033785,0.011023,35.0,-62.0,0.053698796124342994
1759620550,3.0,0.0,3.0,,3.0,6.033785,0.011023,35.0,-62.0,0.018427163987517068
1759620555,3.0,0.0,3.0,,3.0,6.033785,0.011023,35.0,-62.0,0.02202852615008922
1759620560,3.0,0.0,3.0,,3.0,6.033785,0.011023,35.0,-62.0,0.029221719846660887
1759620565,3.0,0.0,3.0,,3.0,6.033785,0.011023,35.0,-62.0,0.029221719846660887
1759620565,3.0,0.0,3.0,3.0,6.033785,0.011023,35.0,-62.0,0.04657335063626719
1759620570,3.0,0.0,3.0,3.0,0.521024,0.940185,35.0,-62.0,0.0771341669464494
1759620575,3.0,0.0,3.0,3.0,0.521024,0.940185,35.0,-62.0,0.07905260235774668
1759620580,3.0,0.0,3.0,3.0,0.521024,0.940185,35.0,-62.0,0.09663217826324587
1759620585,3.0,0.0,3.0,3.0,0.521024,0.940185,35.0,-62.0,0.13609703532659845
1759620590,3.0,0.0,3.0,3.0,0.521024,0.940185,35.0,-62.0,0.1528888156862755
1759620595,3.0,0.0,3.0,3.0,0.521024,0.940185,35.0,-62.0,0.1528888156862755
1759620600,3.0,0.0,3.0,3.0,0.834444,0.815805,35.0,-62.0,0.158639069846682
1759620605,3.0,0.0,3.0,3.0,0.834444,0.815805,35.0,-62.0,0.16666542419331482
1759620610,3.0,0.0,3.0,3.0,0.834444,0.815805,35.0,-62.0,0.16671104836081962
1759620615,3.0,0.0,3.0,3.0,0.834444,0.815805,35.0,-62.0,0.16419049396657281
1759620620,3.0,0.0,3.0,3.0,0.834444,0.815805,35.0,-62.0,0.15508188851915292
1759620625,3.0,0.0,3.0,3.0,0.834444,0.815805,35.0,-62.0,0.1505659027975375
1759620625,3.0,0.0,3.0,3.0,0.834444,0.815805,35.0,-62.0,0.14925116789728987
1759620630,3.0,0.0,3.0,3.0,0.970256,1.264274,35.0,-63.0,0.15820803444078504
1759620635,3.0,0.0,3.0,3.0,0.970256,1.264274,35.0,-63.0,0.15820803444078504
1759620640,3.0,0.0,3.0,3.0,0.970256,1.264274,35.0,-63.0,0.16029097246015678
1759620645,3.0,0.0,3.0,3.0,0.970256,1.264274,35.0,-63.0,0.15613781960901707
1759620650,3.0,0.0,3.0,3.0,0.970256,1.264274,35.0,-63.0,0.15916471034112506
1759620655,3.0,0.0,3.0,3.0,0.970256,1.264274,35.0,-63.0,0.16610992855207746
1759620660,3.0,0.0,3.0,3.0,1.224535,0.593337,35.0,-62.0,0.1691532264214905
1759620665,3.0,0.0,3.0,3.0,1.224535,0.593337,35.0,-62.0,0.16996617288342789
1759620670,3.0,0.0,3.0,3.0,1.224535,0.593337,35.0,-62.0,0.17224626108887892
1759620675,3.0,0.0,3.0,3.0,1.224535,0.593337,35.0,-62.0,0.16951398892285846
1759620680,3.0,0.0,3.0,3.0,1.224535,0.593337,35.0,-62.0,0.16504440801072603
1759620685,3.0,0.0,3.0,3.0,1.224535,0.593337,35.0,-62.0,0.14586928531757942
1759620685,3.0,0.0,3.0,3.0,1.224535,0.593337,35.0,-62.0,0.18374947615645856
1759620690,3.0,0.0,3.0,3.0,1.484735,1.587814,35.0,-63.0,0.17690560855749002
1759620695,3.0,0.0,3.0,3.0,1.484735,1.587814,35.0,-63.0,0.18784383022489082
1759620700,3.0,0.0,3.0,3.0,1.484735,1.587814,35.0,-63.0,0.18936292915230835
1759620705,3.0,0.0,3.0,3.0,1.484735,1.587814,35.0,-63.0,0.18950444308957118
1759620710,3.0,0.0,3.0,3.0,1.484735,1.587814,35.0,-63.0,0.17940763802744503
1759620715,3.0,0.0,3.0,3.0,1.484735,1.587814,35.0,-63.0,0.17760797236284825
1759620720,3.0,0.0,3.0,3.0,1.520374,1.694716,35.0,-63.0,0.16248077363696842
1759620725,3.0,0.0,3.0,3.0,1.520374,1.694716,35.0,-63.0,0.17070308102178638
1759620730,3.0,0.0,3.0,3.0,1.520374,1.694716,35.0,-63.0,0.17319502811112336
1759620735,3.0,0.0,3.0,3.0,1.520374,1.694716,35.0,-63.0,0.17251596553476345
1759620740,3.0,0.0,3.0,3.0,1.520374,1.694716,35.0,-63.0,0.16964257675146197
1759620745,3.0,0.0,3.0,3.0,1.520374,1.694716,35.0,-63.0,0.16165913468507495
1759620745,3.0,0.0,3.0,3.0,1.520374,1.694716,35.0,-63.0,0.17090480697320667
1759620750,3.0,0.0,3.0,3.0,1.15351,1.025877,35.0,-63.0,0.17025740081602636
1759620755,3.0,0.0,3.0,3.0,1.15351,1.025877,35.0,-63.0,0.17829341089044734
1759620760,3.0,0.0,3.0,3.0,1.15351,1.025877,35.0,-63.0,0.17983277730411976
1759620765,3.0,0.0,3.0,3.0,1.15351,1.025877,35.0,-63.0,0.17774378641973956
1759620770,3.0,0.0,3.0,3.0,1.15351,1.025877,35.0,-63.0,0.15549509854160065
1759620775,3.0,0.0,3.0,3.0,1.15351,1.025877,35.0,-63.0,0.16533763407053326
1759620780,3.0,0.0,3.0,3.0,0.732843,0.523929,35.0,-62.0,0.1636025499591498
1759620785,3.0,0.0,3.0,3.0,0.732843,0.523929,35.0,-62.0,0.1632878496247716
1759620790,3.0,0.0,3.0,3.0,0.732843,0.523929,35.0,-62.0,0.1614780997357177
1759620795,3.0,0.0,3.0,3.0,0.732843,0.523929,35.0,-62.0,0.15559029176289244
1759620800,3.0,0.0,3.0,3.0,0.732843,0.523929,35.0,-62.0,0.15221363220532716
1759620805,3.0,0.0,3.0,3.0,0.732843,0.523929,35.0,-62.0,0.1416715168488117
1759620805,3.0,0.0,3.0,3.0,0.732843,0.523929,35.0,-62.0,0.1416715168488117
1759620810,3.0,0.0,3.0,3.0,0.763079,1.504573,35.0,-63.0,0.15767431474748078
1759620815,3.0,0.0,3.0,3.0,0.763079,1.504573,35.0,-63.0,0.16005558120413363
1759620820,3.0,0.0,3.0,3.0,0.763079,1.504573,35.0,-63.0,0.16030630225521997
1759620825,3.0,0.0,3.0,3.0,0.763079,1.504573,35.0,-63.0,0.1542997402622384
1759620830,3.0,0.0,3.0,3.0,0.763079,1.504573,35.0,-63.0,0.16573709536726855
1759620835,3.0,0.0,3.0,3.0,0.763079,1.504573,35.0,-63.0,0.1680071659308634
1759620840,3.0,0.0,3.0,3.0,0.938165,0.909245,35.0,-62.0,0.17058622405700094
1759620845,3.0,0.0,3.0,3.0,0.938165,0.909245,35.0,-62.0,0.1773466802268837
1759620850,3.0,0.0,3.0,3.0,0.938165,0.909245,35.0,-62.0,0.15916041202882447
1759620855,3.0,0.0,3.0,3.0,0.938165,0.909245,35.0,-62.0,0.17617293562033215
1759620860,3.0,0.0,3.0,3.0,0.938165,0.909245,35.0,-62.0,0.17617293562033215
1759620865,3.0,0.0,3.0,3.0,0.938165,0.909245,35.0,-62.0,0.17617293562033215
1759620865,3.0,0.0,3.0,,3.0,0.938165,0.909245,35.0,-62.0,0.17335467859034534
1759620870,3.0,0.0,3.0,,3.0,1.033993,1.503045,35.0,-63.0,0.16474961826793044
1759620875,3.0,0.0,3.0,,3.0,1.033993,1.503045,35.0,-63.0,0.16474961826793044
1759620880,3.0,0.0,3.0,4.883612306634516,3.0,1.033993,1.503045,35.0,-63.0,0.15443441466054728
1759620885,3.0,0.0,3.0,4.883612306634516,3.0,1.033993,1.503045,35.0,-63.0,0.14101371882391656
1759620890,3.0,0.0,3.0,4.883612306634516,3.0,1.033993,1.503045,35.0,-63.0,0.14101371882391656
1759620895,3.0,0.0,3.0,4.883612306634516,3.0,1.033993,1.503045,35.0,-63.0,0.12112340910875695
1759620900,3.0,0.0,3.0,4.883612306634516,3.0,8.079552,6.816874,35.0,-68.0,0.12132477636511546
1759620905,3.0,0.0,3.0,4.883612306634516,3.0,8.079552,6.816874,35.0,-68.0,0.12132477636511546
1759620910,3.0,0.0,3.0,,3.0,8.079552,6.816874,35.0,-68.0,0.11376121320370784
1759620915,3.0,0.0,3.0,,3.0,8.079552,6.816874,35.0,-68.0,0.09474568474149678
1759620920,3.0,0.0,3.0,,3.0,8.079552,6.816874,35.0,-68.0,0.07542399641297334
1759620925,3.0,0.0,3.0,,3.0,8.079552,6.816874,35.0,-68.0,0.06670417854540348
1759620925,3.0,0.0,3.0,3.0,8.079552,6.816874,35.0,-68.0,0.062182331819071804
1759620930,3.0,0.0,3.0,3.0,7.63392,-1e-06,35.0,-61.0,0.05066852262139024
1759620935,3.0,0.0,3.0,3.0,7.63392,-1e-06,35.0,-61.0,0.05066852262139024
1759620940,3.0,0.0,3.0,3.0,7.63392,-1e-06,35.0,-61.0,0.025337023337600913
1759620945,3.0,0.0,3.0,3.0,7.63392,-1e-06,35.0,-61.0,0.025434549390014438
1759620950,3.0,0.0,3.0,3.0,7.63392,-1e-06,35.0,-61.0,0.041371635819553436
1759620955,3.0,0.0,3.0,3.0,7.63392,-1e-06,35.0,-61.0,0.04867528492345196
1759620960,3.0,0.0,3.0,3.0,0.575289,1.041562,35.0,-63.0,0.08537966392359962
1759620965,3.0,0.0,3.0,3.0,0.575289,1.041562,35.0,-63.0,0.09310131468217173
1759620970,3.0,0.0,3.0,3.0,0.575289,1.041562,35.0,-63.0,0.11273724819636763
1759620975,3.0,0.0,3.0,3.0,0.575289,1.041562,35.0,-63.0,0.11273724819636763
1759620980,3.0,0.0,3.0,3.0,0.575289,1.041562,35.0,-63.0,0.1274069692067456
1759620985,3.0,0.0,3.0,3.0,0.575289,1.041562,35.0,-63.0,0.1333846314031495
1759620985,3.0,0.0,3.0,3.0,0.575289,1.041562,35.0,-63.0,0.1553972422398341
1759620990,3.0,0.0,3.0,3.0,0.971051,0.802068,35.0,-62.0,0.15601308321764845
1759620995,3.0,0.0,3.0,3.0,0.971051,0.802068,35.0,-62.0,0.15602502273345492
1759621000,3.0,0.0,3.0,3.0,0.971051,0.802068,35.0,-62.0,0.15900575691928168
1759621005,3.0,0.0,3.0,3.0,0.971051,0.802068,35.0,-62.0,0.1491277844868848
1759621010,3.0,0.0,3.0,3.0,0.971051,0.802068,35.0,-62.0,0.1632155580370628
1759621015,3.0,0.0,3.0,3.0,0.971051,0.802068,35.0,-62.0,0.16710172422530745
1759621020,3.0,0.0,3.0,3.0,0.804257,0.77723,35.0,-62.0,0.15633988530197132
1759621025,3.0,0.0,3.0,3.0,0.804257,0.77723,35.0,-62.0,0.16751499705022993
1759621030,3.0,0.0,3.0,3.0,0.804257,0.77723,35.0,-62.0,0.16496828395277938
1759621035,3.0,0.0,3.0,3.0,0.804257,0.77723,35.0,-62.0,0.16496828395277938
1759621040,3.0,0.0,3.0,3.0,0.804257,0.77723,35.0,-62.0,0.1696550914832189
1759621045,3.0,0.0,3.0,3.0,0.804257,0.77723,35.0,-62.0,0.14298852147158286
1759621045,3.0,0.0,3.0,3.0,0.804257,0.77723,35.0,-62.0,0.17190427177637357
1759621050,3.0,0.0,3.0,3.0,1.312191,1.56807,35.0,-63.0,0.17485451583188905
1759621055,3.0,0.0,3.0,3.0,1.312191,1.56807,35.0,-63.0,0.1760131646905516
1759621060,3.0,0.0,3.0,3.0,1.312191,1.56807,35.0,-63.0,0.17601316469055162
1759621065,3.0,0.0,3.0,3.0,1.312191,1.56807,35.0,-63.0,0.1849817725043079
1759621070,3.0,0.0,3.0,3.0,1.312191,1.56807,35.0,-63.0,0.1913182828795001
1759621075,3.0,0.0,3.0,3.0,1.312191,1.56807,35.0,-63.0,0.19381416397146792
1759621080,3.0,0.0,3.0,3.0,1.711816,1.143157,35.0,-63.0,0.19381416397146792
1759621085,3.0,0.0,3.0,3.0,1.711816,1.143157,35.0,-63.0,0.1848283365013961
1759621090,3.0,0.0,3.0,3.0,1.711816,1.143157,35.0,-63.0,0.19175446614475328
1759621095,3.0,0.0,3.0,3.0,1.711816,1.143157,35.0,-63.0,0.19175446614475328
1759621100,3.0,0.0,3.0,3.0,1.711816,1.143157,35.0,-63.0,0.18874909667481865
1759621105,3.0,0.0,3.0,3.0,1.711816,1.143157,35.0,-63.0,0.14149860657813174
1759621110,1.0,0.0,0.0,,,,,,
1759621115,1.0,0.0,0.0,,,,,,0.0076182497282736
1759621120,1.0,0.0,0.0,,,,,,0.009560062799250408
1759621125,1.0,0.0,0.0,,,,,,0.011501875870227218
1759621130,1.0,0.0,0.0,,,,,,0.018306596255144032
1759621135,1.0,0.0,0.0,,,,,,0.02096350069044353
1759621140,3.0,0.0,2.0,3.0,0.899997,0.899997,70.0,-12.0,0.02362040512574302
1759621145,3.0,0.0,2.0,3.0,0.899997,0.899997,70.0,-12.0,0.031216285891685035
1759621150,3.0,0.0,2.0,3.0,0.899997,0.899997,70.0,-12.0,0.07920495122391326
1759621155,3.0,0.0,2.0,3.0,0.899997,0.899997,70.0,-12.0,0.08938848213299128
1759621160,3.0,0.0,2.0,3.0,0.899997,0.899997,70.0,-12.0,0.10269076229993895
1759621165,3.0,0.0,2.0,3.0,0.899997,0.899997,70.0,-12.0,0.11468898622397748
1759621165,3.0,0.0,2.0,3.0,0.899997,0.899997,70.0,-12.0,0.12875232041026202
1759621170,3.0,0.0,3.0,3.0,1.115492,1.238409,70.0,87.0,0.1348981236183027
1759621175,3.0,0.0,3.0,3.0,1.115492,1.238409,70.0,87.0,0.15560759870220614
1759621180,3.0,0.0,3.0,3.0,1.115492,1.238409,70.0,87.0,0.15760080337057128
1759621185,3.0,0.0,3.0,3.0,1.115492,1.238409,70.0,87.0,0.16378886569281276
1759621190,3.0,0.0,3.0,3.0,1.115492,1.238409,70.0,87.0,0.15111331557760177
1759621195,3.0,0.0,3.0,3.0,1.115492,1.238409,70.0,87.0,0.15988450587774392
1759621200,3.0,0.0,3.0,3.0,1.084874,1.075135,70.0,87.0,0.15645658373003737
1759621205,3.0,0.0,3.0,3.0,1.084874,1.075135,70.0,87.0,0.17446248327201333
1759621210,3.0,0.0,3.0,3.0,1.084874,1.075135,70.0,87.0,0.16627205695061142
1759621215,3.0,0.0,3.0,3.0,1.084874,1.075135,70.0,87.0,0.15808670551496787
1759621220,3.0,0.0,3.0,3.0,1.084874,1.075135,70.0,87.0,0.16360048115032466
1759621225,3.0,0.0,3.0,3.0,1.084874,1.075135,70.0,87.0,0.1583447687416591
1759621225,3.0,0.0,3.0,3.0,1.084874,1.075135,70.0,87.0,0.17937047737441847
1759621230,3.0,0.0,3.0,3.0,1.146986,1.51702,70.0,87.0,0.18513178096508046
1759621235,3.0,0.0,3.0,3.0,1.146986,1.51702,70.0,87.0,0.18972466364444598
1759621240,3.0,0.0,3.0,3.0,1.146986,1.51702,70.0,87.0,0.16574785677341006
1759621245,3.0,0.0,3.0,3.0,1.146986,1.51702,70.0,87.0,0.1715324537910756
1759621250,3.0,0.0,3.0,3.0,1.146986,1.51702,70.0,87.0,0.16547274870070006
1759621255,3.0,0.0,3.0,3.0,1.146986,1.51702,70.0,87.0,0.16123181806311074
1759621260,3.0,0.0,3.0,3.0,0.84892,0.108962,70.0,88.0,0.14931460336575575
1759621265,3.0,0.0,3.0,3.0,0.84892,0.108962,70.0,88.0,0.11335337146806845
1759621270,3.0,0.0,3.0,3.0,0.84892,0.108962,70.0,88.0,0.10417326371839469
1759621275,3.0,0.0,3.0,3.0,0.84892,0.108962,70.0,88.0,0.09574058452127819
1759621280,3.0,0.0,3.0,3.0,0.84892,0.108962,70.0,88.0,0.06991694490650457
1759621285,3.0,0.0,3.0,3.0,0.84892,0.108962,70.0,88.0,0.055584259742987294
1759621285,3.0,0.0,3.0,3.0,0.84892,0.108962,70.0,88.0,0.05413791347011022
1759621290,3.0,0.0,3.0,3.0,0.2611,0.122665,70.0,88.0,0.05413791347011022
1759621295,3.0,0.0,3.0,3.0,0.2611,0.122665,70.0,88.0,0.04267208928206618
1759621300,3.0,0.0,3.0,3.0,0.2611,0.122665,70.0,88.0,0.04441101007605361
1759621305,3.0,0.0,3.0,3.0,0.2611,0.122665,70.0,88.0,0.04543913503728727
1759621310,3.0,0.0,3.0,3.0,0.2611,0.122665,70.0,88.0,0.04276300859633779
1759621315,3.0,0.0,3.0,3.0,0.2611,0.122665,70.0,88.0,0.05127499536148225
1759621320,3.0,0.0,3.0,3.0,0.221301,0.618466,70.0,88.0,0.04706373286657839
1759621325,3.0,0.0,3.0,3.0,0.221301,0.618466,70.0,88.0,0.05046725057222161
1759621330,3.0,0.0,3.0,3.0,0.221301,0.618466,70.0,88.0,0.0504672505722216
1759621335,3.0,0.0,3.0,3.0,0.221301,0.618466,70.0,88.0,0.05492994522822406
1759621340,3.0,0.0,3.0,3.0,0.221301,0.618466,70.0,88.0,0.07061059055767731
1759621345,3.0,0.0,3.0,3.0,0.221301,0.618466,70.0,88.0,0.07732417814298136
1759621345,3.0,0.0,3.0,3.0,0.221301,0.618466,70.0,88.0,0.07732417814298136
1759621350,3.0,0.0,3.0,3.0,0.566521,0.895566,70.0,88.0,0.07736861736854171
1759621355,3.0,0.0,3.0,3.0,0.566521,0.895566,70.0,88.0,0.09845266669707031
1759621360,3.0,0.0,3.0,3.0,0.566521,0.895566,70.0,88.0,0.10012689898619503
1759621365,3.0,0.0,3.0,3.0,0.566521,0.895566,70.0,88.0,0.11890637931693399
1759621370,3.0,0.0,3.0,3.0,0.566521,0.895566,70.0,88.0,0.13249438793943527
1759621375,3.0,0.0,3.0,3.0,0.566521,0.895566,70.0,88.0,0.14244634114521507
1759621380,3.0,0.0,3.0,3.0,0.776657,0.797915,70.0,88.0,0.1430155082721133
1759621385,3.0,0.0,3.0,3.0,0.776657,0.797915,70.0,88.0,0.14718734245714743
1759621390,3.0,0.0,3.0,3.0,0.776657,0.797915,70.0,88.0,0.14254522866866187
1759621395,3.0,0.0,3.0,3.0,0.776657,0.797915,70.0,88.0,0.15755157857421917
1759621400,3.0,0.0,3.0,3.0,0.776657,0.797915,70.0,88.0,0.15446082506029007
1759621405,3.0,0.0,3.0,3.0,0.776657,0.797915,70.0,88.0,0.1445987568711527
1759621405,3.0,0.0,3.0,3.0,0.776657,0.797915,70.0,88.0,0.1557012506581355
1759621410,3.0,0.0,3.0,3.0,0.871295,0.948515,70.0,88.0,0.17479870736954578
1759621415,3.0,0.0,3.0,3.0,0.871295,0.948515,70.0,88.0,0.17787382315470027
1759621420,3.0,0.0,3.0,3.0,0.871295,0.948515,70.0,88.0,0.1831456621993194
1759621425,3.0,0.0,3.0,3.0,0.871295,0.948515,70.0,88.0,0.188101911319829
1759621430,3.0,0.0,3.0,3.0,0.871295,0.948515,70.0,88.0,0.19492043388880634
1759621435,3.0,0.0,3.0,3.0,0.871295,0.948515,70.0,88.0,0.1745126894243206
1759621440,3.0,0.0,3.0,3.0,0.871804,0.46338,70.0,88.0,0.17752560796064693
1759621445,3.0,0.0,3.0,3.0,0.871804,0.46338,70.0,88.0,0.17826489409612134
1759621450,3.0,0.0,3.0,3.0,0.871804,0.46338,70.0,88.0,0.17775004244481804
1759621455,3.0,0.0,3.0,3.0,0.871804,0.46338,70.0,88.0,0.16393711328261823
1759621460,3.0,0.0,3.0,3.0,0.871804,0.46338,70.0,88.0,0.17139383902423427
1759621465,3.0,0.0,3.0,3.0,0.871804,0.46338,70.0,88.0,0.15981598286760107
1759621465,3.0,0.0,3.0,3.0,0.871804,0.46338,70.0,88.0,0.1603429586804349
1759621470,3.0,0.0,3.0,3.0,1.027562,1.570473,70.0,87.0,0.16745017707041165
1759621475,3.0,0.0,3.0,3.0,1.027562,1.570473,70.0,87.0,0.17419008927347243
1759621480,3.0,0.0,3.0,3.0,1.027562,1.570473,70.0,87.0,0.17265149194100501
1759621485,3.0,0.0,3.0,3.0,1.027562,1.570473,70.0,87.0,0.17654588999711707
1759621490,3.0,0.0,3.0,3.0,1.027562,1.570473,70.0,87.0,0.18502143616982059
1759621495,3.0,0.0,3.0,3.0,1.027562,1.570473,70.0,87.0,0.1847901969677918
1759621500,3.0,0.0,3.0,3.0,1.220717,1.129375,70.0,87.0,0.18747264947905945
1759621505,3.0,0.0,3.0,3.0,1.220717,1.129375,70.0,87.0,0.1881262529263946
1759621510,3.0,0.0,3.0,3.0,1.220717,1.129375,70.0,87.0,0.18479455719805993
1759621515,3.0,0.0,3.0,3.0,1.220717,1.129375,70.0,87.0,0.16110092421745267
1759621520,3.0,0.0,3.0,3.0,1.220717,1.129375,70.0,87.0,0.17267018584282812
1759621525,3.0,0.0,3.0,3.0,1.220717,1.129375,70.0,87.0,0.15704407249865307
1759621525,3.0,0.0,3.0,3.0,1.220717,1.129375,70.0,87.0,0.15704407249865307
1759621530,3.0,0.0,3.0,3.0,1.129425,1.247404,70.0,87.0,0.16460638314766735
1759621535,3.0,0.0,3.0,3.0,1.129425,1.247404,70.0,87.0,0.16314869821938285
1759621540,3.0,0.0,3.0,3.0,1.129425,1.247404,70.0,87.0,0.16124323758730236
1759621545,3.0,0.0,3.0,3.0,1.129425,1.247404,70.0,87.0,0.15171742562018858
1759621550,3.0,0.0,3.0,3.0,1.129425,1.247404,70.0,87.0,0.15171742562018858
1759621555,3.0,0.0,3.0,3.0,1.129425,1.247404,70.0,87.0,0.1572353035957847
1759621560,3.0,0.0,3.0,3.0,0.906229,1.068185,70.0,87.0,0.1544802856203359
1759621565,3.0,0.0,3.0,3.0,0.906229,1.068185,70.0,87.0,0.17198240131291848
1759621570,3.0,0.0,3.0,3.0,0.906229,1.068185,70.0,87.0,0.1663496360829143
1759621575,3.0,0.0,3.0,3.0,0.906229,1.068185,70.0,87.0,0.18137051828279704
1759621580,3.0,0.0,3.0,3.0,0.906229,1.068185,70.0,87.0,0.1896512777554453
1759621585,3.0,0.0,3.0,3.0,0.906229,1.068185,70.0,87.0,0.16406600597834323
1759621585,3.0,0.0,3.0,3.0,0.906229,1.068185,70.0,87.0,0.2006240541818763
1759621590,3.0,0.0,3.0,3.0,1.299792,1.698125,70.0,87.0,0.20535929339323547
1759621595,3.0,0.0,3.0,3.0,1.299792,1.698125,70.0,87.0,0.21612141969431836
1759621600,3.0,0.0,3.0,3.0,1.299792,1.698125,70.0,87.0,0.2013883261789918
1759621605,3.0,0.0,3.0,3.0,1.299792,1.698125,70.0,87.0,0.20670045752500144
1759621610,3.0,0.0,3.0,3.0,1.299792,1.698125,70.0,87.0,0.20670045752500144
1759621615,3.0,0.0,3.0,3.0,1.299792,1.698125,70.0,87.0,0.19258308862849421
1759621620,3.0,0.0,3.0,3.0,1.538859,1.194033,70.0,87.0,0.1976940520431748
1759621625,3.0,0.0,3.0,3.0,1.538859,1.194033,70.0,87.0,0.17979119422634765
1759621630,3.0,0.0,3.0,3.0,1.538859,1.194033,70.0,87.0,0.1897807968532484
1759621635,3.0,0.0,3.0,3.0,1.538859,1.194033,70.0,87.0,0.19047398933063567
1759621640,3.0,0.0,3.0,3.0,1.538859,1.194033,70.0,87.0,0.19047398933063567
1759621645,3.0,0.0,3.0,3.0,1.538859,1.194033,70.0,87.0,0.15826070708383333
1759621645,3.0,0.0,3.0,3.0,1.538859,1.194033,70.0,87.0,0.16024681673147037
1759621650,3.0,0.0,3.0,3.0,1.130822,0.63718,70.0,88.0,0.1786217308644645
1759621655,3.0,0.0,3.0,3.0,1.130822,0.63718,70.0,88.0,0.1786217308644645
1759621660,3.0,0.0,3.0,3.0,1.130822,0.63718,70.0,88.0,0.15707819813176543
1759621665,3.0,0.0,3.0,3.0,1.130822,0.63718,70.0,88.0,0.15735555907998042
1759621670,3.0,0.0,3.0,3.0,1.130822,0.63718,70.0,88.0,0.15735555907998042
1759621675,3.0,0.0,3.0,3.0,1.130822,0.63718,70.0,88.0,0.15392498174482694
1759621680,3.0,0.0,3.0,3.0,0.807346,0.929227,70.0,88.0,0.13231271485344553
1759621685,3.0,0.0,3.0,3.0,0.807346,0.929227,70.0,88.0,0.1413978687857904
1759621690,3.0,0.0,3.0,3.0,0.807346,0.929227,70.0,88.0,0.14571673455529216
1759621695,3.0,0.0,3.0,3.0,0.807346,0.929227,70.0,88.0,0.14614848198793307
1759621700,3.0,0.0,3.0,3.0,0.807346,0.929227,70.0,88.0,0.1487970237681338
1759621705,3.0,0.0,3.0,3.0,0.807346,0.929227,70.0,88.0,0.14036808642635504
1759621705,3.0,0.0,3.0,3.0,0.807346,0.929227,70.0,88.0,0.15966080305760405
1759621710,3.0,0.0,3.0,3.0,0.72724,0.837457,70.0,88.0,0.1612811178746562
1759621715,3.0,0.0,3.0,3.0,0.72724,0.837457,70.0,88.0,0.1612811178746562
1759621720,3.0,0.0,3.0,3.0,0.72724,0.837457,70.0,88.0,0.1674871276497041
1759621725,3.0,0.0,3.0,3.0,0.72724,0.837457,70.0,88.0,0.17522378475233188
1759621730,3.0,0.0,3.0,3.0,0.72724,0.837457,70.0,88.0,0.17522378475233188
1759621735,3.0,0.0,3.0,3.0,0.72724,0.837457,70.0,88.0,0.17625469715495817
1759621740,3.0,0.0,3.0,3.0,0.934181,0.955149,70.0,88.0,0.17576929059039922
1759621745,3.0,0.0,3.0,3.0,0.934181,0.955149,70.0,88.0,0.17629574892923383
1759621750,3.0,0.0,3.0,3.0,0.934181,0.955149,70.0,88.0,0.17942097646714777
1759621755,3.0,0.0,3.0,3.0,0.934181,0.955149,70.0,88.0,0.17885086741870118
1759621760,3.0,0.0,3.0,3.0,0.934181,0.955149,70.0,88.0,0.1780732185785721
1759621765,3.0,0.0,3.0,3.0,0.934181,0.955149,70.0,88.0,0.16308909962670998
1759621765,3.0,0.0,3.0,3.0,0.934181,0.955149,70.0,88.0,0.16603756180376167
1759621770,3.0,0.0,3.0,3.0,1.155418,1.861952,70.0,87.0,0.18063271475408896
1759621775,3.0,0.0,3.0,3.0,1.155418,1.861952,70.0,87.0,0.17896981698626035
1759621780,3.0,0.0,3.0,3.0,1.155418,1.861952,70.0,87.0,0.18175403770628756
1759621785,3.0,0.0,3.0,3.0,1.155418,1.861952,70.0,87.0,0.19998375446160793
1759621790,3.0,0.0,3.0,3.0,1.155418,1.861952,70.0,87.0,0.19999233489501242
1759621795,3.0,0.0,3.0,3.0,1.155418,1.861952,70.0,87.0,0.19777036846149196
1759621800,3.0,0.0,3.0,3.0,1.472958,1.589342,70.0,87.0,0.19562232777209143
1759621805,3.0,0.0,3.0,3.0,1.472958,1.589342,70.0,87.0,0.20397634111887608
1759621810,3.0,0.0,3.0,3.0,1.472958,1.589342,70.0,87.0,0.17985223730997313
1759621815,3.0,0.0,3.0,3.0,1.472958,1.589342,70.0,87.0,0.19818088007495022
1759621820,3.0,0.0,3.0,3.0,1.472958,1.589342,70.0,87.0,0.19818088007495022
1759621825,3.0,0.0,3.0,3.0,1.472958,1.589342,70.0,87.0,0.19646865239443653
1759621825,3.0,0.0,3.0,3.0,1.472958,1.589342,70.0,87.0,0.19646865239443653
1759621830,3.0,0.0,3.0,3.0,1.299808,0.929079,70.0,88.0,0.19010221583139159
1759621835,3.0,0.0,3.0,3.0,1.299808,0.929079,70.0,88.0,0.1837924827867325
1759621840,3.0,0.0,3.0,3.0,1.299808,0.929079,70.0,88.0,0.18372476555128267
1759621845,3.0,0.0,3.0,3.0,1.299808,0.929079,70.0,88.0,0.18282028844206072
1759621850,3.0,0.0,3.0,3.0,1.299808,0.929079,70.0,88.0,0.1761623895207232
1759621855,3.0,0.0,3.0,3.0,1.299808,0.929079,70.0,88.0,0.1748659590519609
1759621860,3.0,0.0,3.0,3.0,0.971534,1.078428,70.0,87.0,0.17522307013302102
1759621865,3.0,0.0,3.0,3.0,0.971534,1.078428,70.0,87.0,0.17507073480906393
1759621870,3.0,0.0,3.0,3.0,0.971534,1.078428,70.0,87.0,0.17507073480906393
1759621875,3.0,0.0,3.0,3.0,0.971534,1.078428,70.0,87.0,0.16824585250208812
1759621880,3.0,0.0,3.0,3.0,0.971534,1.078428,70.0,87.0,0.18770655706565464
1759621885,3.0,0.0,3.0,3.0,0.971534,1.078428,70.0,87.0,0.17880428388238262
1759621885,3.0,0.0,3.0,3.0,0.971534,1.078428,70.0,87.0,0.18011030127170888
1759621890,3.0,0.0,3.0,3.0,1.291447,1.248147,70.0,87.0,0.18270991199071399
1759621895,3.0,0.0,3.0,3.0,1.291447,1.248147,70.0,87.0,0.19522812031345255
1759621900,3.0,0.0,3.0,3.0,1.291447,1.248147,70.0,87.0,0.19237692696006645
1759621905,3.0,0.0,3.0,3.0,1.291447,1.248147,70.0,87.0,0.1958326474260102
1759621910,3.0,0.0,3.0,3.0,1.291447,1.248147,70.0,87.0,0.21270310582837956
1759621915,3.0,0.0,3.0,3.0,1.291447,1.248147,70.0,87.0,0.21270310582837956
1759621920,3.0,0.0,3.0,3.0,1.521761,1.53956,70.0,87.0,0.19938952018987852
1759621925,3.0,0.0,3.0,3.0,1.521761,1.53956,70.0,87.0,0.21173813846954234
1759621930,3.0,0.0,3.0,3.0,1.521761,1.53956,70.0,87.0,0.21173813846954234
1759621935,3.0,0.0,3.0,3.0,1.521761,1.53956,70.0,87.0,0.20573251356415911
1759621940,3.0,0.0,3.0,3.0,1.521761,1.53956,70.0,87.0,0.2060055673361275
1759621945,3.0,0.0,3.0,3.0,1.521761,1.53956,70.0,87.0,0.1947423829407024
1759621945,3.0,0.0,3.0,3.0,1.521761,1.53956,70.0,87.0,0.1947423829407024
1759621950,3.0,0.0,3.0,3.0,1.472465,1.278471,70.0,87.0,0.17513651036562702
1759621955,3.0,0.0,3.0,3.0,1.472465,1.278471,70.0,87.0,0.18913540036112064
1759621960,3.0,0.0,3.0,3.0,1.472465,1.278471,70.0,87.0,0.1875545129558185
1759621965,3.0,0.0,3.0,3.0,1.472465,1.278471,70.0,87.0,0.1725526090448158
1759621970,3.0,0.0,3.0,3.0,1.472465,1.278471,70.0,87.0,0.18014238499803292
1759621975,3.0,0.0,3.0,3.0,1.472465,1.278471,70.0,87.0,0.1690251372007518
1759621980,3.0,0.0,3.0,3.0,1.331093,1.710727,70.0,87.0,0.17655284798682006
1759621985,3.0,0.0,3.0,3.0,1.331093,1.710727,70.0,87.0,0.17246709021612777
1759621990,3.0,0.0,3.0,3.0,1.331093,1.710727,70.0,87.0,0.17246709021612777
1759621995,3.0,0.0,3.0,3.0,1.331093,1.710727,70.0,87.0,0.13503483920195752
1759622000,3.0,0.0,3.0,3.0,1.331093,1.710727,70.0,87.0,0.161254800389337
1759622005,3.0,0.0,3.0,3.0,1.331093,1.710727,70.0,87.0,0.161254800389337
1759622005,3.0,0.0,3.0,3.0,1.331093,1.710727,70.0,87.0,0.161254800389337
1759622010,3.0,0.0,3.0,3.0,1.027922,0.64231,70.0,88.0,0.14736367062805583
1759622015,3.0,0.0,3.0,3.0,1.027922,0.64231,70.0,88.0,0.14898506712406734
1759622020,3.0,0.0,3.0,3.0,1.027922,0.64231,70.0,88.0,0.14734035167181284
1759622025,3.0,0.0,3.0,3.0,1.027922,0.64231,70.0,88.0,0.13315267470675618
1759622030,3.0,0.0,3.0,3.0,1.027922,0.64231,70.0,88.0,0.09724703072057375
1759622035,3.0,0.0,3.0,3.0,1.027922,0.64231,70.0,88.0,0.09724703072057375
1759622040,3.0,0.0,3.0,3.0,0.616194,1.003012,70.0,87.0,0.09758824953266361
1759622045,3.0,0.0,3.0,3.0,0.616194,1.003012,70.0,87.0,0.1095185193077246
1759622050,3.0,0.0,3.0,3.0,0.616194,1.003012,70.0,87.0,0.1095185193077246
1759622055,3.0,0.0,3.0,3.0,0.616194,1.003012,70.0,87.0,0.11332513804045395
1759622060,3.0,0.0,3.0,3.0,0.616194,1.003012,70.0,87.0,0.10861940311791307
1759622065,3.0,0.0,3.0,3.0,0.616194,1.003012,70.0,87.0,0.10210646639771129
1759622065,3.0,0.0,3.0,3.0,0.616194,1.003012,70.0,87.0,0.12073149706699382
1759622070,3.0,0.0,3.0,3.0,0.71917,1.067411,70.0,87.0,0.1381489218477806
1759622075,3.0,0.0,3.0,3.0,0.71917,1.067411,70.0,87.0,0.17008884099907498
1759622080,3.0,0.0,3.0,3.0,0.71917,1.067411,70.0,87.0,0.1749414283383456
1759622085,3.0,0.0,3.0,3.0,0.71917,1.067411,70.0,87.0,0.17050840349185364
1759622090,3.0,0.0,3.0,3.0,0.71917,1.067411,70.0,87.0,0.17489099986278145
1759622095,3.0,0.0,3.0,3.0,0.71917,1.067411,70.0,87.0,0.16496268775098913
1759622100,3.0,0.0,3.0,3.0,1.123086,1.53141,70.0,87.0,0.17070994083306712
1759622105,3.0,0.0,3.0,3.0,1.123086,1.53141,70.0,87.0,0.18113521470494703
1759622110,3.0,0.0,3.0,3.0,1.123086,1.53141,70.0,87.0,0.18113521470494703
1759622115,3.0,0.0,3.0,3.0,1.123086,1.53141,70.0,87.0,0.17325162319970386
1759622120,3.0,0.0,3.0,3.0,1.123086,1.53141,70.0,87.0,0.16633728008449863
1759622125,3.0,0.0,3.0,3.0,1.123086,1.53141,70.0,87.0,0.16006031091545564
1759622125,3.0,0.0,3.0,3.0,1.123086,1.53141,70.0,87.0,0.17221644368364802
1759622130,3.0,0.0,3.0,3.0,1.12561,1.279309,70.0,87.0,0.14862908344871412
1759622135,3.0,0.0,3.0,3.0,1.12561,1.279309,70.0,87.0,0.17280860032611622
1759622140,3.0,0.0,3.0,3.0,1.12561,1.279309,70.0,87.0,0.1701209717882949
1759622145,3.0,0.0,3.0,3.0,1.12561,1.279309,70.0,87.0,0.1715890454890477
1759622150,3.0,0.0,3.0,3.0,1.12561,1.279309,70.0,87.0,0.16779339143647423
1759622155,3.0,0.0,3.0,3.0,1.12561,1.279309,70.0,87.0,0.17228017017757347
1759622160,3.0,0.0,3.0,3.0,1.089025,1.122361,70.0,87.0,0.17398097749831734
1759622165,3.0,0.0,3.0,3.0,1.089025,1.122361,70.0,87.0,0.1848856680218116
1759622170,3.0,0.0,3.0,3.0,1.089025,1.122361,70.0,87.0,0.18573029171402572
1759622175,3.0,0.0,3.0,3.0,1.089025,1.122361,70.0,87.0,0.18605007830737502
1759622180,3.0,0.0,3.0,3.0,1.089025,1.122361,70.0,87.0,0.1872552924577597
1759622185,3.0,0.0,3.0,3.0,1.089025,1.122361,70.0,87.0,0.17601039129020468
1759622185,3.0,0.0,3.0,3.0,1.089025,1.122361,70.0,87.0,0.18807507708731383
1759622190,3.0,0.0,3.0,3.0,1.375663,1.648195,70.0,87.0,0.19209786946393376
1759622195,3.0,0.0,3.0,3.0,1.375663,1.648195,70.0,87.0,0.1851637533404578
1759622200,3.0,0.0,3.0,3.0,1.375663,1.648195,70.0,87.0,0.19688523551774367
1759622205,3.0,0.0,3.0,3.0,1.375663,1.648195,70.0,87.0,0.19133676133947586
1759622210,3.0,0.0,3.0,3.0,1.375663,1.648195,70.0,87.0,0.20027402942714945
1759622215,3.0,0.0,3.0,3.0,1.375663,1.648195,70.0,87.0,0.19164109094121295
1759622220,3.0,0.0,3.0,3.0,1.283404,0.964111,70.0,88.0,0.20289706764783544
1759622225,3.0,0.0,3.0,3.0,1.283404,0.964111,70.0,88.0,0.18782497008622348
1759622230,3.0,0.0,3.0,3.0,1.283404,0.964111,70.0,88.0,0.19194438665326602
1759622235,3.0,0.0,3.0,3.0,1.283404,0.964111,70.0,88.0,0.18684535222856682
1759622240,3.0,0.0,3.0,3.0,1.283404,0.964111,70.0,88.0,0.18684535222856682
1759622245,3.0,0.0,3.0,3.0,1.283404,0.964111,70.0,88.0,0.16039423237558198
1759622245,3.0,0.0,3.0,3.0,1.283404,0.964111,70.0,88.0,0.18715146912937186
1759622250,3.0,0.0,3.0,3.0,1.132601,1.028102,70.0,87.0,0.1697353664070932
1759622255,3.0,0.0,3.0,3.0,1.132601,1.028102,70.0,87.0,0.1809280773820019
1759622260,3.0,0.0,3.0,3.0,1.132601,1.028102,70.0,87.0,0.17819260313036211
1759622265,3.0,0.0,3.0,3.0,1.132601,1.028102,70.0,87.0,0.17819260313036211
1759622270,3.0,0.0,3.0,3.0,1.132601,1.028102,70.0,87.0,0.1684819241207181
1759622275,3.0,0.0,3.0,3.0,1.132601,1.028102,70.0,87.0,0.18740949013443015
1759622280,3.0,0.0,3.0,3.0,1.435004,1.739813,70.0,87.0,0.1896065247209079
1759622285,3.0,0.0,3.0,3.0,1.435004,1.739813,70.0,87.0,0.19269693243386854
1759622290,3.0,0.0,3.0,3.0,1.435004,1.739813,70.0,87.0,0.19145627864692216
1759622295,3.0,0.0,3.0,3.0,1.435004,1.739813,70.0,87.0,0.18394263483460632
1759622300,3.0,0.0,3.0,3.0,1.435004,1.739813,70.0,87.0,0.1911745268717724
1759622305,3.0,0.0,3.0,3.0,1.435004,1.739813,70.0,87.0,0.19298829766977643
1759622305,3.0,0.0,3.0,3.0,1.435004,1.739813,70.0,87.0,0.19298829766977643
1759622310,3.0,0.0,3.0,3.0,1.457512,1.343335,70.0,87.0,0.19298829766977643
1759622315,3.0,0.0,3.0,3.0,1.457512,1.343335,70.0,87.0,0.17047610101346802
1759622320,3.0,0.0,3.0,3.0,1.457512,1.343335,70.0,87.0,0.16575340470804256
1759622325,3.0,0.0,3.0,3.0,1.457512,1.343335,70.0,87.0,0.1784297905208112
1759622330,3.0,0.0,3.0,3.0,1.457512,1.343335,70.0,87.0,0.1729290947532553
1759622335,3.0,0.0,3.0,3.0,1.457512,1.343335,70.0,87.0,0.16858414926102336
1759622340,3.0,0.0,3.0,3.0,1.216731,1.053053,70.0,87.0,0.16174937565522085
1759622345,3.0,0.0,3.0,3.0,1.216731,1.053053,70.0,87.0,0.1633699420343657
1759622350,3.0,0.0,3.0,3.0,1.216731,1.053053,70.0,87.0,0.1633699420343657
1759622355,3.0,0.0,3.0,3.0,1.216731,1.053053,70.0,87.0,0.1495893188241393
1759622360,3.0,0.0,3.0,3.0,1.216731,1.053053,70.0,87.0,0.13777386142849113
1759622365,3.0,0.0,3.0,3.0,1.216731,1.053053,70.0,87.0,0.128970180564219
