Timestamp,User Count,Type,Name,Requests/s,Failures/s,50%,66%,75%,80%,90%,95%,98%,99%,99.9%,99.99%,100%,Total Request Count,Total Failure Count,Total Median Response Time,Total Average Response Time,Total Min Response Time,Total Max Response Time,Total Average Content Size
1752810427,0,,Aggregated,0.000000,0.000000,N/A,N/A,N/A,N/A,N/A,N/A,N/A,N/A,N/A,N/A,N/A,0,0,0,0.0,0,0,0
1752810428,0,,Aggregated,0.000000,0.000000,N/A,N/A,N/A,N/A,N/A,N/A,N/A,N/A,N/A,N/A,N/A,0,0,0,0.0,0,0,0
1752810429,15,,Aggregated,0.000000,0.000000,N/A,N/A,N/A,N/A,N/A,N/A,N/A,N/A,N/A,N/A,N/A,0,0,0,0.0,0,0,0
1752810430,30,,Aggregated,0.000000,0.000000,N/A,N/A,N/A,N/A,N/A,N/A,N/A,N/A,N/A,N/A,N/A,0,0,0,0.0,0,0,0
1752810431,45,,Aggregated,0.000000,0.000000,N/A,N/A,N/A,N/A,N/A,N/A,N/A,N/A,N/A,N/A,N/A,0,0,0,0.0,0,0,0
1752810432,60,,Aggregated,0.000000,0.000000,N/A,N/A,N/A,N/A,N/A,N/A,N/A,N/A,N/A,N/A,N/A,0,0,0,0.0,0,0,0
1752810433,75,,Aggregated,0.000000,0.000000,N/A,N/A,N/A,N/A,N/A,N/A,N/A,N/A,N/A,N/A,N/A,0,0,0,0.0,0,0,0
1752810434,90,,Aggregated,0.000000,0.000000,N/A,N/A,N/A,N/A,N/A,N/A,N/A,N/A,N/A,N/A,N/A,0,0,0,0.0,0,0,0
1752810435,105,,Aggregated,0.000000,0.000000,N/A,N/A,N/A,N/A,N/A,N/A,N/A,N/A,N/A,N/A,N/A,0,0,0,0.0,0,0,0
1752810436,120,,Aggregated,0.000000,0.000000,N/A,N/A,N/A,N/A,N/A,N/A,N/A,N/A,N/A,N/A,N/A,0,0,0,0.0,0,0,0
1752810437,135,,Aggregated,0.000000,0.000000,N/A,N/A,N/A,N/A,N/A,N/A,N/A,N/A,N/A,N/A,N/A,0,0,0,0.0,0,0,0
1752810438,150,,Aggregated,0.000000,0.000000,N/A,N/A,N/A,N/A,N/A,N/A,N/A,N/A,N/A,N/A,N/A,0,0,0,0.0,0,0,0
1752810439,165,,Aggregated,0.000000,0.000000,4600,5600,6600,7600,9600,11000,11000,11000,11000,11000,11000,15,15,4600.0,4994.144283800658,562.5326000008499,10607.67376300646,178.0
1752810440,180,,Aggregated,0.000000,0.000000,5600,7600,7600,8600,9600,9600,11000,11000,11000,11000,11000,69,67,5600.0,5615.05861223154,557.0621830120217,10607.67376300646,174.69565217391303
1752810441,195,,Aggregated,0.000000,0.000000,5600,7600,7600,8600,9600,9600,11000,11000,11000,11000,11000,69,67,5600.0,5615.05861223154,557.0621830120217,10607.67376300646,174.69565217391303
1752810442,210,,Aggregated,0.000000,0.000000,5600,7600,7600,8600,9600,9600,11000,11000,11000,11000,11000,71,68,5600.0,5460.119169182677,108.66863199044019,10607.67376300646,173.18309859154928
1752810443,225,,Aggregated,0.000000,0.000000,5600,7600,7600,8600,9600,9600,11000,11000,11000,11000,11000,73,70,5600.0,5313.814180383255,108.66863199044019,10607.67376300646,173.31506849315068
1752810444,240,,Aggregated,0.000000,0.000000,5600,7600,7600,8600,9600,9600,11000,11000,11000,11000,11000,73,70,5600.0,5313.814180383255,108.66863199044019,10607.67376300646,173.31506849315068
1752810445,255,,Aggregated,7.300000,7.000000,4900,7500,8200,8600,11000,13000,15000,15000,15000,15000,15000,131,70,4900.0,5392.1265388090915,96.84241299692076,15165.90361300041,236.85496183206106
1752810446,270,,Aggregated,7.300000,7.000000,3900,6600,8200,9100,12000,14000,15000,15000,16000,16000,16000,312,70,3600.0,5005.244045035372,44.175823000841774,15658.03103800863,325.6602564102564
1752810447,285,,Aggregated,7.300000,7.000000,3900,6600,8200,9100,12000,14000,15000,15000,16000,16000,16000,312,70,3600.0,5005.244045035372,44.175823000841774,15658.03103800863,325.6602564102564
1752810448,300,,Aggregated,31.500000,7.000000,3100,6100,7600,8600,12000,14000,15000,15000,16000,16000,16000,349,70,3100.0,4522.151290180427,20.572385998093523,15658.03103800863,338.70773638968484
1752810449,315,,Aggregated,32.700000,7.000000,1200,3600,6100,7500,10000,13000,15000,15000,16000,16000,16000,469,70,1200.0,3444.8134282111196,20.29385798959993,15658.03103800863,338.2558635394456
1752810450,330,,Aggregated,32.700000,7.000000,1200,3600,6100,7500,10000,13000,15000,15000,16000,16000,16000,469,70,1200.0,3444.8134282111196,20.29385798959993,15658.03103800863,338.2558635394456
1752810451,345,,Aggregated,47.500000,7.000000,1100,3100,5400,7100,10000,13000,15000,15000,16000,16000,16000,502,70,1100.0,3260.9699485697174,19.881882006302476,15658.03103800863,332.7629482071713
1752810452,360,,Aggregated,49.100000,7.000000,1000,2600,4000,4800,8600,12000,14000,15000,16000,16000,16000,684,157,1000.0,2782.229772881479,19.881882006302476,15658.03103800863,303.07163742690057
1752810453,375,,Aggregated,49.100000,7.000000,1000,2600,4000,4800,8600,12000,14000,15000,16000,16000,16000,684,157,1000.0,2782.229772881479,19.881882006302476,15658.03103800863,303.07163742690057
1752810454,391,,Aggregated,65.900000,13.100000,930,2200,3500,4400,8200,11000,14000,15000,16000,16000,16000,774,228,910.0,2578.125436754321,19.778883011895232,15658.03103800863,294.6421188630491
1752810455,392,,Aggregated,71.500000,17.400000,450,1400,2900,3600,7400,10000,14000,15000,16000,16000,16000,966,350,440.0,2131.99914286862,17.708636994939297,15658.03103800863,295.4710144927536
1752810456,393,,Aggregated,71.500000,17.400000,450,1400,2900,3600,7400,10000,14000,15000,16000,16000,16000,966,350,440.0,2131.99914286862,17.708636994939297,15658.03103800863,295.4710144927536
1752810457,394,,Aggregated,66.500000,29.000000,260,1100,2600,3400,6600,10000,13000,15000,15000,16000,16000,1049,403,260.0,1969.1798636940782,17.708636994939297,15658.03103800863,292.69685414680646
1752810458,395,,Aggregated,69.000000,30.400000,150,760,1400,2600,5100,9100,13000,14000,15000,16000,16000,1297,556,150.0,1604.2146079476652,17.010462004691362,15658.03103800863,291.69082498072476
1752810459,396,,Aggregated,69.000000,30.400000,150,760,1400,2600,5100,9100,13000,14000,15000,16000,16000,1297,556,150.0,1604.2146079476652,17.010462004691362,15658.03103800863,291.69082498072476
1752810460,397,,Aggregated,86.300000,49.000000,130,570,1200,2200,4700,8600,13000,14000,15000,16000,16000,1376,599,130.0,1514.715521106937,16.54363398847636,15658.03103800863,291.28343023255815
1752810461,398,,Aggregated,87.800000,49.900000,85,240,950,1600,4300,8100,12000,14000,15000,16000,16000,1597,744,85,1310.5857653694375,16.54363398847636,15658.03103800863,290.05385097056984
1752810462,399,,Aggregated,87.800000,49.900000,85,240,950,1600,4300,8100,12000,14000,15000,16000,16000,1597,744,85,1310.5857653694375,16.54363398847636,15658.03103800863,290.05385097056984
1752810463,400,,Aggregated,102.600000,67.800000,78,220,890,1400,4200,8100,12000,14000,15000,16000,16000,1643,757,78,1275.2945173602766,16.54363398847636,15658.03103800863,289.86122945830795
1752810464,401,,Aggregated,106.100000,69.900000,56,170,670,1100,3900,7600,11000,14000,15000,16000,16000,1809,818,56,1161.8407523078074,16.54363398847636,15658.03103800863,291.5207296849088
1752810465,402,,Aggregated,106.100000,69.900000,56,170,670,1100,3900,7600,11000,14000,15000,16000,16000,1809,818,56,1161.8407523078074,16.54363398847636,15658.03103800863,291.5207296849088
1752810466,403,,Aggregated,88.100000,48.100000,55,170,620,1100,3800,7500,11000,14000,15000,16000,16000,1847,818,55,1140.664173963083,16.54363398847636,15658.03103800863,292.75582024905253
1752810467,404,,Aggregated,91.200000,48.100000,59,200,780,1200,3600,6600,11000,13000,15000,16000,16000,2055,901,59,1117.5994233055203,16.54363398847636,15658.03103800863,294.1863746958637
1752810468,405,,Aggregated,91.200000,48.100000,59,200,780,1200,3600,6600,11000,13000,15000,16000,16000,2055,901,59,1117.5994233055203,16.54363398847636,15658.03103800863,294.1863746958637
1752810469,406,,Aggregated,83.900000,41.000000,66,220,840,1400,3600,6600,11000,13000,15000,16000,16000,2149,975,66,1129.5424230576355,16.54363398847636,15658.03103800863,291.3359702187064
1752810470,407,,Aggregated,89.700000,46.600000,75,220,840,1400,3400,6100,10000,13000,15000,16000,16000,2340,1102,74,1093.4255427200321,16.54363398847636,15658.03103800863,287.9730769230769
1752810471,408,,Aggregated,89.700000,46.600000,75,220,840,1400,3400,6100,10000,13000,15000,16000,16000,2340,1102,74,1093.4255427200321,16.54363398847636,15658.03103800863,287.9730769230769
1752810472,409,,Aggregated,84.400000,42.400000,66,210,790,1300,3400,5600,10000,13000,15000,16000,16000,2429,1158,66,1054.9689400938073,16.54363398847636,15658.03103800863,286.57966241251546
1752810473,410,,Aggregated,87.600000,43.600000,47,160,530,1100,3100,4900,10000,13000,15000,16000,16000,2695,1300,47,955.1328065873167,16.54363398847636,15658.03103800863,286.65528756957326
1752810474,411,,Aggregated,87.600000,43.600000,47,160,530,1100,3100,4900,10000,13000,15000,16000,16000,2695,1300,47,955.1328065873167,16.54363398847636,15658.03103800863,286.65528756957326
1752810475,412,,Aggregated,91.900000,48.600000,43,150,430,1000,3000,4700,9600,13000,15000,16000,16000,2770,1343,43,930.8688622872924,16.54363398847636,15658.03103800863,286.59458483754514
1752810476,413,,Aggregated,93.500000,49.500000,37,130,280,810,2800,4600,9600,12000,15000,16000,16000,3003,1483,37,861.5340000951279,16.54363398847636,15658.03103800863,284.35431235431236
1752810477,414,,Aggregated,93.500000,49.500000,37,130,280,810,2800,4600,9600,12000,15000,16000,16000,3003,1483,37,861.5340000951279,16.54363398847636,15658.03103800863,284.35431235431236
1752810478,415,,Aggregated,106.000000,67.400000,36,130,260,780,2700,4500,9400,12000,15000,16000,16000,3073,1526,36,842.6237311655309,16.54363398847636,15658.03103800863,283.8896843475431
1752810479,416,,Aggregated,108.400000,68.600000,33,100,210,580,2600,4300,9100,12000,15000,16000,16000,3289,1640,33,789.2394811978355,16.54363398847636,15658.03103800863,284.9841897233202
1752810480,417,,Aggregated,108.400000,68.600000,33,100,210,580,2600,4300,9100,12000,15000,16000,16000,3289,1640,33,789.2394811978355,16.54363398847636,15658.03103800863,284.9841897233202
1752810481,418,,Aggregated,100.900000,56.600000,33,97,200,540,2500,4200,8600,12000,15000,16000,16000,3364,1683,33,772.3420453233284,16.54363398847636,15658.03103800863,285.51843043995245
1752810482,419,,Aggregated,104.100000,59.000000,32,79,170,330,2200,4100,8600,11000,15000,16000,16000,3597,1839,32,724.3101634007863,16.54363398847636,15658.03103800863,283.50097303308314
1752810483,420,,Aggregated,104.100000,59.000000,32,79,170,330,2200,4100,8600,11000,15000,16000,16000,3597,1839,32,724.3101634007863,16.54363398847636,15658.03103800863,283.50097303308314
1752810484,421,,Aggregated,96.400000,57.700000,31,72,160,310,2200,4100,8200,11000,15000,16000,16000,3686,1894,31,707.5177552552087,16.54363398847636,15658.03103800863,282.51980466630494
1752810485,422,,Aggregated,99.000000,59.300000,31,60,150,250,2100,3900,8200,11000,15000,16000,16000,3928,2033,30,665.8200063482102,16.54363398847636,15658.03103800863,282.8363034623218
1752810486,423,,Aggregated,99.000000,59.300000,31,60,150,250,2100,3900,8200,11000,15000,16000,16000,3928,2033,30,665.8200063482102,16.54363398847636,15658.03103800863,282.8363034623218
1752810487,424,,Aggregated,99.800000,58.900000,30,58,140,230,2000,3800,8100,11000,15000,16000,16000,4008,2081,30,653.1793883998918,16.54363398847636,15658.03103800863,281.9850299401198
1752810488,425,,Aggregated,102.300000,60.000000,30,49,120,200,1900,3600,7600,11000,15000,16000,16000,4250,2222,30,617.7839852933706,16.54363398847636,15658.03103800863,282.46023529411764
1752810489,426,,Aggregated,102.300000,60.000000,30,49,120,200,1900,3600,7600,11000,15000,16000,16000,4250,2222,30,617.7839852933706,16.54363398847636,15658.03103800863,282.46023529411764
1752810490,427,,Aggregated,104.000000,62.400000,30,46,120,190,1800,3600,7600,11000,15000,16000,16000,4316,2257,30,608.7741106493986,16.54363398847636,15658.03103800863,282.37303058387397
1752810491,428,,Aggregated,106.900000,63.800000,30,41,100,170,1600,3500,7600,11000,15000,16000,16000,4548,2391,30,579.2801787361043,16.54363398847636,15658.03103800863,281.9938434476693
1752810492,429,,Aggregated,106.900000,63.800000,30,41,100,170,1600,3500,7600,11000,15000,16000,16000,4548,2391,30,579.2801787361043,16.54363398847636,15658.03103800863,281.9938434476693
1752810493,430,,Aggregated,102.100000,59.900000,30,41,98,160,1500,3500,7500,10000,15000,16000,16000,4622,2427,30,570.7576761148503,16.54363398847636,15658.03103800863,281.7959757680658
1752810494,431,,Aggregated,105.100000,61.900000,29,40,94,160,1300,3400,7400,10000,15000,16000,16000,4825,2499,29,550.0004575958014,16.54363398847636,15658.03103800863,280.58943005181345
1752810495,432,,Aggregated,105.100000,61.900000,29,40,94,160,1300,3400,7400,10000,15000,16000,16000,4825,2499,29,550.0004575958014,16.54363398847636,15658.03103800863,280.58943005181345
1752810496,433,,Aggregated,96.000000,50.000000,29,40,95,160,1300,3300,7400,10000,15000,16000,16000,4870,2499,29,547.3151334625679,16.54363398847636,15658.03103800863,281.1864476386037
1752810497,434,,Aggregated,97.700000,50.000000,29,40,97,160,1300,3200,7100,10000,15000,16000,16000,5006,2499,29,539.5934763103947,16.54363398847636,15658.03103800863,282.42149420695165
1752810498,443,,Aggregated,97.700000,50.000000,29,40,97,160,1300,3200,7100,10000,15000,16000,16000,5006,2499,29,539.5934763103947,16.54363398847636,15658.03103800863,282.42149420695165
1752810499,451,,Aggregated,87.200000,36.200000,30,42,110,180,1400,3300,6600,10000,15000,16000,16000,5103,2577,30,552.9371884024845,16.54363398847636,15658.03103800863,281.3300019596316
1752810500,451,,Aggregated,97.700000,46.200000,30,52,140,240,1800,3500,6600,10000,15000,16000,16000,5399,2813,30,583.3070537543956,16.54363398847636,15658.03103800863,277.4963882200407
1752810501,451,,Aggregated,97.700000,46.200000,30,52,140,240,1800,3500,6600,10000,15000,16000,16000,5399,2813,30,583.3070537543956,16.54363398847636,15658.03103800863,277.4963882200407
1752810502,451,,Aggregated,91.800000,45.600000,30,50,130,230,1800,3400,6400,9600,15000,16000,16000,5491,2861,30,574.300480113838,16.54363398847636,15658.03103800863,277.2026953196139
1752810503,451,,Aggregated,92.700000,46.000000,30,46,120,200,1600,3400,6100,9600,15000,16000,16000,5775,3026,30,548.3868244919598,16.54363398847636,15658.03103800863,277.09714285714284
1752810504,451,,Aggregated,92.700000,46.000000,30,46,120,200,1600,3400,6100,9600,15000,16000,16000,5775,3026,30,548.3868244919598,16.54363398847636,15658.03103800863,277.09714285714284
1752810505,451,,Aggregated,100.900000,53.200000,30,44,120,200,1500,3300,6100,9600,15000,16000,16000,5863,3080,30,540.5966609203496,16.54363398847636,15658.03103800863,277.0404229916425
1752810506,451,,Aggregated,103.000000,54.600000,30,40,100,180,1400,3200,5600,9400,15000,16000,16000,6109,3243,30,519.9475909148897,16.54363398847636,15658.03103800863,276.6492060893763
1752810507,451,,Aggregated,103.000000,54.600000,30,40,100,180,1400,3200,5600,9400,15000,16000,16000,6109,3243,30,519.9475909148897,16.54363398847636,15658.03103800863,276.6492060893763
1752810508,451,,Aggregated,114.700000,75.300000,30,39,98,170,1400,3100,5600,9100,15000,16000,16000,6209,3307,30,512.0581350763401,16.54363398847636,15658.03103800863,276.44016749879205
1752810509,447,,Aggregated,117.100000,76.600000,29,37,90,160,1300,3100,5200,9100,15000,16000,16000,6407,3435,29,497.1774223594603,16.54363398847636,15658.03103800863,276.0360543155923
1752810510,443,,Aggregated,117.100000,76.600000,29,37,90,160,1300,3100,5200,9100,15000,16000,16000,6407,3435,29,497.1774223594603,16.54363398847636,15658.03103800863,276.0360543155923
1752810511,439,,Aggregated,105.800000,65.500000,29,36,85,160,1200,3100,5100,9100,15000,16000,16000,6536,3528,29,487.92185577448697,16.54363398847636,15658.03103800863,275.64932680538556
1752810512,435,,Aggregated,109.100000,67.800000,29,36,78,150,1100,3000,4800,8600,15000,16000,16000,6755,3661,29,473.15716213414356,16.54363398847636,15658.03103800863,275.7777942264989
1752810513,431,,Aggregated,109.100000,67.800000,29,36,78,150,1100,3000,4800,8600,15000,16000,16000,6755,3661,29,473.15716213414356,16.54363398847636,15658.03103800863,275.7777942264989
1752810514,427,,Aggregated,108.800000,69.500000,29,35,67,130,1000,2900,4600,8600,15000,16000,16000,7082,3853,29,452.7144398715136,16.54363398847636,15658.03103800863,276.49237503530077
1752810515,423,,Aggregated,108.800000,69.500000,29,35,67,130,1000,2900,4600,8600,15000,16000,16000,7082,3853,29,452.7144398715136,16.54363398847636,15658.03103800863,276.49237503530077
1752810516,419,,Aggregated,108.800000,69.500000,29,35,67,130,1000,2900,4600,8600,15000,16000,16000,7082,3853,29,452.7144398715136,16.54363398847636,15658.03103800863,276.49237503530077
1752810517,415,,Aggregated,110.700000,69.400000,29,34,63,120,940,2700,4600,8200,15000,16000,16000,7396,4040,29,435.20056722066937,16.54363398847636,15658.03103800863,276.4021092482423
1752810518,411,,Aggregated,110.700000,69.400000,29,34,63,120,940,2700,4600,8200,15000,16000,16000,7396,4040,29,435.20056722066937,16.54363398847636,15658.03103800863,276.4021092482423
1752810519,407,,Aggregated,110.700000,69.400000,29,34,63,120,940,2700,4600,8200,15000,16000,16000,7396,4040,29,435.20056722066937,16.54363398847636,15658.03103800863,276.4021092482423
1752810520,405,,Aggregated,109.400000,66.700000,29,34,57,110,840,2600,4600,8200,15000,16000,16000,7694,4235,29,419.50419931960494,16.54363398847636,15658.03103800863,275.8778268780868
1752810521,405,,Aggregated,109.400000,66.700000,29,34,57,110,840,2600,4600,8200,15000,16000,16000,7694,4235,29,419.50419931960494,16.54363398847636,15658.03103800863,275.8778268780868
1752810522,405,,Aggregated,109.400000,66.700000,29,34,57,110,840,2600,4600,8200,15000,16000,16000,7694,4235,29,419.50419931960494,16.54363398847636,15658.03103800863,275.8778268780868
1752810523,405,,Aggregated,102.900000,63.100000,29,33,50,98,790,2600,4500,8100,15000,16000,16000,7998,4400,29,404.6696426766564,16.54363398847636,15658.03103800863,276.6045261315329
1752810524,405,,Aggregated,102.900000,63.100000,29,33,50,98,790,2600,4500,8100,15000,16000,16000,7998,4400,29,404.6696426766564,16.54363398847636,15658.03103800863,276.6045261315329
1752810525,405,,Aggregated,102.900000,63.100000,29,33,50,98,790,2600,4500,8100,15000,16000,16000,7998,4400,29,404.6696426766564,16.54363398847636,15658.03103800863,276.6045261315329
1752810526,405,,Aggregated,100.600000,59.500000,28,33,46,89,700,2400,4400,7600,15000,16000,16000,8304,4575,28,390.7782216264246,16.54363398847636,15658.03103800863,276.79383429672447
1752810527,405,,Aggregated,100.600000,59.500000,28,33,46,89,700,2400,4400,7600,15000,16000,16000,8304,4575,28,390.7782216264246,16.54363398847636,15658.03103800863,276.79383429672447
1752810528,405,,Aggregated,100.600000,59.500000,28,33,46,89,700,2400,4400,7600,15000,16000,16000,8304,4575,28,390.7782216264246,16.54363398847636,15658.03103800863,276.79383429672447
1752810529,410,,Aggregated,100.800000,59.300000,28,32,43,82,590,2300,4400,7600,15000,16000,16000,8609,4750,28,378.1182321867528,16.54363398847636,15658.03103800863,277.1681960738762
1752810530,415,,Aggregated,100.800000,59.300000,28,32,43,82,590,2300,4400,7600,15000,16000,16000,8609,4750,28,378.1182321867528,16.54363398847636,15658.03103800863,277.1681960738762
1752810531,420,,Aggregated,100.800000,59.300000,28,32,43,82,590,2300,4400,7600,15000,16000,16000,8609,4750,28,378.1182321867528,16.54363398847636,15658.03103800863,277.1681960738762
1752810532,425,,Aggregated,100.800000,57.000000,28,33,43,84,510,2200,4300,7600,15000,16000,16000,8924,4923,28,366.84108251700684,16.54363398847636,15658.03103800863,278.2547064096818
1752810533,430,,Aggregated,100.800000,57.000000,28,33,43,84,510,2200,4300,7600,15000,16000,16000,8924,4923,28,366.84108251700684,16.54363398847636,15658.03103800863,278.2547064096818
1752810534,435,,Aggregated,100.800000,57.000000,28,33,43,84,510,2200,4300,7600,15000,16000,16000,8924,4923,28,366.84108251700684,16.54363398847636,15658.03103800863,278.2547064096818
1752810535,440,,Aggregated,101.000000,56.400000,28,33,43,79,420,2200,4200,7500,15000,16000,16000,9239,5097,28,355.76897484248775,16.54363398847636,15658.03103800863,278.4505898906808
1752810536,445,,Aggregated,101.000000,56.400000,28,33,43,79,420,2200,4200,7500,15000,16000,16000,9239,5097,28,355.76897484248775,16.54363398847636,15658.03103800863,278.4505898906808
1752810537,450,,Aggregated,101.000000,56.400000,28,33,43,79,420,2200,4200,7500,15000,16000,16000,9239,5097,28,355.76897484248775,16.54363398847636,15658.03103800863,278.4505898906808
1752810538,455,,Aggregated,103.200000,57.200000,29,33,43,77,340,2100,4200,7500,15000,16000,16000,9575,5304,29,345.20171581029797,16.54363398847636,15658.03103800863,277.6876240208877
1752810539,460,,Aggregated,103.200000,57.200000,29,33,43,77,340,2100,4200,7500,15000,16000,16000,9575,5304,29,345.20171581029797,16.54363398847636,15658.03103800863,277.6876240208877
1752810540,465,,Aggregated,103.200000,57.200000,29,33,43,77,340,2100,4200,7500,15000,16000,16000,9575,5304,29,345.20171581029797,16.54363398847636,15658.03103800863,277.6876240208877
1752810541,470,,Aggregated,107.300000,61.700000,29,33,43,73,310,2000,4200,7100,15000,16000,16000,9941,5525,29,334.58298472915783,16.54363398847636,15658.03103800863,278.1066291117594
1752810542,475,,Aggregated,107.300000,61.700000,29,33,43,73,310,2000,4200,7100,15000,16000,16000,9941,5525,29,334.58298472915783,16.54363398847636,15658.03103800863,278.1066291117594
1752810543,480,,Aggregated,107.300000,61.700000,29,33,43,73,310,2000,4200,7100,15000,16000,16000,9941,5525,29,334.58298472915783,16.54363398847636,15658.03103800863,278.1066291117594
1752810544,485,,Aggregated,113.700000,67.800000,29,33,42,69,280,1900,4100,6600,15000,15000,16000,10289,5727,29,324.4731365739676,16.54363398847636,15658.03103800863,277.9226358246671
1752810545,490,,Aggregated,113.700000,67.800000,29,33,42,69,280,1900,4100,6600,15000,15000,16000,10289,5727,29,324.4731365739676,16.54363398847636,15658.03103800863,277.9226358246671
1752810546,495,,Aggregated,113.700000,67.800000,29,33,42,69,280,1900,4100,6600,15000,15000,16000,10289,5727,29,324.4731365739676,16.54363398847636,15658.03103800863,277.9226358246671
1752810547,500,,Aggregated,116.200000,68.800000,29,33,41,66,260,1900,4100,6600,15000,15000,16000,10665,5940,29,314.43629640690386,16.54363398847636,15658.03103800863,277.828129395218
1752810548,505,,Aggregated,116.200000,68.800000,29,33,41,66,260,1900,4100,6600,15000,15000,16000,10665,5940,29,314.43629640690386,16.54363398847636,15658.03103800863,277.828129395218
1752810549,510,,Aggregated,116.200000,68.800000,29,33,41,66,260,1900,4100,6600,15000,15000,16000,10665,5940,29,314.43629640690386,16.54363398847636,15658.03103800863,277.828129395218
1752810550,508,,Aggregated,119.500000,69.700000,29,33,42,66,250,1800,4000,6400,15000,15000,16000,11062,6169,29,305.069752022476,16.54363398847636,15658.03103800863,277.77526667871996
1752810551,501,,Aggregated,119.500000,69.700000,29,33,42,66,250,1800,4000,6400,15000,15000,16000,11062,6169,29,305.069752022476,16.54363398847636,15658.03103800863,277.77526667871996
1752810552,494,,Aggregated,119.500000,69.700000,29,33,42,66,250,1800,4000,6400,15000,15000,16000,11062,6169,29,305.069752022476,16.54363398847636,15658.03103800863,277.77526667871996
1752810553,487,,Aggregated,124.900000,71.700000,29,33,41,63,230,1600,3900,6100,15000,15000,16000,11426,6393,29,296.5076119679347,16.54363398847636,15658.03103800863,277.7875021879923
1752810554,480,,Aggregated,124.900000,71.700000,29,33,41,63,230,1600,3900,6100,15000,15000,16000,11426,6393,29,296.5076119679347,16.54363398847636,15658.03103800863,277.7875021879923
1752810555,473,,Aggregated,124.900000,71.700000,29,33,41,63,230,1600,3900,6100,15000,15000,16000,11426,6393,29,296.5076119679347,16.54363398847636,15658.03103800863,277.7875021879923
1752810556,466,,Aggregated,126.300000,73.800000,29,33,41,60,220,1500,3800,6100,15000,15000,16000,11772,6613,29,288.8237037862354,16.54363398847636,15658.03103800863,277.4387529731566
1752810557,459,,Aggregated,126.300000,73.800000,29,33,41,60,220,1500,3800,6100,15000,15000,16000,11772,6613,29,288.8237037862354,16.54363398847636,15658.03103800863,277.4387529731566
1752810558,452,,Aggregated,126.300000,73.800000,29,33,41,60,220,1500,3800,6100,15000,15000,16000,11772,6613,29,288.8237037862354,16.54363398847636,15658.03103800863,277.4387529731566
1752810559,445,,Aggregated,124.600000,74.400000,29,32,40,56,210,1400,3700,5600,14000,15000,16000,12116,6806,29,281.4304424690137,16.54363398847636,15658.03103800863,277.36092769891053
1752810560,438,,Aggregated,124.600000,74.400000,29,32,40,56,210,1400,3700,5600,14000,15000,16000,12116,6806,29,281.4304424690137,16.54363398847636,15658.03103800863,277.36092769891053
1752810561,431,,Aggregated,124.600000,74.400000,29,32,40,56,210,1400,3700,5600,14000,15000,16000,12116,6806,29,281.4304424690137,16.54363398847636,15658.03103800863,277.36092769891053
1752810562,424,,Aggregated,117.400000,71.000000,28,32,39,55,200,1400,3600,5600,14000,15000,16000,12433,6998,28,275.0664485139329,16.54363398847636,15658.03103800863,277.5079224644092
1752810563,417,,Aggregated,117.400000,71.000000,28,32,39,55,200,1400,3600,5600,14000,15000,16000,12433,6998,28,275.0664485139329,16.54363398847636,15658.03103800863,277.5079224644092
1752810564,412,,Aggregated,117.400000,71.000000,28,32,39,55,200,1400,3600,5600,14000,15000,16000,12433,6998,28,275.0664485139329,16.54363398847636,15658.03103800863,277.5079224644092
1752810565,412,,Aggregated,114.000000,68.200000,28,32,38,52,190,1300,3600,5200,14000,15000,16000,12739,7174,28,269.2175856640023,16.54363398847636,15658.03103800863,277.51369809247194
1752810566,412,,Aggregated,114.000000,68.200000,28,32,38,52,190,1300,3600,5200,14000,15000,16000,12739,7174,28,269.2175856640023,16.54363398847636,15658.03103800863,277.51369809247194
1752810567,412,,Aggregated,114.000000,68.200000,28,32,38,52,190,1300,3600,5200,14000,15000,16000,12739,7174,28,269.2175856640023,16.54363398847636,15658.03103800863,277.51369809247194
1752810568,412,,Aggregated,108.000000,62.900000,28,32,38,52,190,1200,3600,5100,14000,15000,16000,13039,7342,28,263.9842891954631,16.208060987992212,15658.03103800863,277.5485083211903
1752810569,414,,Aggregated,108.000000,62.900000,28,32,38,52,190,1200,3600,5100,14000,15000,16000,13039,7342,28,263.9842891954631,16.208060987992212,15658.03103800863,277.5485083211903
1752810570,416,,Aggregated,108.000000,62.900000,28,32,38,52,190,1200,3600,5100,14000,15000,16000,13039,7342,28,263.9842891954631,16.208060987992212,15658.03103800863,277.5485083211903
1752810571,418,,Aggregated,102.100000,59.500000,28,32,38,51,180,1200,3500,5100,14000,15000,16000,13357,7538,28,258.6614174352432,16.208060987992212,15658.03103800863,277.03234259189935
1752810572,420,,Aggregated,102.100000,59.500000,28,32,38,51,180,1200,3500,5100,14000,15000,16000,13357,7538,28,258.6614174352432,16.208060987992212,15658.03103800863,277.03234259189935
1752810573,422,,Aggregated,102.100000,59.500000,28,32,38,51,180,1200,3500,5100,14000,15000,16000,13357,7538,28,258.6614174352432,16.208060987992212,15658.03103800863,277.03234259189935
1752810574,424,,Aggregated,103.200000,60.600000,28,32,38,51,170,1100,3500,4800,14000,15000,16000,13678,7729,28,253.52420062190325,16.208060987992212,15658.03103800863,277.0426231905249
1752810575,426,,Aggregated,103.200000,60.600000,28,32,38,51,170,1100,3500,4800,14000,15000,16000,13678,7729,28,253.52420062190325,16.208060987992212,15658.03103800863,277.0426231905249
1752810576,428,,Aggregated,103.200000,60.600000,28,32,38,51,170,1100,3500,4800,14000,15000,16000,13678,7729,28,253.52420062190325,16.208060987992212,15658.03103800863,277.0426231905249
1752810577,430,,Aggregated,103.700000,61.700000,28,32,37,50,160,1100,3400,4700,14000,15000,16000,13995,7937,28,248.5145703288585,16.208060987992212,15658.03103800863,276.8232940335834
1752810578,432,,Aggregated,103.700000,61.700000,28,32,37,50,160,1100,3400,4700,14000,15000,16000,13995,7937,28,248.5145703288585,16.208060987992212,15658.03103800863,276.8232940335834
1752810579,434,,Aggregated,103.700000,61.700000,28,32,37,50,160,1100,3400,4700,14000,15000,16000,13995,7937,28,248.5145703288585,16.208060987992212,15658.03103800863,276.8232940335834
1752810580,436,,Aggregated,105.400000,65.400000,28,32,37,48,160,1000,3400,4600,14000,15000,16000,14309,8122,28,243.74105737572535,16.208060987992212,15658.03103800863,276.8649101963799
1752810581,438,,Aggregated,105.400000,65.400000,28,32,37,48,160,1000,3400,4600,14000,15000,16000,14309,8122,28,243.74105737572535,16.208060987992212,15658.03103800863,276.8649101963799
1752810582,440,,Aggregated,105.400000,65.400000,28,32,37,48,160,1000,3400,4600,14000,15000,16000,14309,8122,28,243.74105737572535,16.208060987992212,15658.03103800863,276.8649101963799
1752810583,442,,Aggregated,106.500000,66.300000,28,32,37,47,150,1000,3300,4600,14000,15000,16000,14641,8334,28,238.98400089236884,16.208060987992212,15658.03103800863,276.41185711358514
1752810584,444,,Aggregated,106.500000,66.300000,28,32,37,47,150,1000,3300,4600,14000,15000,16000,14641,8334,28,238.98400089236884,16.208060987992212,15658.03103800863,276.41185711358514
1752810585,446,,Aggregated,106.500000,66.300000,28,32,37,47,150,1000,3300,4600,14000,15000,16000,14641,8334,28,238.98400089236884,16.208060987992212,15658.03103800863,276.41185711358514
1752810586,448,,Aggregated,107.600000,67.200000,28,32,36,46,150,930,3200,4600,14000,15000,16000,14981,8534,28,234.28548536240208,16.208060987992212,15658.03103800863,276.813497096322
1752810587,450,,Aggregated,107.600000,67.200000,28,32,36,46,150,930,3200,4600,14000,15000,16000,14981,8534,28,234.28548536240208,16.208060987992212,15658.03103800863,276.813497096322
1752810589,452,,Aggregated,107.600000,67.200000,28,32,36,46,150,930,3200,4600,14000,15000,16000,14981,8534,28,234.28548536240208,16.208060987992212,15658.03103800863,276.813497096322
1752810590,454,,Aggregated,109.600000,66.800000,28,31,36,45,140,870,3200,4600,14000,15000,16000,15318,8720,28,229.84192678622827,16.208060987992212,15658.03103800863,276.8762893328111
1752810591,456,,Aggregated,109.600000,66.800000,28,31,36,45,140,870,3200,4600,14000,15000,16000,15318,8720,28,229.84192678622827,16.208060987992212,15658.03103800863,276.8762893328111
1752810592,458,,Aggregated,109.600000,66.800000,28,31,36,45,140,870,3200,4600,14000,15000,16000,15318,8720,28,229.84192678622827,16.208060987992212,15658.03103800863,276.8762893328111
1752810593,460,,Aggregated,111.000000,65.200000,28,31,36,44,140,840,3100,4600,14000,15000,16000,15643,8915,28,225.70336736014315,16.208060987992212,15658.03103800863,277.23416224509367
1752810594,463,,Aggregated,111.000000,65.200000,28,31,36,44,140,840,3100,4600,14000,15000,16000,15643,8915,28,225.70336736014315,16.208060987992212,15658.03103800863,277.23416224509367
1752810595,464,,Aggregated,111.000000,65.200000,28,31,36,44,140,840,3100,4600,14000,15000,16000,15643,8915,28,225.70336736014315,16.208060987992212,15658.03103800863,277.23416224509367
1752810596,465,,Aggregated,111.800000,64.700000,28,31,36,44,130,800,3100,4500,14000,15000,16000,15999,9127,28,221.44617665602428,16.208060987992212,15658.03103800863,277.13744609038065
1752810597,466,,Aggregated,111.800000,64.700000,28,31,36,44,130,800,3100,4500,14000,15000,16000,15999,9127,28,221.44617665602428,16.208060987992212,15658.03103800863,277.13744609038065
1752810598,467,,Aggregated,111.800000,64.700000,28,31,36,44,130,800,3100,4500,14000,15000,16000,15999,9127,28,221.44617665602428,16.208060987992212,15658.03103800863,277.13744609038065
1752810599,468,,Aggregated,112.800000,65.700000,28,31,36,44,130,770,3100,4500,14000,15000,16000,16349,9345,28,217.66418855501362,16.208060987992212,15658.03103800863,276.97400452627073
1752810600,469,,Aggregated,112.800000,65.700000,28,31,36,44,130,770,3100,4500,14000,15000,16000,16349,9345,28,217.66418855501362,16.208060987992212,15658.03103800863,276.97400452627073
1752810601,470,,Aggregated,112.800000,65.700000,28,31,36,44,130,770,3100,4500,14000,15000,16000,16349,9345,28,217.66418855501362,16.208060987992212,15658.03103800863,276.97400452627073
1752810602,471,,Aggregated,116.200000,69.900000,28,31,36,43,130,710,3000,4400,14000,15000,16000,16702,9548,28,213.90943387080017,16.208060987992212,15658.03103800863,277.05861573464256
1752810603,472,,Aggregated,116.200000,69.900000,28,31,36,43,130,710,3000,4400,14000,15000,16000,16702,9548,28,213.90943387080017,16.208060987992212,15658.03103800863,277.05861573464256
1752810604,473,,Aggregated,116.200000,69.900000,28,31,36,43,130,710,3000,4400,14000,15000,16000,16702,9548,28,213.90943387080017,16.208060987992212,15658.03103800863,277.05861573464256
1752810605,474,,Aggregated,117.200000,69.700000,28,31,36,44,130,660,2900,4400,14000,15000,16000,17048,9763,28,210.6371137142849,16.208060987992212,15658.03103800863,276.9002229000469
1752810606,475,,Aggregated,117.200000,69.700000,28,31,36,44,130,660,2900,4400,14000,15000,16000,17048,9763,28,210.6371137142849,16.208060987992212,15658.03103800863,276.9002229000469
1752810607,476,,Aggregated,117.200000,69.700000,28,31,36,44,130,660,2900,4400,14000,15000,16000,17048,9763,28,210.6371137142849,16.208060987992212,15658.03103800863,276.9002229000469
1752810608,477,,Aggregated,116.600000,71.300000,28,31,36,43,130,590,2900,4400,14000,15000,16000,17410,9972,28,206.99828681339338,16.208060987992212,15658.03103800863,276.6720275703619
1752810609,477,,Aggregated,116.600000,71.300000,28,31,36,43,130,590,2900,4400,14000,15000,16000,17410,9972,28,206.99828681339338,16.208060987992212,15658.03103800863,276.6720275703619
1752810610,491,,Aggregated,116.600000,71.300000,28,31,36,43,130,590,2900,4400,14000,15000,16000,17410,9972,28,206.99828681339338,16.208060987992212,15658.03103800863,276.6720275703619
1752810611,505,,Aggregated,117.200000,70.100000,28,31,36,44,130,560,2900,4300,14000,15000,16000,17773,10190,28,203.7877118441084,16.208060987992212,15658.03103800863,276.9315253474371
1752810612,519,,Aggregated,117.200000,70.100000,28,31,36,44,130,560,2900,4300,14000,15000,16000,17773,10190,28,203.7877118441084,16.208060987992212,15658.03103800863,276.9315253474371
1752810613,533,,Aggregated,117.200000,70.100000,28,31,36,44,130,560,2900,4300,14000,15000,16000,17773,10190,28,203.7877118441084,16.208060987992212,15658.03103800863,276.9315253474371
1752810614,547,,Aggregated,122.900000,73.100000,28,32,36,46,130,530,2800,4300,14000,15000,16000,18179,10418,28,200.89799946567584,16.208060987992212,15658.03103800863,277.4540403762583
1752810615,561,,Aggregated,122.900000,73.100000,28,32,36,46,130,530,2800,4300,14000,15000,16000,18179,10418,28,200.89799946567584,16.208060987992212,15658.03103800863,277.4540403762583
1752810616,575,,Aggregated,122.900000,73.100000,28,32,36,46,130,530,2800,4300,14000,15000,16000,18179,10418,28,200.89799946567584,16.208060987992212,15658.03103800863,277.4540403762583
1752810617,589,,Aggregated,128.100000,74.500000,28,32,38,50,130,450,2700,4200,14000,15000,16000,18618,10690,28,198.23651044040238,16.208060987992212,15658.03103800863,277.60801375013426
1752810618,603,,Aggregated,128.100000,74.500000,28,32,38,50,130,450,2700,4200,14000,15000,16000,18618,10690,28,198.23651044040238,16.208060987992212,15658.03103800863,277.60801375013426
1752810619,617,,Aggregated,128.100000,74.500000,28,32,38,50,130,450,2700,4200,14000,15000,16000,18618,10690,28,198.23651044040238,16.208060987992212,15658.03103800863,277.60801375013426
1752810620,631,,Aggregated,133.700000,79.400000,29,32,39,55,140,430,2700,4200,14000,15000,16000,19085,10953,29,196.39551514102052,16.208060987992212,15658.03103800863,278.00927429918784
1752810621,645,,Aggregated,133.700000,79.400000,29,32,39,55,140,430,2700,4200,14000,15000,16000,19085,10953,29,196.39551514102052,16.208060987992212,15658.03103800863,278.00927429918784
1752810622,659,,Aggregated,133.700000,79.400000,29,32,39,55,140,430,2700,4200,14000,15000,16000,19085,10953,29,196.39551514102052,16.208060987992212,15658.03103800863,278.00927429918784
1752810623,673,,Aggregated,141.200000,81.800000,29,33,43,64,150,370,2600,4200,14000,15000,16000,19570,11264,29,195.0437699510658,16.208060987992212,15658.03103800863,277.851814001022
1752810624,687,,Aggregated,141.200000,81.800000,29,33,43,64,150,370,2600,4200,14000,15000,16000,19570,11264,29,195.0437699510658,16.208060987992212,15658.03103800863,277.851814001022
1752810625,701,,Aggregated,141.200000,81.800000,29,33,43,64,150,370,2600,4200,14000,15000,16000,19570,11264,29,195.0437699510658,16.208060987992212,15658.03103800863,277.851814001022
1752810626,715,,Aggregated,154.700000,93.700000,29,34,48,73,160,360,2600,4100,13000,15000,16000,20092,11561,29,193.81465512937714,16.208060987992212,15658.03103800863,278.0588293848298
1752810627,729,,Aggregated,154.700000,93.700000,29,34,48,73,160,360,2600,4100,13000,15000,16000,20092,11561,29,193.81465512937714,16.208060987992212,15658.03103800863,278.0588293848298
1752810628,743,,Aggregated,154.700000,93.700000,29,34,48,73,160,360,2600,4100,13000,15000,16000,20092,11561,29,193.81465512937714,16.208060987992212,15658.03103800863,278.0588293848298
1752810629,757,,Aggregated,160.400000,95.700000,29,35,56,85,190,370,2500,4100,13000,15000,16000,20622,11898,29,194.47567219737692,16.208060987992212,15658.03103800863,277.6791775773446
1752810630,753,,Aggregated,160.400000,95.700000,29,35,56,85,190,370,2500,4100,13000,15000,16000,20622,11898,29,194.47567219737692,16.208060987992212,15658.03103800863,277.6791775773446
1752810631,737,,Aggregated,160.400000,95.700000,29,35,56,85,190,370,2500,4100,13000,15000,16000,20622,11898,29,194.47567219737692,16.208060987992212,15658.03103800863,277.6791775773446
1752810632,721,,Aggregated,167.100000,103.300000,29,36,66,98,230,530,2400,4100,13000,15000,16000,21094,12183,29,201.00804069423677,16.208060987992212,15658.03103800863,277.29212098226986
1752810633,705,,Aggregated,167.100000,103.300000,29,36,66,98,230,530,2400,4100,13000,15000,16000,21094,12183,29,201.00804069423677,16.208060987992212,15658.03103800863,277.29212098226986
1752810634,689,,Aggregated,167.100000,103.300000,29,36,66,98,230,530,2400,4100,13000,15000,16000,21094,12183,29,201.00804069423677,16.208060987992212,15658.03103800863,277.29212098226986
1752810635,673,,Aggregated,167.800000,101.800000,30,38,75,110,290,630,2300,4000,13000,15000,16000,21530,12451,30,209.4303054510586,16.208060987992212,15658.03103800863,277.2618671620994
1752810636,657,,Aggregated,167.800000,101.800000,30,38,75,110,290,630,2300,4000,13000,15000,16000,21530,12451,30,209.4303054510586,16.208060987992212,15658.03103800863,277.2618671620994
1752810637,641,,Aggregated,167.800000,101.800000,30,38,75,110,290,630,2300,4000,13000,15000,16000,21530,12451,30,209.4303054510586,16.208060987992212,15658.03103800863,277.2618671620994
1752810638,625,,Aggregated,161.200000,98.300000,30,40,84,130,410,720,2200,4000,13000,15000,16000,21943,12701,30,218.6989302660727,16.208060987992212,15658.03103800863,276.925716629449
1752810639,609,,Aggregated,161.200000,98.300000,30,40,84,130,410,720,2200,4000,13000,15000,16000,21943,12701,30,218.6989302660727,16.208060987992212,15658.03103800863,276.925716629449
1752810640,593,,Aggregated,161.200000,98.300000,30,40,84,130,410,720,2200,4000,13000,15000,16000,21943,12701,30,218.6989302660727,16.208060987992212,15658.03103800863,276.925716629449
1752810641,577,,Aggregated,149.400000,91.900000,30,43,94,140,490,770,2200,4000,13000,15000,16000,22324,12922,30,227.64696601358614,16.208060987992212,15658.03103800863,277.0695663859523
1752810642,561,,Aggregated,149.400000,91.900000,30,43,94,140,490,770,2200,4000,13000,15000,16000,22324,12922,30,227.64696601358614,16.208060987992212,15658.03103800863,277.0695663859523
1752810643,545,,Aggregated,149.400000,91.900000,30,43,94,140,490,770,2200,4000,13000,15000,16000,22324,12922,30,227.64696601358614,16.208060987992212,15658.03103800863,277.0695663859523
1752810644,529,,Aggregated,140.800000,84.500000,30,46,100,160,530,780,2200,4000,13000,15000,16000,22711,13142,30,235.8373476117917,16.208060987992212,15658.03103800863,277.2288318436
1752810645,513,,Aggregated,140.800000,84.500000,30,46,100,160,530,780,2200,4000,13000,15000,16000,22711,13142,30,235.8373476117917,16.208060987992212,15658.03103800863,277.2288318436
1752810646,497,,Aggregated,140.800000,84.500000,30,46,100,160,530,780,2200,4000,13000,15000,16000,22711,13142,30,235.8373476117917,16.208060987992212,15658.03103800863,277.2288318436
1752810647,495,,Aggregated,129.900000,75.900000,30,48,110,170,540,790,2200,4000,13000,15000,16000,23060,13359,30,238.99850147513052,16.208060987992212,15658.03103800863,276.9578057241977
1752810648,495,,Aggregated,129.900000,75.900000,30,48,110,170,540,790,2200,4000,13000,15000,16000,23060,13359,30,238.99850147513052,16.208060987992212,15658.03103800863,276.9578057241977
1752810649,495,,Aggregated,129.900000,75.900000,30,48,110,170,540,790,2200,4000,13000,15000,16000,23060,13359,30,238.99850147513052,16.208060987992212,15658.03103800863,276.9578057241977
1752810650,497,,Aggregated,125.200000,74.000000,31,50,110,180,550,790,2200,4000,13000,15000,16000,23403,13559,31,240.3644206427153,16.208060987992212,15658.03103800863,276.71576293637565
1752810651,499,,Aggregated,125.200000,74.000000,31,50,110,180,550,790,2200,4000,13000,15000,16000,23403,13559,31,240.3644206427153,16.208060987992212,15658.03103800863,276.71576293637565
1752810652,501,,Aggregated,125.200000,74.000000,31,50,110,180,550,790,2200,4000,13000,15000,16000,23403,13559,31,240.3644206427153,16.208060987992212,15658.03103800863,276.71576293637565
1752810653,503,,Aggregated,121.300000,70.900000,31,51,110,170,550,780,2200,3900,13000,15000,16000,23801,13798,31,237.88973707481284,16.208060987992212,15658.03103800863,277.0730221419268
1752810654,505,,Aggregated,121.300000,70.900000,31,51,110,170,550,780,2200,3900,13000,15000,16000,23801,13798,31,237.88973707481284,16.208060987992212,15658.03103800863,277.0730221419268
1752810655,507,,Aggregated,121.300000,70.900000,31,51,110,170,550,780,2200,3900,13000,15000,16000,23801,13798,31,237.88973707481284,16.208060987992212,15658.03103800863,277.0730221419268
1752810656,509,,Aggregated,121.300000,72.400000,31,52,110,180,540,770,2200,3900,13000,15000,16000,24165,14009,31,236.26914986735625,16.208060987992212,15658.03103800863,276.95944547899853
1752810657,511,,Aggregated,121.300000,72.400000,31,52,110,180,540,770,2200,3900,13000,15000,16000,24165,14009,31,236.26914986735625,16.208060987992212,15658.03103800863,276.95944547899853
1752810658,513,,Aggregated,121.300000,72.400000,31,52,110,180,540,770,2200,3900,13000,15000,16000,24165,14009,31,236.26914986735625,16.208060987992212,15658.03103800863,276.95944547899853
1752810659,515,,Aggregated,123.700000,73.000000,31,53,110,170,540,770,2100,3800,13000,15000,16000,24532,14239,31,233.88833140737253,16.208060987992212,15658.03103800863,276.90192401760964
1752810660,517,,Aggregated,123.700000,73.000000,31,53,110,170,540,770,2100,3800,13000,15000,16000,24532,14239,31,233.88833140737253,16.208060987992212,15658.03103800863,276.90192401760964
1752810661,519,,Aggregated,123.700000,73.000000,31,53,110,170,540,770,2100,3800,13000,15000,16000,24532,14239,31,233.88833140737253,16.208060987992212,15658.03103800863,276.90192401760964
1752810662,521,,Aggregated,124.900000,74.600000,32,52,110,170,530,760,2100,3800,13000,15000,16000,24941,14487,32,230.90877754278685,16.208060987992212,15658.03103800863,276.78072250511207
1752810663,523,,Aggregated,124.900000,74.600000,32,52,110,170,530,760,2100,3800,13000,15000,16000,24941,14487,32,230.90877754278685,16.208060987992212,15658.03103800863,276.78072250511207
1752810664,525,,Aggregated,124.900000,74.600000,32,52,110,170,530,760,2100,3800,13000,15000,16000,24941,14487,32,230.90877754278685,16.208060987992212,15658.03103800863,276.78072250511207
1752810665,527,,Aggregated,124.800000,75.300000,32,52,110,160,530,760,2100,3700,13000,15000,16000,25318,14712,32,228.33554342406742,16.208060987992212,15658.03103800863,276.87289675329805
1752810666,529,,Aggregated,124.800000,75.300000,32,52,110,160,530,760,2100,3700,13000,15000,16000,25318,14712,32,228.33554342406742,16.208060987992212,15658.03103800863,276.87289675329805
1752810667,531,,Aggregated,124.800000,75.300000,32,52,110,160,530,760,2100,3700,13000,15000,16000,25318,14712,32,228.33554342406742,16.208060987992212,15658.03103800863,276.87289675329805
1752810668,533,,Aggregated,129.500000,79.100000,32,52,100,160,520,750,2100,3700,13000,15000,16000,25706,14955,32,225.62824455117163,16.208060987992212,15658.03103800863,276.92760445032286
1752810669,535,,Aggregated,129.500000,79.100000,32,52,100,160,520,750,2100,3700,13000,15000,16000,25706,14955,32,225.62824455117163,16.208060987992212,15658.03103800863,276.92760445032286
1752810670,537,,Aggregated,129.500000,79.100000,32,52,100,160,520,750,2100,3700,13000,15000,16000,25706,14955,32,225.62824455117163,16.208060987992212,15658.03103800863,276.92760445032286
1752810671,539,,Aggregated,128.800000,78.500000,32,53,100,160,520,750,2000,3600,13000,15000,16000,26111,15196,32,223.5308915023695,16.208060987992212,15658.03103800863,276.7927693309333
1752810672,541,,Aggregated,128.800000,78.500000,32,53,100,160,520,750,2000,3600,13000,15000,16000,26111,15196,32,223.5308915023695,16.208060987992212,15658.03103800863,276.7927693309333
1752810673,543,,Aggregated,128.800000,78.500000,32,53,100,160,520,750,2000,3600,13000,15000,16000,26111,15196,32,223.5308915023695,16.208060987992212,15658.03103800863,276.7927693309333
1752810674,545,,Aggregated,130.200000,79.500000,33,52,100,160,510,740,2000,3600,13000,15000,16000,26502,15445,33,221.1923255187648,16.208060987992212,15658.03103800863,276.4827560184137
1752810675,547,,Aggregated,130.200000,79.500000,33,52,100,160,510,740,2000,3600,13000,15000,16000,26502,15445,33,221.1923255187648,16.208060987992212,15658.03103800863,276.4827560184137
1752810676,549,,Aggregated,130.200000,79.500000,33,52,100,160,510,740,2000,3600,13000,15000,16000,26502,15445,33,221.1923255187648,16.208060987992212,15658.03103800863,276.4827560184137
1752810677,551,,Aggregated,132.000000,82.200000,33,52,99,150,510,730,2000,3600,13000,15000,16000,26915,15693,33,218.83660902486952,16.208060987992212,15658.03103800863,276.4484488203604
1752810678,553,,Aggregated,132.000000,82.200000,33,52,99,150,510,730,2000,3600,13000,15000,16000,26915,15693,33,218.83660902486952,16.208060987992212,15658.03103800863,276.4484488203604
1752810679,555,,Aggregated,132.000000,82.200000,33,52,99,150,510,730,2000,3600,13000,15000,16000,26915,15693,33,218.83660902486952,16.208060987992212,15658.03103800863,276.4484488203604
1752810680,557,,Aggregated,133.200000,81.800000,33,53,99,150,500,720,1900,3600,13000,15000,16000,27334,15955,33,216.60306600323443,16.208060987992212,15658.03103800863,276.2116045950099
1752810681,559,,Aggregated,133.200000,81.800000,33,53,99,150,500,720,1900,3600,13000,15000,16000,27334,15955,33,216.60306600323443,16.208060987992212,15658.03103800863,276.2116045950099
1752810682,561,,Aggregated,133.200000,81.800000,33,53,99,150,500,720,1900,3600,13000,15000,16000,27334,15955,33,216.60306600323443,16.208060987992212,15658.03103800863,276.2116045950099
1752810683,564,,Aggregated,135.600000,83.400000,33,54,97,150,500,710,1900,3600,13000,15000,16000,27743,16200,33,214.29585689822457,16.208060987992212,15658.03103800863,276.4977111343402
1752810684,566,,Aggregated,135.600000,83.400000,33,54,97,150,500,710,1900,3600,13000,15000,16000,27743,16200,33,214.29585689822457,16.208060987992212,15658.03103800863,276.4977111343402
1752810685,568,,Aggregated,135.600000,83.400000,33,54,97,150,500,710,1900,3600,13000,15000,16000,27743,16200,33,214.29585689822457,16.208060987992212,15658.03103800863,276.4977111343402
1752810686,570,,Aggregated,138.300000,85.300000,34,54,97,140,490,710,1900,3500,13000,15000,16000,28157,16436,34,212.12380213994254,16.208060987992212,15658.03103800863,275.9523386724438
1752810687,572,,Aggregated,138.300000,85.300000,34,54,97,140,490,710,1900,3500,13000,15000,16000,28157,16436,34,212.12380213994254,16.208060987992212,15658.03103800863,275.9523386724438
1752810688,574,,Aggregated,138.300000,85.300000,34,54,97,140,490,710,1900,3500,13000,15000,16000,28157,16436,34,212.12380213994254,16.208060987992212,15658.03103800863,275.9523386724438
1752810689,576,,Aggregated,137.300000,82.100000,34,54,96,140,480,700,1900,3500,13000,15000,16000,28603,16703,34,209.8977442851985,16.208060987992212,15658.03103800863,276.02576652798655
1752810690,578,,Aggregated,137.300000,82.100000,34,54,96,140,480,700,1900,3500,13000,15000,16000,28603,16703,34,209.8977442851985,16.208060987992212,15658.03103800863,276.02576652798655
1752810691,580,,Aggregated,137.300000,82.100000,34,54,96,140,480,700,1900,3500,13000,15000,16000,28603,16703,34,209.8977442851985,16.208060987992212,15658.03103800863,276.02576652798655
1752810692,582,,Aggregated,142.500000,83.700000,34,55,95,140,480,690,1800,3400,12000,15000,16000,29026,16960,34,207.75073760247173,16.208060987992212,15658.03103800863,275.996864879763
1752810693,584,,Aggregated,142.500000,83.700000,34,55,95,140,480,690,1800,3400,12000,15000,16000,29026,16960,34,207.75073760247173,16.208060987992212,15658.03103800863,275.996864879763
1752810694,586,,Aggregated,142.500000,83.700000,34,55,95,140,480,690,1800,3400,12000,15000,16000,29026,16960,34,207.75073760247173,16.208060987992212,15658.03103800863,275.996864879763
1752810695,588,,Aggregated,142.100000,83.700000,35,56,96,140,470,690,1800,3400,12000,15000,16000,29461,17219,35,206.3299781764492,16.208060987992212,15658.03103800863,275.93897016394556
1752810696,590,,Aggregated,142.100000,83.700000,35,56,96,140,470,690,1800,3400,12000,15000,16000,29461,17219,35,206.3299781764492,16.208060987992212,15658.03103800863,275.93897016394556
1752810697,592,,Aggregated,142.100000,83.700000,35,56,96,140,470,690,1800,3400,12000,15000,16000,29461,17219,35,206.3299781764492,16.208060987992212,15658.03103800863,275.93897016394556
1752810698,594,,Aggregated,142.400000,85.600000,35,55,95,140,460,680,1800,3400,12000,15000,16000,29911,17502,35,203.8465559742702,16.208060987992212,15658.03103800863,275.684931964829
1752810699,596,,Aggregated,142.400000,85.600000,35,55,95,140,460,680,1800,3400,12000,15000,16000,29911,17502,35,203.8465559742702,16.208060987992212,15658.03103800863,275.684931964829
1752810700,598,,Aggregated,142.400000,85.600000,35,55,95,140,460,680,1800,3400,12000,15000,16000,29911,17502,35,203.8465559742702,16.208060987992212,15658.03103800863,275.684931964829
1752810701,600,,Aggregated,143.800000,87.600000,35,55,93,140,450,680,1700,3400,12000,15000,16000,30336,17779,35,201.65570386002028,16.208060987992212,15658.03103800863,275.3779338080169
1752810702,602,,Aggregated,143.800000,87.600000,35,55,93,140,450,680,1700,3400,12000,15000,16000,30336,17779,35,201.65570386002028,16.208060987992212,15658.03103800863,275.3779338080169
1752810703,604,,Aggregated,143.800000,87.600000,35,55,93,140,450,680,1700,3400,12000,15000,16000,30336,17779,35,201.65570386002028,16.208060987992212,15658.03103800863,275.3779338080169
1752810704,606,,Aggregated,146.000000,91.000000,34,54,92,130,450,670,1700,3300,12000,15000,16000,30789,18057,34,199.4747196854907,16.208060987992212,15658.03103800863,275.248140569684
1752810705,608,,Aggregated,146.000000,91.000000,34,54,92,130,450,670,1700,3300,12000,15000,16000,30789,18057,34,199.4747196854907,16.208060987992212,15658.03103800863,275.248140569684
1752810706,610,,Aggregated,146.000000,91.000000,34,54,92,130,450,670,1700,3300,12000,15000,16000,30789,18057,34,199.4747196854907,16.208060987992212,15658.03103800863,275.248140569684
1752810707,613,,Aggregated,147.600000,93.600000,34,53,90,130,440,670,1600,3200,12000,15000,16000,31253,18329,34,197.12422471556908,16.208060987992212,15658.03103800863,275.1756311394106
1752810708,614,,Aggregated,147.600000,93.600000,34,53,90,130,440,670,1600,3200,12000,15000,16000,31253,18329,34,197.12422471556908,16.208060987992212,15658.03103800863,275.1756311394106
1752810709,615,,Aggregated,147.600000,93.600000,34,53,90,130,440,670,1600,3200,12000,15000,16000,31253,18329,34,197.12422471556908,16.208060987992212,15658.03103800863,275.1756311394106
1752810710,616,,Aggregated,149.300000,92.100000,34,54,90,130,430,660,1600,3200,12000,15000,16000,31712,18602,34,195.20598206686714,16.208060987992212,15658.03103800863,275.17835519677095
1752810711,617,,Aggregated,149.300000,92.100000,34,54,90,130,430,660,1600,3200,12000,15000,16000,31712,18602,34,195.20598206686714,16.208060987992212,15658.03103800863,275.17835519677095
1752810712,618,,Aggregated,149.300000,92.100000,34,54,90,130,430,660,1600,3200,12000,15000,16000,31712,18602,34,195.20598206686714,16.208060987992212,15658.03103800863,275.17835519677095
1752810713,619,,Aggregated,152.200000,91.100000,34,53,89,130,420,660,1500,3200,12000,15000,16000,32164,18882,34,193.12794572588507,16.208060987992212,15658.03103800863,275.2666335032956
1752810714,620,,Aggregated,152.200000,91.100000,34,53,89,130,420,660,1500,3200,12000,15000,16000,32164,18882,34,193.12794572588507,16.208060987992212,15658.03103800863,275.2666335032956
1752810715,621,,Aggregated,152.200000,91.100000,34,53,89,130,420,660,1500,3200,12000,15000,16000,32164,18882,34,193.12794572588507,16.208060987992212,15658.03103800863,275.2666335032956
1752810716,622,,Aggregated,151.200000,91.300000,34,52,87,120,420,650,1500,3100,12000,15000,16000,32628,19159,34,190.943398467037,16.208060987992212,15658.03103800863,275.3566568591394
1752810717,623,,Aggregated,151.200000,91.300000,34,52,87,120,420,650,1500,3100,12000,15000,16000,32628,19159,34,190.943398467037,16.208060987992212,15658.03103800863,275.3566568591394
1752810718,624,,Aggregated,151.200000,91.300000,34,52,87,120,420,650,1500,3100,12000,15000,16000,32628,19159,34,190.943398467037,16.208060987992212,15658.03103800863,275.3566568591394
1752810719,625,,Aggregated,152.800000,92.100000,34,51,86,120,410,650,1500,3100,12000,15000,16000,33076,19425,34,189.06598920315108,16.208060987992212,15658.03103800863,275.2110291449994
1752810720,626,,Aggregated,152.800000,92.100000,34,51,86,120,410,650,1500,3100,12000,15000,16000,33076,19425,34,189.06598920315108,16.208060987992212,15658.03103800863,275.2110291449994
1752810721,627,,Aggregated,152.800000,92.100000,34,51,86,120,410,650,1500,3100,12000,15000,16000,33076,19425,34,189.06598920315108,16.208060987992212,15658.03103800863,275.2110291449994
1752810722,628,,Aggregated,154.000000,92.800000,34,52,86,120,400,640,1500,3100,12000,15000,16000,33546,19698,34,187.7717342106225,16.208060987992212,15658.03103800863,275.2953854408871
1752810723,629,,Aggregated,154.000000,92.800000,34,52,86,120,400,640,1500,3100,12000,15000,16000,33546,19698,34,187.7717342106225,16.208060987992212,15658.03103800863,275.2953854408871
1752810724,630,,Aggregated,154.000000,92.800000,34,52,86,120,400,640,1500,3100,12000,15000,16000,33546,19698,34,187.7717342106225,16.208060987992212,15658.03103800863,275.2953854408871
1752810725,631,,Aggregated,153.300000,91.100000,34,51,85,120,390,640,1400,3100,12000,15000,16000,34008,19979,34,185.8330073447013,16.208060987992212,15658.03103800863,275.0612502940485
1752810726,632,,Aggregated,153.300000,91.100000,34,51,85,120,390,640,1400,3100,12000,15000,16000,34008,19979,34,185.8330073447013,16.208060987992212,15658.03103800863,275.0612502940485
1752810727,633,,Aggregated,153.300000,91.100000,34,51,85,120,390,640,1400,3100,12000,15000,16000,34008,19979,34,185.8330073447013,16.208060987992212,15658.03103800863,275.0612502940485
1752810728,634,,Aggregated,154.000000,91.600000,34,51,85,120,380,630,1400,3100,12000,15000,16000,34468,20266,34,184.03499799026886,16.208060987992212,15658.03103800863,274.9962573981664
1752810729,635,,Aggregated,154.000000,91.600000,34,51,85,120,380,630,1400,3100,12000,15000,16000,34468,20266,34,184.03499799026886,16.208060987992212,15658.03103800863,274.9962573981664
1752810730,636,,Aggregated,150.600000,91.100000,34,51,85,120,370,630,1400,3000,12000,15000,16000,34560,20330,34,183.7527059725007,16.208060987992212,15658.03103800863,274.91490162037036
1752810731,637,,Aggregated,154.800000,93.700000,34,51,85,120,370,620,1400,3000,12000,15000,16000,34951,20558,34,182.49093397627198,16.208060987992212,15658.03103800863,275.04592143286317
1752810732,638,,Aggregated,154.800000,93.700000,34,51,85,120,370,620,1400,3000,12000,15000,16000,34951,20558,34,182.49093397627198,16.208060987992212,15658.03103800863,275.04592143286317
1752810733,639,,Aggregated,151.900000,92.300000,34,51,85,120,370,620,1400,3000,11000,15000,16000,35038,20603,34,182.1806995199122,16.208060987992212,15658.03103800863,275.06033449397796
1752810734,640,,Aggregated,154.700000,93.700000,34,51,84,120,360,620,1400,3000,11000,15000,16000,35418,20825,34,180.72141632799656,16.208060987992212,15658.03103800863,274.96340843638825
1752810735,641,,Aggregated,154.700000,93.700000,34,51,84,120,360,620,1400,3000,11000,15000,16000,35418,20825,34,180.72141632799656,16.208060987992212,15658.03103800863,274.96340843638825
1752810736,642,,Aggregated,152.800000,92.000000,34,51,84,120,350,620,1400,3000,11000,15000,16000,35502,20876,34,180.4776598803189,16.208060987992212,15658.03103800863,274.95374908455864
1752810737,643,,Aggregated,156.400000,93.900000,34,51,85,120,340,610,1300,2900,11000,15000,16000,35891,21095,34,179.3510970793561,16.208060987992212,15658.03103800863,275.0447187317155
1752810738,644,,Aggregated,156.400000,93.900000,34,51,85,120,340,610,1300,2900,11000,15000,16000,35891,21095,34,179.3510970793561,16.208060987992212,15658.03103800863,275.0447187317155
1752810739,645,,Aggregated,154.800000,91.600000,34,51,84,120,340,610,1300,2900,11000,15000,16000,35985,21146,34,178.99650579010876,16.208060987992212,15658.03103800863,275.0934556065027
1752810740,645,,Aggregated,158.200000,93.600000,34,51,84,110,330,610,1300,2900,11000,15000,16000,36373,21392,34,177.57697706252236,16.208060987992212,15658.03103800863,274.86789651664697
1752810741,645,,Aggregated,158.200000,93.600000,34,51,84,110,330,610,1300,2900,11000,15000,16000,36373,21392,34,177.57697706252236,16.208060987992212,15658.03103800863,274.86789651664697
1752810742,645,,Aggregated,153.300000,90.700000,34,51,84,110,330,610,1300,2900,11000,15000,16000,36469,21446,34,177.39151666404516,16.208060987992212,15658.03103800863,274.80660286818943
1752810743,645,,Aggregated,153.800000,91.100000,34,52,85,120,320,610,1300,2900,11000,15000,16000,36866,21681,34,176.4621749932518,16.208060987992212,15658.03103800863,274.7633320674877
1752810744,645,,Aggregated,153.800000,91.100000,34,52,85,120,320,610,1300,2900,11000,15000,16000,36866,21681,34,176.4621749932518,16.208060987992212,15658.03103800863,274.7633320674877
1752810745,645,,Aggregated,156.900000,92.300000,34,52,85,120,320,610,1300,2900,11000,15000,16000,36948,21731,34,176.1594484670681,16.208060987992212,15658.03103800863,274.72515427086716
1752810746,645,,Aggregated,159.600000,93.800000,34,52,84,110,310,610,1300,2900,11000,15000,16000,37314,21945,34,174.8867819478766,16.208060987992212,15658.03103800863,274.685426381519
1752810747,645,,Aggregated,159.600000,93.800000,34,52,84,110,310,610,1300,2900,11000,15000,16000,37314,21945,34,174.8867819478766,16.208060987992212,15658.03103800863,274.685426381519
1752810748,0,,Aggregated,158.200000,94.500000,34,52,84,110,300,600,1200,2800,11000,15000,16000,37727,22172,34,173.68309175285873,16.208060987992212,15658.03103800863,274.8183263975402
