index,srv-profile_autoscaler_requested_pods,srv-profile_autoscaler_terminating_pods,srv-profile_autoscaler_actual_pods,srv-profile_activator_request_concurrency,srv-profile_autoscaler_desired_pods,srv-profile_autoscaler_stable_request_concurrency,srv-profile_autoscaler_panic_request_concurrency,srv-profile_autoscaler_target_concurrency_per_pod,srv-profile_autoscaler_excess_burst_capacity,srv-profile_container_cpu_usage_seconds_total
1759506755,0.0,0.0,0.0,0.0,0.0,0.0,0.0,7.0,-211.0,
1759506760,0.0,0.0,0.0,0.0,0.0,0.0,0.0,7.0,-211.0,
1759506765,0.0,0.0,0.0,0.0,0.0,0.0,0.0,7.0,-211.0,
1759506770,0.0,0.0,0.0,0.0,0.0,0.0,0.0,7.0,-211.0,
1759506775,0.0,0.0,0.0,0.0,0.0,0.0,0.0,7.0,-211.0,0.014699110211702608
1759506780,3.0,0.0,3.0,0.0,3.0,19.230058,0.0,7.0,-181.0,0.07468945990694528
1759506785,3.0,0.0,3.0,0.0,3.0,19.230058,0.0,7.0,-181.0,0.09635204401915973
1759506790,3.0,0.0,3.0,33.21646803583471,3.0,19.230058,0.0,7.0,-181.0,0.10940508787819303
1759506795,3.0,0.0,3.0,33.21646803583471,3.0,19.230058,0.0,7.0,-181.0,0.16253604748142564
1759506800,3.0,0.0,3.0,33.21646803583471,3.0,19.230058,0.0,7.0,-181.0,0.18777905651488397
1759506805,3.0,0.0,3.0,33.21646803583471,3.0,19.230058,0.0,7.0,-181.0,0.19361243669729483
1759506810,3.0,0.0,3.0,33.21646803583471,5.0,34.921101,0.0,7.0,-181.0,0.20973301571401337
1759506815,3.0,0.0,3.0,33.21646803583471,5.0,34.921101,0.0,7.0,-181.0,0.20167917344908545
1759506815,3.0,0.0,3.0,33.21646803583471,5.0,34.921101,0.0,7.0,-181.0,0.2720032379404146
1759506820,3.0,0.0,3.0,146.30184966698764,5.0,34.921101,0.0,7.0,-181.0,0.2844820974760191
1759506825,3.0,0.0,3.0,146.30184966698764,5.0,34.921101,0.0,7.0,-181.0,0.30576706612737364
1759506830,3.0,0.0,3.0,146.30184966698764,5.0,34.921101,0.0,7.0,-181.0,0.30122715862182253
1759506835,3.0,0.0,3.0,146.30184966698764,5.0,34.921101,0.0,7.0,-181.0,0.26933974670052674
1759506840,3.0,0.0,3.0,146.30184966698764,3.0,0.05023,0.0,7.0,-181.0,0.24120105448288676
1759506845,3.0,0.0,3.0,146.30184966698764,3.0,0.05023,0.0,7.0,-181.0,0.22731484789532258
1759506850,3.0,0.0,3.0,0.0,3.0,0.05023,0.0,7.0,-181.0,0.1742458914863688
1759506855,3.0,0.0,3.0,0.0,3.0,0.05023,0.0,7.0,-181.0,0.12899903958449999
1759506860,3.0,0.0,3.0,0.0,3.0,0.05023,0.0,7.0,-181.0,0.14085473853249816
1759506865,3.0,0.0,3.0,0.0,3.0,0.05023,0.0,7.0,-181.0,0.1555145311305983
1759506870,3.0,0.0,3.0,0.0,6.0,122.598173,0.0,7.0,-181.0,0.15172088019272864
1759506875,3.0,0.0,3.0,0.0,6.0,122.598173,0.0,7.0,-181.0,0.1272433480981966
1759506875,3.0,0.0,3.0,0.0,6.0,122.598173,0.0,7.0,-181.0,0.17169372866585653
1759506880,3.0,0.0,3.0,3.916938963120186,6.0,122.598173,0.0,7.0,-181.0,0.144402905572711
1759506885,3.0,0.0,3.0,3.916938963120186,6.0,122.598173,0.0,7.0,-181.0,0.20027566539735314
1759506890,3.0,0.0,3.0,3.916938963120186,6.0,122.598173,0.0,7.0,-181.0,0.20698087472070792
1759506895,3.0,0.0,3.0,3.916938963120186,6.0,122.598173,0.0,7.0,-181.0,0.2567972781657347
1759506900,3.0,0.0,3.0,3.916938963120186,3.0,11.173303,0.0,7.0,-181.0,0.287153560958796
1759506905,3.0,0.0,3.0,3.916938963120186,3.0,11.173303,0.0,7.0,-181.0,0.32825858702709937
1759506910,3.0,0.0,3.0,49.318591734852795,3.0,11.173303,0.0,7.0,-181.0,0.34211528083109244
1759506915,3.0,0.0,3.0,49.318591734852795,3.0,11.173303,0.0,7.0,-181.0,0.3381510191077636
1759506920,3.0,0.0,3.0,49.318591734852795,3.0,11.173303,0.0,7.0,-181.0,0.367216106836588
1759506925,3.0,0.0,3.0,49.318591734852795,3.0,11.173303,0.0,7.0,-181.0,0.3302905177347851
1759506930,3.0,0.0,3.0,49.318591734852795,6.0,40.703356,0.0,7.0,-181.0,0.3515771846037793
1759506935,3.0,0.0,3.0,49.318591734852795,6.0,40.703356,0.0,7.0,-181.0,0.3170993420383661
1759506935,3.0,0.0,3.0,49.318591734852795,6.0,40.703356,0.0,7.0,-181.0,0.36699723682710117
1759506940,3.0,0.0,3.0,9.77141832470809,6.0,40.703356,0.0,7.0,-181.0,0.36657933342115395
1759506945,3.0,0.0,3.0,9.77141832470809,6.0,40.703356,0.0,7.0,-181.0,0.373622518766318
1759506950,3.0,0.0,3.0,9.77141832470809,6.0,40.703356,0.0,7.0,-181.0,0.373622518766318
1759506955,3.0,0.0,3.0,9.77141832470809,6.0,40.703356,0.0,7.0,-181.0,0.3667034822806413
1759506960,3.0,0.0,3.0,9.77141832470809,6.0,86.035871,0.0,7.0,-181.0,0.3667034822806413
1759506965,3.0,0.0,3.0,9.77141832470809,6.0,86.035871,0.0,7.0,-181.0,0.3686351716808082
1759506970,3.0,0.0,3.0,55.24873316982013,6.0,86.035871,0.0,7.0,-181.0,0.3294007789926581
1759506975,3.0,0.0,3.0,55.24873316982013,6.0,86.035871,0.0,7.0,-181.0,0.35923914513101635
1759506980,3.0,0.0,3.0,55.24873316982013,6.0,86.035871,0.0,7.0,-181.0,0.3592391451310164
1759506985,3.0,0.0,3.0,55.24873316982013,6.0,86.035871,0.0,7.0,-181.0,0.35444568049583736
1759506990,3.0,0.0,3.0,55.24873316982013,6.0,196.777387,0.0,7.0,-181.0,0.3476800873845516
1759506995,3.0,0.0,3.0,55.24873316982013,6.0,196.777387,0.0,7.0,-181.0,0.3442738951770819
1759506995,3.0,0.0,3.0,55.24873316982013,6.0,196.777387,0.0,7.0,-181.0,0.3442738951770819
1759507000,3.0,0.0,3.0,28.20741512957353,6.0,196.777387,0.0,7.0,-181.0,0.3209750432900774
1759507005,3.0,0.0,3.0,28.20741512957353,6.0,196.777387,0.0,7.0,-181.0,0.3384829936692767
1759507010,3.0,0.0,3.0,28.20741512957353,6.0,196.777387,0.0,7.0,-181.0,0.3384829936692767
1759507015,3.0,0.0,3.0,28.20741512957353,6.0,196.777387,0.0,7.0,-181.0,0.3427189903797113
1759507020,3.0,0.0,3.0,28.20741512957353,3.0,7.674604,0.0,7.0,-181.0,0.334381031932799
1759507025,3.0,0.0,3.0,28.20741512957353,3.0,7.674604,0.0,7.0,-181.0,0.334381031932799
1759507030,3.0,0.0,3.0,12.801711596782557,3.0,7.674604,0.0,7.0,-181.0,0.3239838624797551
1759507035,3.0,0.0,3.0,12.801711596782557,3.0,7.674604,0.0,7.0,-181.0,0.3602140757049595
1759507040,3.0,0.0,3.0,12.801711596782557,3.0,7.674604,0.0,7.0,-181.0,0.3602140757049595
1759507045,3.0,0.0,3.0,12.801711596782557,3.0,7.674604,0.0,7.0,-181.0,0.3201641082583532
1759507050,3.0,0.0,3.0,12.801711596782557,6.0,117.699583,0.0,7.0,-181.0,0.302110027565048
1759507055,3.0,0.0,3.0,12.801711596782557,6.0,117.699583,0.0,7.0,-181.0,0.2936356182743582
1759507055,3.0,0.0,3.0,12.801711596782557,6.0,117.699583,0.0,7.0,-181.0,0.3161824354898547
1759507060,3.0,0.0,3.0,4.905971049027744,6.0,117.699583,0.0,7.0,-181.0,0.3113324490258258
1759507065,3.0,0.0,3.0,4.905971049027744,6.0,117.699583,0.0,7.0,-181.0,0.340875303309842
1759507070,3.0,0.0,3.0,4.905971049027744,6.0,117.699583,0.0,7.0,-181.0,0.357050283111237
1759507075,3.0,0.0,3.0,4.905971049027744,6.0,117.699583,0.0,7.0,-181.0,0.3399313978488889
1759507080,3.0,0.0,3.0,4.905971049027744,4.0,22.226886,0.0,7.0,-181.0,0.3494631874456685
1759507085,3.0,0.0,3.0,4.905971049027744,4.0,22.226886,0.0,7.0,-181.0,0.3494631874456685
1759507090,3.0,0.0,3.0,1.6713523006844684,4.0,22.226886,0.0,7.0,-181.0,0.37461555801467983
1759507095,3.0,0.0,3.0,1.6713523006844684,4.0,22.226886,0.0,7.0,-181.0,0.3930186094438868
1759507100,3.0,0.0,3.0,1.6713523006844684,4.0,22.226886,0.0,7.0,-181.0,0.411581993250578
1759507105,3.0,0.0,3.0,1.6713523006844684,4.0,22.226886,0.0,7.0,-181.0,0.39844907308646826
1759507110,3.0,0.0,3.0,1.6713523006844684,3.0,1.790414,0.0,7.0,-181.0,0.34979871488651465
1759507115,3.0,0.0,3.0,1.6713523006844684,3.0,1.790414,0.0,7.0,-181.0,0.3376840892312081
1759507115,3.0,0.0,3.0,1.6713523006844684,3.0,1.790414,0.0,7.0,-181.0,0.34287142621797567
1759507120,3.0,0.0,3.0,5.493785731836686,3.0,1.790414,0.0,7.0,-181.0,0.32291279462563566
1759507125,3.0,0.0,3.0,5.493785731836686,3.0,1.790414,0.0,7.0,-181.0,0.3422188392787455
1759507130,3.0,0.0,3.0,5.493785731836686,3.0,1.790414,0.0,7.0,-181.0,0.3428580415049211
1759507135,3.0,0.0,3.0,5.493785731836686,3.0,1.790414,0.0,7.0,-181.0,0.3170498726090064
1759507140,3.0,0.0,3.0,5.493785731836686,6.0,155.947272,0.0,7.0,-181.0,0.32310861702302485
1759507145,3.0,0.0,3.0,5.493785731836686,6.0,155.947272,0.0,7.0,-181.0,0.32310861702302485
1759507150,3.0,0.0,3.0,310.54109105896396,6.0,155.947272,0.0,7.0,-181.0,0.31667015285433103
1759507155,3.0,0.0,3.0,310.54109105896396,6.0,155.947272,0.0,7.0,-181.0,0.32324362422632236
1759507160,3.0,0.0,3.0,310.54109105896396,6.0,155.947272,0.0,7.0,-181.0,0.3377890102796878
1759507165,3.0,0.0,3.0,310.54109105896396,6.0,155.947272,0.0,7.0,-181.0,0.32745591867733825
1759507170,3.0,0.0,3.0,310.54109105896396,3.0,4.009145,0.0,7.0,-181.0,0.3432489065504152
1759507175,3.0,0.0,3.0,310.54109105896396,3.0,4.009145,0.0,7.0,-181.0,0.29995606667495167
1759507175,3.0,0.0,3.0,310.54109105896396,3.0,4.009145,0.0,7.0,-181.0,0.32607446603977647
1759507180,3.0,0.0,3.0,6.222170972935421,3.0,4.009145,0.0,7.0,-181.0,0.32434039856502006
1759507185,3.0,0.0,3.0,6.222170972935421,3.0,4.009145,0.0,7.0,-181.0,0.3168852479934242
1759507190,3.0,0.0,3.0,6.222170972935421,3.0,4.009145,0.0,7.0,-181.0,0.3168852479934242
1759507195,3.0,0.0,3.0,6.222170972935421,3.0,4.009145,0.0,7.0,-181.0,0.3141290083175683
1759507200,3.0,0.0,3.0,6.222170972935421,6.0,151.241808,0.0,7.0,-181.0,0.29563868489669226
1759507205,3.0,0.0,3.0,6.222170972935421,6.0,151.241808,0.0,7.0,-181.0,0.30689198768457465
1759507210,3.0,0.0,3.0,89.19995461117259,6.0,151.241808,0.0,7.0,-181.0,0.3181768601985532
1759507215,3.0,0.0,3.0,89.19995461117259,6.0,151.241808,0.0,7.0,-181.0,0.31309001157472643
1759507220,3.0,0.0,3.0,89.19995461117259,6.0,151.241808,0.0,7.0,-181.0,0.3174578451740428
1759507225,3.0,0.0,3.0,89.19995461117259,6.0,151.241808,0.0,7.0,-181.0,0.3119711939408152
1759507230,3.0,0.0,3.0,89.19995461117259,3.0,1.939079,0.0,7.0,-181.0,0.31095433868397654
1759507235,3.0,0.0,3.0,89.19995461117259,3.0,1.939079,0.0,7.0,-181.0,0.2935233332515688
1759507235,3.0,0.0,3.0,89.19995461117259,3.0,1.939079,0.0,7.0,-181.0,0.30842102560896056
1759507240,3.0,0.0,3.0,6.604625985520274,3.0,1.939079,0.0,7.0,-181.0,0.28970278110272474
1759507245,3.0,0.0,3.0,6.604625985520274,3.0,1.939079,0.0,7.0,-181.0,0.26101170142827984
1759507250,3.0,0.0,3.0,6.604625985520274,3.0,1.939079,0.0,7.0,-181.0,0.27218251157232126
1759507255,3.0,0.0,3.0,6.604625985520274,3.0,1.939079,0.0,7.0,-181.0,0.22676054464768072
1759507260,3.0,0.0,3.0,6.604625985520274,6.0,43.01236,0.0,7.0,-181.0,0.24626910964829377
1759507265,3.0,0.0,3.0,6.604625985520274,6.0,43.01236,0.0,7.0,-181.0,0.24637786682886012
1759507270,3.0,0.0,3.0,12.407344296221531,6.0,43.01236,0.0,7.0,-181.0,0.24002803238581366
1759507275,3.0,0.0,3.0,12.407344296221531,6.0,43.01236,0.0,7.0,-181.0,0.2468312361076719
1759507280,3.0,0.0,3.0,12.407344296221531,6.0,43.01236,0.0,7.0,-181.0,0.24900564636895262
1759507285,3.0,0.0,3.0,12.407344296221531,6.0,43.01236,0.0,7.0,-181.0,0.2591059151449665
1759507290,3.0,0.0,3.0,12.407344296221531,4.0,23.025082,0.0,7.0,-181.0,0.2591059151449665
1759507295,3.0,0.0,3.0,12.407344296221531,4.0,23.025082,0.0,7.0,-181.0,0.26444747297663496
1759507295,3.0,0.0,3.0,12.407344296221531,4.0,23.025082,0.0,7.0,-181.0,0.25520985813610636
1759507300,3.0,0.0,3.0,25.295648068103606,4.0,23.025082,0.0,7.0,-181.0,0.25276847698293825
1759507305,3.0,0.0,3.0,25.295648068103606,4.0,23.025082,0.0,7.0,-181.0,0.2583091348788755
1759507310,3.0,0.0,3.0,25.295648068103606,4.0,23.025082,0.0,7.0,-181.0,0.2599868976591027
1759507315,3.0,0.0,3.0,25.295648068103606,4.0,23.025082,0.0,7.0,-181.0,0.25970858676414144
1759507320,3.0,0.0,3.0,25.295648068103606,6.0,82.212203,0.0,7.0,-181.0,0.26923124123403636
1759507325,3.0,0.0,3.0,25.295648068103606,6.0,82.212203,0.0,7.0,-181.0,0.28464342256925335
1759507330,3.0,0.0,3.0,0.1976047064202425,6.0,82.212203,0.0,7.0,-181.0,0.28378350616675985
1759507335,3.0,0.0,3.0,0.1976047064202425,6.0,82.212203,0.0,7.0,-181.0,0.2892716799981341
1759507340,3.0,0.0,3.0,0.1976047064202425,6.0,82.212203,0.0,7.0,-181.0,0.3195919096531274
1759507345,3.0,0.0,3.0,0.1976047064202425,6.0,82.212203,0.0,7.0,-181.0,0.32986164200825024
1759507350,3.0,0.0,3.0,0.1976047064202425,3.0,15.561117,0.0,7.0,-181.0,0.35653747370993344
1759507355,3.0,0.0,3.0,0.1976047064202425,3.0,15.561117,0.0,7.0,-181.0,0.33992275707993524
1759507355,3.0,0.0,3.0,0.1976047064202425,3.0,15.561117,0.0,7.0,-181.0,0.35968055141514277
1759507360,3.0,0.0,3.0,13.032899705461444,3.0,15.561117,0.0,7.0,-181.0,0.35212842565179825
1759507365,3.0,0.0,3.0,13.032899705461444,3.0,15.561117,0.0,7.0,-181.0,0.3547973471913181
1759507370,3.0,0.0,3.0,13.032899705461444,3.0,15.561117,0.0,7.0,-181.0,0.3480073350331406
1759507375,3.0,0.0,3.0,13.032899705461444,3.0,15.561117,0.0,7.0,-181.0,0.36054975789860977
1759507380,3.0,0.0,3.0,13.032899705461444,6.0,187.562356,0.0,7.0,-181.0,0.36150796730631896
1759507385,3.0,0.0,3.0,13.032899705461444,6.0,187.562356,0.0,7.0,-181.0,0.3581209100412566
1759507390,3.0,0.0,3.0,0.06929626585561122,6.0,187.562356,0.0,7.0,-181.0,0.33207201034945916
1759507395,3.0,0.0,3.0,0.06929626585561122,6.0,187.562356,0.0,7.0,-181.0,0.3234704737296465
1759507400,3.0,0.0,3.0,0.06929626585561122,6.0,187.562356,0.0,7.0,-181.0,0.31852407258657006
1759507405,3.0,0.0,3.0,0.06929626585561122,6.0,187.562356,0.0,7.0,-181.0,0.3317253834516885
1759507410,3.0,0.0,3.0,0.06929626585561122,6.0,79.097701,0.0,7.0,-181.0,0.31815463193653704
1759507415,3.0,0.0,3.0,0.06929626585561122,6.0,79.097701,0.0,7.0,-181.0,0.28814729224148017
1759507415,3.0,0.0,3.0,0.06929626585561122,6.0,79.097701,0.0,7.0,-181.0,0.3435689393693959
1759507420,3.0,0.0,3.0,0.028862434966264294,6.0,79.097701,0.0,7.0,-181.0,0.3291306048720258
1759507425,3.0,0.0,3.0,0.028862434966264294,6.0,79.097701,0.0,7.0,-181.0,0.34647782332616806
1759507430,3.0,0.0,3.0,0.028862434966264294,6.0,79.097701,0.0,7.0,-181.0,0.33849576059525244
1759507435,3.0,0.0,3.0,0.028862434966264294,6.0,79.097701,0.0,7.0,-181.0,0.3488740900040561
1759507440,3.0,0.0,3.0,0.028862434966264294,6.0,233.646424,0.0,7.0,-181.0,0.36133678357064236
1759507445,3.0,0.0,3.0,0.028862434966264294,6.0,233.646424,0.0,7.0,-181.0,0.3652771433400368
1759507450,3.0,0.0,3.0,519.8630386892205,6.0,233.646424,0.0,7.0,-181.0,0.34932801869879354
1759507455,3.0,0.0,3.0,519.8630386892205,6.0,233.646424,0.0,7.0,-181.0,0.34932801869879354
1759507460,3.0,0.0,3.0,519.8630386892205,6.0,233.646424,0.0,7.0,-181.0,0.3249467601790106
1759507465,3.0,0.0,3.0,519.8630386892205,6.0,233.646424,0.0,7.0,-181.0,0.2969636521899559
1759507470,3.0,0.0,3.0,519.8630386892205,3.0,6.461094,0.0,7.0,-181.0,0.31930460432055263
1759507475,3.0,0.0,3.0,519.8630386892205,3.0,6.461094,0.0,7.0,-181.0,0.2679600398914441
1759507475,3.0,0.0,3.0,519.8630386892205,3.0,6.461094,0.0,7.0,-181.0,0.3070073195711393
1759507480,3.0,0.0,3.0,0.026283662330270696,3.0,6.461094,0.0,7.0,-181.0,0.32119975533779815
1759507485,3.0,0.0,3.0,0.026283662330270696,3.0,6.461094,0.0,7.0,-181.0,0.2905508641778328
1759507490,3.0,0.0,3.0,0.026283662330270696,3.0,6.461094,0.0,7.0,-181.0,0.25978807349089583
1759507495,3.0,0.0,3.0,0.026283662330270696,3.0,6.461094,0.0,7.0,-181.0,0.28647350643325853
1759507500,3.0,0.0,3.0,0.026283662330270696,6.0,61.432085,0.0,7.0,-181.0,0.28647350643325853
1759507505,3.0,0.0,3.0,0.026283662330270696,6.0,61.432085,0.0,7.0,-181.0,0.2851017021867817
1759507510,3.0,0.0,3.0,251.4195339277631,6.0,61.432085,0.0,7.0,-181.0,0.27156699100089826
1759507515,3.0,0.0,3.0,251.4195339277631,6.0,61.432085,0.0,7.0,-181.0,0.28407895506930336
1759507520,3.0,0.0,3.0,251.4195339277631,6.0,61.432085,0.0,7.0,-181.0,0.273904068149169
1759507525,3.0,0.0,3.0,251.4195339277631,6.0,61.432085,0.0,7.0,-181.0,0.2635995862879964
1759507530,3.0,0.0,3.0,251.4195339277631,6.0,261.996995,0.0,7.0,-181.0,0.2284985948121776
1759507535,3.0,0.0,3.0,251.4195339277631,6.0,261.996995,0.0,7.0,-181.0,0.23486853980185005
1759507535,3.0,0.0,3.0,251.4195339277631,6.0,261.996995,0.0,7.0,-181.0,0.25686349517648477
1759507540,3.0,0.0,3.0,100.34070796345569,6.0,261.996995,0.0,7.0,-181.0,0.25273485485968716
1759507545,3.0,0.0,3.0,100.34070796345569,6.0,261.996995,0.0,7.0,-181.0,0.25273485485968716
1759507550,3.0,0.0,3.0,100.34070796345569,6.0,261.996995,0.0,7.0,-181.0,0.2433737567574114
1759507555,3.0,0.0,3.0,100.34070796345569,6.0,261.996995,0.0,7.0,-181.0,0.2604515223065217
1759507560,3.0,0.0,3.0,100.34070796345569,6.0,215.608846,0.0,7.0,-181.0,0.27334803106047456
1759507565,3.0,0.0,3.0,100.34070796345569,6.0,215.608846,0.0,7.0,-181.0,0.2737105547289984
1759507570,3.0,0.0,3.0,17.032292737166895,6.0,215.608846,0.0,7.0,-181.0,0.34169376269445906
1759507575,3.0,0.0,3.0,17.032292737166895,6.0,215.608846,0.0,7.0,-181.0,0.35097156617416064
1759507580,3.0,0.0,3.0,17.032292737166895,6.0,215.608846,0.0,7.0,-181.0,0.3707983974519142
1759507585,3.0,0.0,3.0,17.032292737166895,6.0,215.608846,0.0,7.0,-181.0,0.37907996931776555
1759507590,3.0,0.0,3.0,17.032292737166895,6.0,118.727609,0.0,7.0,-181.0,0.370740519277321
1759507595,3.0,0.0,3.0,17.032292737166895,6.0,118.727609,0.0,7.0,-181.0,0.31266910344330273
1759507595,3.0,0.0,3.0,17.032292737166895,6.0,118.727609,0.0,7.0,-181.0,0.37007600701063603
1759507600,3.0,0.0,3.0,10.96663264964412,6.0,118.727609,0.0,7.0,-181.0,0.39598806611579024
1759507605,3.0,0.0,3.0,10.96663264964412,6.0,118.727609,0.0,7.0,-181.0,0.3715813628986515
1759507610,3.0,0.0,3.0,10.96663264964412,6.0,118.727609,0.0,7.0,-181.0,0.35731596196093574
1759507615,3.0,0.0,3.0,10.96663264964412,6.0,118.727609,0.0,7.0,-181.0,0.35795012012707544
1759507620,3.0,0.0,3.0,10.96663264964412,6.0,107.632429,0.0,7.0,-181.0,0.36841452202236025
1759507625,3.0,0.0,3.0,10.96663264964412,6.0,107.632429,0.0,7.0,-181.0,0.3578294745223228
1759507630,3.0,0.0,3.0,279.40148242184347,6.0,107.632429,0.0,7.0,-181.0,0.34873821963647295
1759507635,3.0,0.0,3.0,279.40148242184347,6.0,107.632429,0.0,7.0,-181.0,0.34201717906106727
1759507640,3.0,0.0,3.0,279.40148242184347,6.0,107.632429,0.0,7.0,-181.0,0.3682064792435074
1759507645,3.0,0.0,3.0,279.40148242184347,6.0,107.632429,0.0,7.0,-181.0,0.36714802856632
1759507650,3.0,0.0,3.0,279.40148242184347,6.0,148.504825,0.0,7.0,-181.0,0.32304136584262994
1759507655,3.0,0.0,3.0,279.40148242184347,6.0,148.504825,0.0,7.0,-181.0,0.29433043377005197
1759507655,3.0,0.0,3.0,279.40148242184347,6.0,148.504825,0.0,7.0,-181.0,0.3511204317675716
1759507660,3.0,0.0,3.0,17.268266686664518,6.0,148.504825,0.0,7.0,-181.0,0.34537631276976
1759507665,3.0,0.0,3.0,17.268266686664518,6.0,148.504825,0.0,7.0,-181.0,0.355181210654793
1759507670,3.0,0.0,3.0,17.268266686664518,6.0,148.504825,0.0,7.0,-181.0,0.37170793552886927
1759507675,3.0,0.0,3.0,17.268266686664518,6.0,148.504825,0.0,7.0,-181.0,0.36435710629746837
1759507680,3.0,0.0,3.0,17.268266686664518,6.0,91.38065,0.0,7.0,-181.0,0.33053227656260337
1759507685,3.0,0.0,3.0,17.268266686664518,6.0,91.38065,0.0,7.0,-181.0,0.354620672997267
1759507690,3.0,0.0,3.0,558.9067088077586,6.0,91.38065,0.0,7.0,-181.0,0.354620672997267
1759507695,3.0,0.0,3.0,558.9067088077586,6.0,91.38065,0.0,7.0,-181.0,0.35017999898164365
1759507700,3.0,0.0,3.0,558.9067088077586,6.0,91.38065,0.0,7.0,-181.0,0.3428786885034443
1759507705,3.0,0.0,3.0,558.9067088077586,6.0,91.38065,0.0,7.0,-181.0,0.3537769560131382
1759507710,3.0,0.0,3.0,558.9067088077586,6.0,160.486105,0.0,7.0,-181.0,0.3389101445384303
1759507715,3.0,0.0,3.0,558.9067088077586,6.0,160.486105,0.0,7.0,-181.0,0.33376385732533814
1759507715,3.0,0.0,3.0,558.9067088077586,6.0,160.486105,0.0,7.0,-181.0,0.3612013177213721
1759507720,3.0,0.0,3.0,19.378944056925647,6.0,160.486105,0.0,7.0,-181.0,0.29913010858903955
1759507725,3.0,0.0,3.0,19.378944056925647,6.0,160.486105,0.0,7.0,-181.0,0.35023850584949634
1759507730,3.0,0.0,3.0,19.378944056925647,6.0,160.486105,0.0,7.0,-181.0,0.35325072539603514
1759507735,3.0,0.0,3.0,19.378944056925647,6.0,160.486105,0.0,7.0,-181.0,0.3497121376278068
1759507740,3.0,0.0,3.0,19.378944056925647,6.0,48.750092,0.0,7.0,-181.0,0.3439672825530917
1759507745,3.0,0.0,3.0,19.378944056925647,6.0,48.750092,0.0,7.0,-181.0,0.32263821574532836
1759507750,3.0,0.0,3.0,279.09978576237216,6.0,48.750092,0.0,7.0,-181.0,0.341887817462116
1759507755,3.0,0.0,3.0,279.09978576237216,6.0,48.750092,0.0,7.0,-181.0,0.33053853901744823
1759507760,3.0,0.0,3.0,279.09978576237216,6.0,48.750092,0.0,7.0,-181.0,0.345645008664172
1759507765,3.0,0.0,3.0,279.09978576237216,6.0,48.750092,0.0,7.0,-181.0,0.33979059605899387
1759507770,3.0,0.0,3.0,279.09978576237216,6.0,101.443586,0.0,7.0,-181.0,0.37223022715725484
1759507775,3.0,0.0,3.0,279.09978576237216,6.0,101.443586,0.0,7.0,-181.0,0.3545733690917091
1759507775,3.0,0.0,3.0,279.09978576237216,6.0,101.443586,0.0,7.0,-181.0,0.352623794582322
1759507780,3.0,0.0,3.0,89.58666925670349,6.0,101.443586,0.0,7.0,-181.0,0.36179307484374995
1759507785,3.0,0.0,3.0,89.58666925670349,6.0,101.443586,0.0,7.0,-181.0,0.3363703254767809
1759507790,3.0,0.0,3.0,89.58666925670349,6.0,101.443586,0.0,7.0,-181.0,0.3586286910499007
1759507795,3.0,0.0,3.0,89.58666925670349,6.0,101.443586,0.0,7.0,-181.0,0.35712238967411625
1759507800,3.0,0.0,3.0,89.58666925670349,6.0,86.848186,0.0,7.0,-181.0,0.3451462703354901
1759507805,3.0,0.0,3.0,89.58666925670349,6.0,86.848186,0.0,7.0,-181.0,0.36081858532797734
1759507810,3.0,0.0,3.0,43.86011023878936,6.0,86.848186,0.0,7.0,-181.0,0.3447941392301669
1759507815,3.0,0.0,3.0,43.86011023878936,6.0,86.848186,0.0,7.0,-181.0,0.35077021288184473
1759507820,3.0,0.0,3.0,43.86011023878936,6.0,86.848186,0.0,7.0,-181.0,0.3555798858425898
1759507825,3.0,0.0,3.0,43.86011023878936,6.0,86.848186,0.0,7.0,-181.0,0.35797255191508154
1759507830,3.0,0.0,3.0,43.86011023878936,6.0,258.952623,0.0,7.0,-181.0,0.3139706028867546
1759507835,3.0,0.0,3.0,43.86011023878936,6.0,258.952623,0.0,7.0,-181.0,0.29568159566127367
1759507835,3.0,0.0,3.0,43.86011023878936,6.0,258.952623,0.0,7.0,-181.0,0.37554920625394167
1759507840,3.0,0.0,3.0,256.21997087056667,6.0,258.952623,0.0,7.0,-181.0,0.37679882779182206
1759507845,3.0,0.0,3.0,256.21997087056667,6.0,258.952623,0.0,7.0,-181.0,0.37679882779182206
1759507850,3.0,0.0,3.0,256.21997087056667,6.0,258.952623,0.0,7.0,-181.0,0.3213521812189347
1759507855,3.0,0.0,3.0,256.21997087056667,6.0,258.952623,0.0,7.0,-181.0,0.3162942745435591
1759507860,3.0,0.0,3.0,256.21997087056667,6.0,348.943423,0.0,7.0,-181.0,0.3162942745435591
1759507865,3.0,0.0,3.0,256.21997087056667,6.0,348.943423,0.0,7.0,-181.0,0.34478514977202784
1759507870,3.0,0.0,3.0,11.437184571587581,6.0,348.943423,0.0,7.0,-181.0,0.31679216824945455
1759507875,3.0,0.0,3.0,11.437184571587581,6.0,348.943423,0.0,7.0,-181.0,0.3293261138876872
1759507880,3.0,0.0,3.0,11.437184571587581,6.0,348.943423,0.0,7.0,-181.0,0.3214955290848338
1759507885,3.0,0.0,3.0,11.437184571587581,6.0,348.943423,0.0,7.0,-181.0,0.3214955290848338
1759507890,3.0,0.0,3.0,11.437184571587581,3.0,0.421917,0.0,7.0,-181.0,0.325241139778976
1759507895,3.0,0.0,3.0,11.437184571587581,3.0,0.421917,0.0,7.0,-181.0,0.3378139282235499
1759507895,3.0,0.0,3.0,11.437184571587581,3.0,0.421917,0.0,7.0,-181.0,0.35250798303091324
1759507900,3.0,0.0,3.0,0.1381992777207372,3.0,0.421917,0.0,7.0,-181.0,0.33898647895387235
1759507905,3.0,0.0,3.0,0.1381992777207372,3.0,0.421917,0.0,7.0,-181.0,0.33867255140003555
1759507910,3.0,0.0,3.0,0.1381992777207372,3.0,0.421917,0.0,7.0,-181.0,0.31383984759118666
1759507915,3.0,0.0,3.0,0.1381992777207372,3.0,0.421917,0.0,7.0,-181.0,0.31383984759118666
1759507920,3.0,0.0,3.0,0.1381992777207372,6.0,54.388484,0.0,7.0,-181.0,0.3177364831185842
1759507925,3.0,0.0,3.0,0.1381992777207372,6.0,54.388484,0.0,7.0,-181.0,0.3066211331865693
1759507930,3.0,0.0,3.0,282.57560289151274,6.0,54.388484,0.0,7.0,-181.0,0.32848657858566366
1759507935,3.0,0.0,3.0,282.57560289151274,6.0,54.388484,0.0,7.0,-181.0,0.3226961660847806
1759507940,3.0,0.0,3.0,282.57560289151274,6.0,54.388484,0.0,7.0,-181.0,0.3532227003184445
1759507945,3.0,0.0,3.0,282.57560289151274,6.0,54.388484,0.0,7.0,-181.0,0.35647886820864383
1759507950,3.0,0.0,3.0,282.57560289151274,6.0,203.567124,0.0,7.0,-181.0,0.35142428029713996
1759507955,3.0,0.0,3.0,282.57560289151274,6.0,203.567124,0.0,7.0,-181.0,0.32420337337712235
1759507955,3.0,0.0,3.0,282.57560289151274,6.0,203.567124,0.0,7.0,-181.0,0.3672014038187616
1759507960,3.0,0.0,3.0,14.022940839893076,6.0,203.567124,0.0,7.0,-181.0,0.36389151194778796
1759507965,3.0,0.0,3.0,14.022940839893076,6.0,203.567124,0.0,7.0,-181.0,0.36167198729599426
1759507970,3.0,0.0,3.0,14.022940839893076,6.0,203.567124,0.0,7.0,-181.0,0.3368477063440909
1759507975,3.0,0.0,3.0,14.022940839893076,6.0,203.567124,0.0,7.0,-181.0,0.3585066293573514
1759507980,3.0,0.0,3.0,14.022940839893076,3.0,9.029779,0.0,7.0,-181.0,0.34804192440963244
1759507985,3.0,0.0,3.0,14.022940839893076,3.0,9.029779,0.0,7.0,-181.0,0.3531966371854152
1759507990,3.0,0.0,3.0,410.03444154599754,3.0,9.029779,0.0,7.0,-181.0,0.359709711361067
1759507995,3.0,0.0,3.0,410.03444154599754,3.0,9.029779,0.0,7.0,-181.0,0.365044532813373
1759508000,3.0,0.0,3.0,410.03444154599754,3.0,9.029779,0.0,7.0,-181.0,0.3655672983404973
1759508005,3.0,0.0,3.0,410.03444154599754,3.0,9.029779,0.0,7.0,-181.0,0.3655672983404973
1759508010,3.0,0.0,3.0,410.03444154599754,6.0,58.22589,0.0,7.0,-181.0,0.34910824331466234
1759508015,3.0,0.0,3.0,410.03444154599754,6.0,58.22589,0.0,7.0,-181.0,0.33505397271855003
1759508015,3.0,0.0,3.0,410.03444154599754,6.0,58.22589,0.0,7.0,-181.0,0.36432681209000417
1759508020,3.0,0.0,3.0,22.81379725404853,6.0,58.22589,0.0,7.0,-181.0,0.3748100240406981
1759508025,3.0,0.0,3.0,22.81379725404853,6.0,58.22589,0.0,7.0,-181.0,0.3687708634685669
1759508030,3.0,0.0,3.0,22.81379725404853,6.0,58.22589,0.0,7.0,-181.0,0.33058020112508857
1759508035,3.0,0.0,3.0,22.81379725404853,6.0,58.22589,0.0,7.0,-181.0,0.3562846486001355
1759508040,3.0,0.0,3.0,22.81379725404853,6.0,35.083894,0.0,7.0,-181.0,0.35014333865196623
1759508045,3.0,0.0,3.0,22.81379725404853,6.0,35.083894,0.0,7.0,-181.0,0.32667794128918604
1759508050,3.0,0.0,3.0,0.05641362005086966,6.0,35.083894,0.0,7.0,-181.0,0.331992864753369
1759508055,3.0,0.0,3.0,0.05641362005086966,6.0,35.083894,0.0,7.0,-181.0,0.3251437798455055
1759508060,3.0,0.0,3.0,0.05641362005086966,6.0,35.083894,0.0,7.0,-181.0,0.24674607550868874
1759508065,3.0,0.0,3.0,0.05641362005086966,6.0,35.083894,0.0,7.0,-181.0,0.28832512391868903
1759508070,3.0,0.0,3.0,0.05641362005086966,6.0,190.270265,0.0,7.0,-181.0,0.28220365460348185
1759508075,3.0,0.0,3.0,0.05641362005086966,6.0,190.270265,0.0,7.0,-181.0,0.2500885684671291
1759508075,3.0,0.0,3.0,0.05641362005086966,6.0,190.270265,0.0,7.0,-181.0,0.2923160980741507
1759508080,3.0,0.0,3.0,400.4166253344008,6.0,190.270265,0.0,7.0,-181.0,0.28436641739271956
1759508085,3.0,0.0,3.0,400.4166253344008,6.0,190.270265,0.0,7.0,-181.0,0.2821549691103229
1759508090,3.0,0.0,3.0,400.4166253344008,6.0,190.270265,0.0,7.0,-181.0,0.2985326556159432
1759508095,3.0,0.0,3.0,400.4166253344008,6.0,190.270265,0.0,7.0,-181.0,0.2983897028879473
1759508100,3.0,0.0,3.0,400.4166253344008,3.0,0.085714,0.0,7.0,-181.0,0.2901632858224995
1759508105,3.0,0.0,3.0,400.4166253344008,3.0,0.085714,0.0,7.0,-181.0,0.2835205102374953
1759508110,3.0,0.0,3.0,22.934779116860046,3.0,0.085714,0.0,7.0,-181.0,0.2835205102374953
1759508115,3.0,0.0,3.0,22.934779116860046,3.0,0.085714,0.0,7.0,-181.0,0.2972500345951747
1759508120,3.0,0.0,3.0,22.934779116860046,3.0,0.085714,0.0,7.0,-181.0,0.27344159082563774
1759508125,3.0,0.0,3.0,22.934779116860046,3.0,0.085714,0.0,7.0,-181.0,0.2948390828464953
1759508130,3.0,0.0,3.0,22.934779116860046,3.0,2.764207,0.0,7.0,-181.0,0.2856608913326175
1759508135,3.0,0.0,3.0,22.934779116860046,3.0,2.764207,0.0,7.0,-181.0,0.2760626826714481
1759508135,3.0,0.0,3.0,22.934779116860046,3.0,2.764207,0.0,7.0,-181.0,0.3285651797844435
1759508140,3.0,0.0,3.0,3.7974202153994017,3.0,2.764207,0.0,7.0,-181.0,0.3123967645779081
1759508145,3.0,0.0,3.0,3.7974202153994017,3.0,2.764207,0.0,7.0,-181.0,0.35364169981231536
1759508150,3.0,0.0,3.0,3.7974202153994017,3.0,2.764207,0.0,7.0,-181.0,0.3712123040678965
1759508155,3.0,0.0,3.0,3.7974202153994017,3.0,2.764207,0.0,7.0,-181.0,0.38327616609056814
1759508160,3.0,0.0,3.0,3.7974202153994017,3.0,12.198717,0.0,7.0,-181.0,0.37957346319397967
1759508165,3.0,0.0,3.0,3.7974202153994017,3.0,12.198717,0.0,7.0,-181.0,0.3345495798090626
1759508170,3.0,0.0,3.0,10.603119599933965,3.0,12.198717,0.0,7.0,-181.0,0.3530560550205578
1759508175,3.0,0.0,3.0,10.603119599933965,3.0,12.198717,0.0,7.0,-181.0,0.33921595113226377
1759508180,3.0,0.0,3.0,10.603119599933965,3.0,12.198717,0.0,7.0,-181.0,0.3064538399767318
1759508185,3.0,0.0,3.0,10.603119599933965,3.0,12.198717,0.0,7.0,-181.0,0.2871337194317739
1759508190,3.0,0.0,3.0,10.603119599933965,3.0,4.203194,0.0,7.0,-181.0,0.28303546150594733
1759508195,3.0,0.0,3.0,10.603119599933965,3.0,4.203194,0.0,7.0,-181.0,0.24659144065960484
1759508195,3.0,0.0,3.0,10.603119599933965,3.0,4.203194,0.0,7.0,-181.0,0.2868626781506925
1759508200,3.0,0.0,3.0,9.807811939743097,3.0,4.203194,0.0,7.0,-181.0,0.2776596167148915
1759508205,3.0,0.0,3.0,9.807811939743097,3.0,4.203194,0.0,7.0,-181.0,0.27827152757425594
1759508210,3.0,0.0,3.0,9.807811939743097,3.0,4.203194,0.0,7.0,-181.0,0.28946400241357506
1759508215,3.0,0.0,3.0,9.807811939743097,3.0,4.203194,0.0,7.0,-181.0,0.29160352850165017
1759508220,3.0,0.0,3.0,9.807811939743097,6.0,167.547668,0.0,7.0,-181.0,0.2972266614745137
1759508225,3.0,0.0,3.0,9.807811939743097,6.0,167.547668,0.0,7.0,-181.0,0.28065063118046085
1759508230,3.0,0.0,3.0,34.694528657640944,6.0,167.547668,0.0,7.0,-181.0,0.3015869137208344
1759508235,3.0,0.0,3.0,34.694528657640944,6.0,167.547668,0.0,7.0,-181.0,0.3331425988231164
1759508240,3.0,0.0,3.0,34.694528657640944,6.0,167.547668,0.0,7.0,-181.0,0.3331425988231164
1759508245,3.0,0.0,3.0,34.694528657640944,6.0,167.547668,0.0,7.0,-181.0,0.32093002856911
1759508250,3.0,0.0,3.0,34.694528657640944,6.0,36.799646,0.0,7.0,-181.0,0.3481417681670732
1759508255,3.0,0.0,3.0,34.694528657640944,6.0,36.799646,0.0,7.0,-181.0,0.3432407829260199
1759508255,3.0,0.0,3.0,34.694528657640944,6.0,36.799646,0.0,7.0,-181.0,0.3432407829260199
1759508260,3.0,0.0,3.0,224.47077091993094,6.0,36.799646,0.0,7.0,-181.0,0.31734830966337924
1759508265,3.0,0.0,3.0,224.47077091993094,6.0,36.799646,0.0,7.0,-181.0,0.3432903840397206
1759508270,3.0,0.0,3.0,224.47077091993094,6.0,36.799646,0.0,7.0,-181.0,0.34450668237091336
1759508275,3.0,0.0,3.0,224.47077091993094,6.0,36.799646,0.0,7.0,-181.0,0.33667565497471985
1759508280,3.0,0.0,3.0,224.47077091993094,6.0,309.653462,0.0,7.0,-181.0,0.30198405869371947
1759508285,3.0,0.0,3.0,224.47077091993094,6.0,309.653462,0.0,7.0,-181.0,0.31908566092104346
1759508290,3.0,0.0,3.0,0.2807673893263185,6.0,309.653462,0.0,7.0,-181.0,0.3181581256704031
1759508295,3.0,0.0,3.0,0.2807673893263185,6.0,309.653462,0.0,7.0,-181.0,0.31093756677146867
1759508300,3.0,0.0,3.0,0.2807673893263185,6.0,309.653462,0.0,7.0,-181.0,0.29509580610773434
1759508305,3.0,0.0,3.0,0.2807673893263185,6.0,309.653462,0.0,7.0,-181.0,0.26224853028995126
1759508310,3.0,0.0,3.0,0.2807673893263185,6.0,173.452274,0.0,7.0,-181.0,0.2746271282115305
1759508315,3.0,0.0,3.0,0.2807673893263185,6.0,173.452274,0.0,7.0,-181.0,0.2599435639026482
1759508315,3.0,0.0,3.0,0.2807673893263185,6.0,173.452274,0.0,7.0,-181.0,0.2710506335566864
1759508320,3.0,0.0,3.0,80.4149081483021,6.0,173.452274,0.0,7.0,-181.0,0.29958843728138085
1759508325,3.0,0.0,3.0,80.4149081483021,6.0,173.452274,0.0,7.0,-181.0,0.31002848760906754
1759508330,3.0,0.0,3.0,80.4149081483021,6.0,173.452274,0.0,7.0,-181.0,0.31885411503220684
1759508335,3.0,0.0,3.0,80.4149081483021,6.0,173.452274,0.0,7.0,-181.0,0.3009197408355307
1759508340,3.0,0.0,3.0,80.4149081483021,3.0,7.009918,0.0,7.0,-181.0,0.3049676482240351
1759508345,3.0,0.0,3.0,80.4149081483021,3.0,7.009918,0.0,7.0,-181.0,0.3159998123748147
1759508350,3.0,0.0,3.0,26.73544929343699,3.0,7.009918,0.0,7.0,-181.0,0.3395953372281243
1759508355,3.0,0.0,3.0,26.73544929343699,3.0,7.009918,0.0,7.0,-181.0,0.3373897618580444
1759508360,3.0,0.0,3.0,26.73544929343699,3.0,7.009918,0.0,7.0,-181.0,0.32567268149140866
1759508365,3.0,0.0,3.0,26.73544929343699,3.0,7.009918,0.0,7.0,-181.0,0.3268959076367597
1759508370,3.0,0.0,3.0,26.73544929343699,6.0,354.737899,0.0,7.0,-181.0,0.32090417958215
1759508375,3.0,0.0,3.0,26.73544929343699,6.0,354.737899,0.0,7.0,-181.0,0.30236248980367214
1759508375,3.0,0.0,3.0,26.73544929343699,6.0,354.737899,0.0,7.0,-181.0,0.33588777067091924
1759508380,3.0,0.0,3.0,7.898211047707445,6.0,354.737899,0.0,7.0,-181.0,0.3346284756286248
1759508385,3.0,0.0,3.0,7.898211047707445,6.0,354.737899,0.0,7.0,-181.0,0.3182285614154316
1759508390,3.0,0.0,3.0,7.898211047707445,6.0,354.737899,0.0,7.0,-181.0,0.3199418781857856
1759508395,3.0,0.0,3.0,7.898211047707445,6.0,354.737899,0.0,7.0,-181.0,0.3018140239804963
1759508400,3.0,0.0,3.0,7.898211047707445,3.0,4.299338,0.0,7.0,-181.0,0.3253112400726258
1759508405,3.0,0.0,3.0,7.898211047707445,3.0,4.299338,0.0,7.0,-181.0,0.3253112400726258
1759508410,3.0,0.0,3.0,23.267011722636052,3.0,4.299338,0.0,7.0,-181.0,0.323079426539977
1759508415,3.0,0.0,3.0,23.267011722636052,3.0,4.299338,0.0,7.0,-181.0,0.26828054911576676
1759508420,3.0,0.0,3.0,23.267011722636052,3.0,4.299338,0.0,7.0,-181.0,0.28450397762486845
1759508425,3.0,0.0,3.0,23.267011722636052,3.0,4.299338,0.0,7.0,-181.0,0.3039883606428189
1759508430,3.0,0.0,3.0,23.267011722636052,6.0,70.847105,0.0,7.0,-181.0,0.3208833277516502
1759508435,3.0,0.0,3.0,23.267011722636052,6.0,70.847105,0.0,7.0,-181.0,0.30717792926519466
1759508435,3.0,0.0,3.0,23.267011722636052,6.0,70.847105,0.0,7.0,-181.0,0.33545950074122244
1759508440,3.0,0.0,3.0,0.13383543701870682,6.0,70.847105,0.0,7.0,-181.0,0.3330439037987785
1759508445,3.0,0.0,3.0,0.13383543701870682,6.0,70.847105,0.0,7.0,-181.0,0.3036639578496152
1759508450,3.0,0.0,3.0,0.13383543701870682,6.0,70.847105,0.0,7.0,-181.0,0.3232743073363048
1759508455,3.0,0.0,3.0,0.13383543701870682,6.0,70.847105,0.0,7.0,-181.0,0.3086601871805952
1759508460,3.0,0.0,3.0,0.13383543701870682,6.0,191.184922,0.0,7.0,-181.0,0.3246276150755294
1759508465,3.0,0.0,3.0,0.13383543701870682,6.0,191.184922,0.0,7.0,-181.0,0.3372813464444855
1759508470,3.0,0.0,3.0,5.362118545988195,6.0,191.184922,0.0,7.0,-181.0,0.3343084681137599
1759508475,3.0,0.0,3.0,5.362118545988195,6.0,191.184922,0.0,7.0,-181.0,0.330855905192824
1759508480,3.0,0.0,3.0,5.362118545988195,6.0,191.184922,0.0,7.0,-181.0,0.3437967964141838
1759508485,3.0,0.0,3.0,5.362118545988195,6.0,191.184922,0.0,7.0,-181.0,0.3509024507573906
1759508490,3.0,0.0,3.0,5.362118545988195,6.0,95.743329,0.0,7.0,-181.0,0.3536747085146258
1759508495,3.0,0.0,3.0,5.362118545988195,6.0,95.743329,0.0,7.0,-181.0,0.33535240003802425
1759508495,3.0,0.0,3.0,5.362118545988195,6.0,95.743329,0.0,7.0,-181.0,0.33423357913550233
1759508500,3.0,0.0,3.0,4.14711080969367,6.0,95.743329,0.0,7.0,-181.0,0.31193988288139674
1759508505,3.0,0.0,3.0,4.14711080969367,6.0,95.743329,0.0,7.0,-181.0,0.3589377480519143
1759508510,3.0,0.0,3.0,4.14711080969367,6.0,95.743329,0.0,7.0,-181.0,0.3509847760646798
1759508515,3.0,0.0,3.0,4.14711080969367,6.0,95.743329,0.0,7.0,-181.0,0.34853454940190354
1759508520,3.0,0.0,3.0,4.14711080969367,6.0,72.378862,0.0,7.0,-181.0,0.3341229514154477
1759508525,3.0,0.0,3.0,4.14711080969367,6.0,72.378862,0.0,7.0,-181.0,0.3316235538405722
1759508530,3.0,0.0,3.0,179.94575140729364,6.0,72.378862,0.0,7.0,-181.0,0.3396544385545467
1759508535,3.0,0.0,3.0,179.94575140729364,6.0,72.378862,0.0,7.0,-181.0,0.32008070712294284
1759508540,3.0,0.0,3.0,179.94575140729364,6.0,72.378862,0.0,7.0,-181.0,0.31807776819989947
1759508545,3.0,0.0,3.0,179.94575140729364,6.0,72.378862,0.0,7.0,-181.0,0.33077029751741555
1759508550,3.0,0.0,3.0,179.94575140729364,3.0,8.743223,0.0,7.0,-181.0,0.32022122090437555
1759508555,3.0,0.0,3.0,179.94575140729364,3.0,8.743223,0.0,7.0,-181.0,0.30859927816308064
1759508555,3.0,0.0,3.0,179.94575140729364,3.0,8.743223,0.0,7.0,-181.0,0.32098226732493723
1759508560,3.0,0.0,3.0,740.5528526467529,3.0,8.743223,0.0,7.0,-181.0,0.3214988793241468
1759508565,3.0,0.0,3.0,740.5528526467529,3.0,8.743223,0.0,7.0,-181.0,0.30855280240239075
1759508570,3.0,0.0,3.0,740.5528526467529,3.0,8.743223,0.0,7.0,-181.0,0.3185285130775689
1759508575,3.0,0.0,3.0,740.5528526467529,3.0,8.743223,0.0,7.0,-181.0,0.30623912149820043
1759508580,3.0,0.0,3.0,740.5528526467529,6.0,85.670221,0.0,7.0,-181.0,0.25609278796156454
1759508585,3.0,0.0,3.0,740.5528526467529,6.0,85.670221,0.0,7.0,-181.0,0.3116022945116786
1759508590,3.0,0.0,3.0,1.7752480963865613,6.0,85.670221,0.0,7.0,-181.0,0.300061653058061
1759508595,3.0,0.0,3.0,1.7752480963865613,6.0,85.670221,0.0,7.0,-181.0,0.3104297828044258
1759508600,3.0,0.0,3.0,1.7752480963865613,6.0,85.670221,0.0,7.0,-181.0,0.3232804242786463
1759508605,3.0,0.0,3.0,1.7752480963865613,6.0,85.670221,0.0,7.0,-181.0,0.3199947684073557
1759508610,3.0,0.0,3.0,1.7752480963865613,6.0,231.380631,0.0,7.0,-181.0,0.30850907589678106
1759508615,3.0,0.0,3.0,1.7752480963865613,6.0,231.380631,0.0,7.0,-181.0,0.3007012523577101
1759508615,3.0,0.0,3.0,1.7752480963865613,6.0,231.380631,0.0,7.0,-181.0,0.32106913006028004
1759508620,3.0,0.0,3.0,167.6303298891752,6.0,231.380631,0.0,7.0,-181.0,0.33793720026123875
1759508625,3.0,0.0,3.0,167.6303298891752,6.0,231.380631,0.0,7.0,-181.0,0.32392653848091246
1759508630,3.0,0.0,3.0,167.6303298891752,6.0,231.380631,0.0,7.0,-181.0,0.30352211782016114
1759508635,3.0,0.0,3.0,167.6303298891752,6.0,231.380631,0.0,7.0,-181.0,0.2835172802488612
1759508640,3.0,0.0,3.0,167.6303298891752,6.0,213.650396,0.0,7.0,-181.0,0.299370671428999
1759508645,3.0,0.0,3.0,167.6303298891752,6.0,213.650396,0.0,7.0,-181.0,0.29928149261614656
1759508650,3.0,0.0,3.0,0.5931159109656653,6.0,213.650396,0.0,7.0,-181.0,0.2923039345237491
1759508655,3.0,0.0,3.0,0.5931159109656653,6.0,213.650396,0.0,7.0,-181.0,0.29107478978189794
1759508660,3.0,0.0,3.0,0.5931159109656653,6.0,213.650396,0.0,7.0,-181.0,0.26432966942259445
1759508665,3.0,0.0,3.0,0.5931159109656653,6.0,213.650396,0.0,7.0,-181.0,0.2649105870478484
1759508670,3.0,0.0,3.0,0.5931159109656653,4.0,21.967224,0.0,7.0,-181.0,0.2619194705059982
1759508675,3.0,0.0,3.0,0.5931159109656653,4.0,21.967224,0.0,7.0,-181.0,0.23533929274639664
1759508675,3.0,0.0,3.0,0.5931159109656653,4.0,21.967224,0.0,7.0,-181.0,0.2983168995330495
1759508680,3.0,0.0,3.0,657.8311201052329,4.0,21.967224,0.0,7.0,-181.0,0.3121375241116101
1759508685,3.0,0.0,3.0,657.8311201052329,4.0,21.967224,0.0,7.0,-181.0,0.3090671477833231
1759508690,3.0,0.0,3.0,657.8311201052329,4.0,21.967224,0.0,7.0,-181.0,0.300715298928565
1759508695,3.0,0.0,3.0,657.8311201052329,4.0,21.967224,0.0,7.0,-181.0,0.30545990341283547
1759508700,3.0,0.0,3.0,657.8311201052329,6.0,344.521829,0.0,7.0,-181.0,0.2904453249795712
1759508705,3.0,0.0,3.0,657.8311201052329,6.0,344.521829,0.0,7.0,-181.0,0.31313216667219657
1759508710,3.0,0.0,3.0,355.7313385785903,6.0,344.521829,0.0,7.0,-181.0,0.3165045794613079
1759508715,3.0,0.0,3.0,355.7313385785903,6.0,344.521829,0.0,7.0,-181.0,0.29118360624600204
1759508720,3.0,0.0,3.0,355.7313385785903,6.0,344.521829,0.0,7.0,-181.0,0.3056989622716004
1759508725,3.0,0.0,3.0,355.7313385785903,6.0,344.521829,0.0,7.0,-181.0,0.30181439730062337
1759508730,3.0,0.0,3.0,355.7313385785903,6.0,92.256824,0.0,7.0,-181.0,0.2768052875087301
1759508735,3.0,0.0,3.0,355.7313385785903,6.0,92.256824,0.0,7.0,-181.0,0.26508289682349206
1759508735,3.0,0.0,3.0,355.7313385785903,6.0,92.256824,0.0,7.0,-181.0,0.3235496254821584
1759508740,3.0,0.0,3.0,72.99480935450745,6.0,92.256824,0.0,7.0,-181.0,0.33504708362915925
1759508745,3.0,0.0,3.0,72.99480935450745,6.0,92.256824,0.0,7.0,-181.0,0.3019283087204868
1759508750,3.0,0.0,3.0,72.99480935450745,6.0,92.256824,0.0,7.0,-181.0,0.3179024658989518
1759508755,3.0,0.0,3.0,72.99480935450745,6.0,92.256824,0.0,7.0,-181.0,0.3465803345502614
1759508760,3.0,0.0,3.0,72.99480935450745,6.0,105.469628,0.0,7.0,-181.0,0.34464523452331786
1759508765,3.0,0.0,3.0,72.99480935450745,6.0,105.469628,0.0,7.0,-181.0,0.35541578664023454
1759508770,3.0,0.0,3.0,41.03818109753684,6.0,105.469628,0.0,7.0,-181.0,0.33430435301519845
1759508775,3.0,0.0,3.0,41.03818109753684,6.0,105.469628,0.0,7.0,-181.0,0.3421024544750908
1759508780,3.0,0.0,3.0,41.03818109753684,6.0,105.469628,0.0,7.0,-181.0,0.33944344463771464
1759508785,3.0,0.0,3.0,41.03818109753684,6.0,105.469628,0.0,7.0,-181.0,0.34059710439118707
1759508790,3.0,0.0,3.0,41.03818109753684,6.0,247.724272,0.0,7.0,-181.0,0.3271843420884302
1759508795,3.0,0.0,3.0,41.03818109753684,6.0,247.724272,0.0,7.0,-181.0,0.3393238920199473
1759508795,3.0,0.0,3.0,41.03818109753684,6.0,247.724272,0.0,7.0,-181.0,0.3321582555434155
1759508800,3.0,0.0,3.0,50.8665081988663,6.0,247.724272,0.0,7.0,-181.0,0.32144291373361333
1759508805,3.0,0.0,3.0,50.8665081988663,6.0,247.724272,0.0,7.0,-181.0,0.30758840131827414
1759508810,3.0,0.0,3.0,50.8665081988663,6.0,247.724272,0.0,7.0,-181.0,0.30893677983453816
1759508815,3.0,0.0,3.0,50.8665081988663,6.0,247.724272,0.0,7.0,-181.0,0.2931268775638365
1759508820,3.0,0.0,3.0,50.8665081988663,6.0,142.79781,0.0,7.0,-181.0,0.3067003109615715
1759508825,3.0,0.0,3.0,50.8665081988663,6.0,142.79781,0.0,7.0,-181.0,0.32719337503186574
1759508830,3.0,0.0,3.0,0.29939214666387676,6.0,142.79781,0.0,7.0,-181.0,0.31117981839571496
1759508835,3.0,0.0,3.0,0.29939214666387676,6.0,142.79781,0.0,7.0,-181.0,0.2784175834028046
1759508840,3.0,0.0,3.0,0.29939214666387676,6.0,142.79781,0.0,7.0,-181.0,0.24975356674600388
1759508845,3.0,0.0,3.0,0.29939214666387676,6.0,142.79781,0.0,7.0,-181.0,0.2595885429208858
1759508850,3.0,0.0,3.0,0.29939214666387676,6.0,50.199855,0.0,7.0,-181.0,0.2636646207426482
1759508855,3.0,0.0,3.0,0.29939214666387676,6.0,50.199855,0.0,7.0,-181.0,0.2233442591052358
1759508855,3.0,0.0,3.0,0.29939214666387676,6.0,50.199855,0.0,7.0,-181.0,0.2675190328232735
1759508860,3.0,0.0,3.0,405.1371003874142,6.0,50.199855,0.0,7.0,-181.0,0.25954457586188395
1759508865,3.0,0.0,3.0,405.1371003874142,6.0,50.199855,0.0,7.0,-181.0,0.2565695113184381
1759508870,3.0,0.0,3.0,405.1371003874142,6.0,50.199855,0.0,7.0,-181.0,0.2839784812110149
1759508875,3.0,0.0,3.0,405.1371003874142,6.0,50.199855,0.0,7.0,-181.0,0.29930612067882517
1759508880,3.0,0.0,3.0,405.1371003874142,6.0,117.207531,0.0,7.0,-181.0,0.3142172972325853
1759508885,3.0,0.0,3.0,405.1371003874142,6.0,117.207531,0.0,7.0,-181.0,0.3114116969987743
1759508890,3.0,0.0,3.0,10.525641801152391,6.0,117.207531,0.0,7.0,-181.0,0.3370025447069733
1759508895,3.0,0.0,3.0,10.525641801152391,6.0,117.207531,0.0,7.0,-181.0,0.3221972660464971
1759508900,3.0,0.0,3.0,10.525641801152391,6.0,117.207531,0.0,7.0,-181.0,0.34347312918012296
1759508905,3.0,0.0,3.0,10.525641801152391,6.0,117.207531,0.0,7.0,-181.0,0.3141752539663818
1759508910,3.0,0.0,3.0,10.525641801152391,3.0,17.249687,0.0,7.0,-181.0,0.3084888572867141
1759508915,3.0,0.0,3.0,10.525641801152391,3.0,17.249687,0.0,7.0,-181.0,0.26839171854561406
1759508915,3.0,0.0,3.0,10.525641801152391,3.0,17.249687,0.0,7.0,-181.0,0.2746650223525242
1759508920,3.0,0.0,3.0,0.8985404308529426,3.0,17.249687,0.0,7.0,-181.0,0.2514104189578743
1759508925,3.0,0.0,3.0,0.8985404308529426,3.0,17.249687,0.0,7.0,-181.0,0.24536570629936144
1759508930,3.0,0.0,3.0,0.8985404308529426,3.0,17.249687,0.0,7.0,-181.0,0.2381877634436561
1759508935,3.0,0.0,3.0,0.8985404308529426,3.0,17.249687,0.0,7.0,-181.0,0.22231830994497503
1759508940,3.0,0.0,3.0,0.8985404308529426,6.0,51.213618,0.0,7.0,-181.0,0.24368066774025798
1759508945,3.0,0.0,3.0,0.8985404308529426,6.0,51.213618,0.0,7.0,-181.0,0.24368066774025798
1759508950,3.0,0.0,3.0,88.15771215978694,6.0,51.213618,0.0,7.0,-181.0,0.29081965468344195
1759508955,3.0,0.0,3.0,88.15771215978694,6.0,51.213618,0.0,7.0,-181.0,0.29973024058363495
1759508960,3.0,0.0,3.0,88.15771215978694,6.0,51.213618,0.0,7.0,-181.0,0.31882738092326224
1759508965,3.0,0.0,3.0,88.15771215978694,6.0,51.213618,0.0,7.0,-181.0,0.29324182220725614
1759508970,3.0,0.0,3.0,88.15771215978694,6.0,36.926044,0.0,7.0,-181.0,0.3629229671507903
1759508975,3.0,0.0,3.0,88.15771215978694,6.0,36.926044,0.0,7.0,-181.0,0.3794354857364222
1759508975,3.0,0.0,3.0,88.15771215978694,6.0,36.926044,0.0,7.0,-181.0,0.3794354857364222
1759508980,3.0,0.0,3.0,63.74005323555408,6.0,36.926044,0.0,7.0,-181.0,0.35491375135007797
1759508985,3.0,0.0,3.0,63.74005323555408,6.0,36.926044,0.0,7.0,-181.0,0.4067421599246936
1759508990,3.0,0.0,3.0,63.74005323555408,6.0,36.926044,0.0,7.0,-181.0,0.40003556591369405
1759508995,3.0,0.0,3.0,63.74005323555408,6.0,36.926044,0.0,7.0,-181.0,0.39898217385968454
1759509000,3.0,0.0,3.0,63.74005323555408,6.0,125.735164,0.0,7.0,-181.0,0.3634930611458044
1759509005,3.0,0.0,3.0,63.74005323555408,6.0,125.735164,0.0,7.0,-181.0,0.3519123127324149
1759509010,3.0,0.0,3.0,56.086353823717715,6.0,125.735164,0.0,7.0,-181.0,0.3163339485970912
1759509015,3.0,0.0,3.0,56.086353823717715,6.0,125.735164,0.0,7.0,-181.0,0.33277590163740767
1759509020,3.0,0.0,3.0,56.086353823717715,6.0,125.735164,0.0,7.0,-181.0,0.3331733790725824
1759509025,3.0,0.0,3.0,56.086353823717715,6.0,125.735164,0.0,7.0,-181.0,0.30355726399764765
1759509030,3.0,0.0,3.0,56.086353823717715,3.0,7.67967,0.0,7.0,-181.0,0.2988151729695254
1759509035,3.0,0.0,3.0,56.086353823717715,3.0,7.67967,0.0,7.0,-181.0,0.2783101249945447
1759509035,3.0,0.0,3.0,56.086353823717715,3.0,7.67967,0.0,7.0,-181.0,0.2783101249945447
1759509040,3.0,0.0,3.0,25.86496570830188,3.0,7.67967,0.0,7.0,-181.0,0.2943849746339012
1759509045,3.0,0.0,3.0,25.86496570830188,3.0,7.67967,0.0,7.0,-181.0,0.3114517186715463
1759509050,3.0,0.0,3.0,25.86496570830188,3.0,7.67967,0.0,7.0,-181.0,0.3132490031681683
1759509055,3.0,0.0,3.0,25.86496570830188,3.0,7.67967,0.0,7.0,-181.0,0.3179895315755024
1759509060,3.0,0.0,3.0,25.86496570830188,3.0,17.403847,0.0,7.0,-181.0,0.31330881435548696
1759509065,3.0,0.0,3.0,25.86496570830188,3.0,17.403847,0.0,7.0,-181.0,0.2967089231842093
1759509070,3.0,0.0,3.0,90.11521821166855,3.0,17.403847,0.0,7.0,-181.0,0.2967089231842093
1759509075,3.0,0.0,3.0,90.11521821166855,3.0,17.403847,0.0,7.0,-181.0,0.32243827401970854
1759509080,3.0,0.0,3.0,90.11521821166855,3.0,17.403847,0.0,7.0,-181.0,0.32247668722615364
1759509085,3.0,0.0,3.0,90.11521821166855,3.0,17.403847,0.0,7.0,-181.0,0.3486540632333016
1759509090,3.0,0.0,3.0,90.11521821166855,6.0,134.680457,0.0,7.0,-181.0,0.32768454789389123
1759509095,3.0,0.0,3.0,90.11521821166855,6.0,134.680457,0.0,7.0,-181.0,0.3166441068466236
1759509095,3.0,0.0,3.0,90.11521821166855,6.0,134.680457,0.0,7.0,-181.0,0.34076016199087633
1759509100,3.0,0.0,3.0,6.696208363953891,6.0,134.680457,0.0,7.0,-181.0,0.33179962275419583
1759509105,3.0,0.0,3.0,6.696208363953891,6.0,134.680457,0.0,7.0,-181.0,0.3269363148448059
1759509110,3.0,0.0,3.0,6.696208363953891,6.0,134.680457,0.0,7.0,-181.0,0.3226758133138661
1759509115,3.0,0.0,3.0,6.696208363953891,6.0,134.680457,0.0,7.0,-181.0,0.3355007853515164
1759509120,3.0,0.0,3.0,6.696208363953891,6.0,117.671987,0.0,7.0,-181.0,0.32110340873273563
1759509125,3.0,0.0,3.0,6.696208363953891,6.0,117.671987,0.0,7.0,-181.0,0.27372518897702564
1759509130,3.0,0.0,3.0,261.28666083011575,6.0,117.671987,0.0,7.0,-181.0,0.27372518897702564
1759509135,3.0,0.0,3.0,261.28666083011575,6.0,117.671987,0.0,7.0,-181.0,0.24570581160339838
1759509140,3.0,0.0,3.0,261.28666083011575,6.0,117.671987,0.0,7.0,-181.0,0.2700320871487519
1759509145,3.0,0.0,3.0,261.28666083011575,6.0,117.671987,0.0,7.0,-181.0,0.29208486549352025
1759509150,3.0,0.0,3.0,261.28666083011575,5.0,34.774148,0.0,7.0,-181.0,0.2939256418069959
1759509155,3.0,0.0,3.0,261.28666083011575,5.0,34.774148,0.0,7.0,-181.0,0.2611578202117697
1759509155,3.0,0.0,3.0,261.28666083011575,5.0,34.774148,0.0,7.0,-181.0,0.2828558709934346
1759509160,3.0,0.0,3.0,2.405909828423051,5.0,34.774148,0.0,7.0,-181.0,0.29927903373000586
1759509165,3.0,0.0,3.0,2.405909828423051,5.0,34.774148,0.0,7.0,-181.0,0.31455931358745753
1759509170,3.0,0.0,3.0,2.405909828423051,5.0,34.774148,0.0,7.0,-181.0,0.3284253254963845
1759509175,3.0,0.0,3.0,2.405909828423051,5.0,34.774148,0.0,7.0,-181.0,0.3502897388327595
1759509180,3.0,0.0,3.0,2.405909828423051,3.0,9.353881,0.0,7.0,-181.0,0.3502897388327595
1759509185,3.0,0.0,3.0,2.405909828423051,3.0,9.353881,0.0,7.0,-181.0,0.32654396788692436
1759509190,3.0,0.0,3.0,19.21774355406548,3.0,9.353881,0.0,7.0,-181.0,0.34544458158948915
1759509195,3.0,0.0,3.0,19.21774355406548,3.0,9.353881,0.0,7.0,-181.0,0.34544458158948915
1759509200,3.0,0.0,3.0,19.21774355406548,3.0,9.353881,0.0,7.0,-181.0,0.3396339901461314
1759509205,3.0,0.0,3.0,19.21774355406548,3.0,9.353881,0.0,7.0,-181.0,0.3560667557830766
1759509210,3.0,0.0,3.0,19.21774355406548,6.0,244.37318,0.0,7.0,-181.0,0.3560667557830766
1759509215,3.0,0.0,3.0,19.21774355406548,6.0,244.37318,0.0,7.0,-181.0,0.29991276472470163
1759509215,3.0,0.0,3.0,19.21774355406548,6.0,244.37318,0.0,7.0,-181.0,0.29903725851760277
1759509220,3.0,0.0,3.0,0.015995036810569276,6.0,244.37318,0.0,7.0,-181.0,0.31289689404709686
1759509225,3.0,0.0,3.0,0.015995036810569276,6.0,244.37318,0.0,7.0,-181.0,0.31289689404709686
1759509230,3.0,0.0,3.0,0.015995036810569276,6.0,244.37318,0.0,7.0,-181.0,0.29920344850005437
1759509235,3.0,0.0,3.0,0.015995036810569276,6.0,244.37318,0.0,7.0,-181.0,0.25990194599708527
1759509240,3.0,0.0,3.0,0.015995036810569276,3.0,0.738146,0.0,7.0,-181.0,0.25990194599708527
1759509245,3.0,0.0,3.0,0.015995036810569276,3.0,0.738146,0.0,7.0,-181.0,0.2351096329461725
1759509250,3.0,0.0,3.0,123.42423320677112,3.0,0.738146,0.0,7.0,-181.0,0.2551307893109773
1759509255,3.0,0.0,3.0,123.42423320677112,3.0,0.738146,0.0,7.0,-181.0,0.2551307893109773
1759509260,3.0,0.0,3.0,123.42423320677112,3.0,0.738146,0.0,7.0,-181.0,0.2422113082398426
1759509265,3.0,0.0,3.0,123.42423320677112,3.0,0.738146,0.0,7.0,-181.0,0.26459614398675885
1759509270,3.0,0.0,3.0,123.42423320677112,6.0,263.626025,0.0,7.0,-181.0,0.2680638609933934
1759509275,3.0,0.0,3.0,123.42423320677112,6.0,263.626025,0.0,7.0,-181.0,0.28723876237530954
1759509275,3.0,0.0,3.0,123.42423320677112,6.0,263.626025,0.0,7.0,-181.0,0.29443202506832483
1759509280,3.0,0.0,3.0,0.3586450118750422,6.0,263.626025,0.0,7.0,-181.0,0.31727563449828894
1759509285,3.0,0.0,3.0,0.3586450118750422,6.0,263.626025,0.0,7.0,-181.0,0.3161182256690737
1759509290,3.0,0.0,3.0,0.3586450118750422,6.0,263.626025,0.0,7.0,-181.0,0.31977675779736775
1759509295,3.0,0.0,3.0,0.3586450118750422,6.0,263.626025,0.0,7.0,-181.0,0.3124224474716753
1759509300,3.0,0.0,3.0,0.3586450118750422,6.0,195.84683,0.0,7.0,-181.0,0.31151482689753085
1759509305,3.0,0.0,3.0,0.3586450118750422,6.0,195.84683,0.0,7.0,-181.0,0.28420874295358195
1759509310,3.0,0.0,3.0,236.39756797291727,6.0,195.84683,0.0,7.0,-181.0,0.30488099234620886
1759509315,3.0,0.0,3.0,236.39756797291727,6.0,195.84683,0.0,7.0,-181.0,0.3080447893970686
1759509320,3.0,0.0,3.0,236.39756797291727,6.0,195.84683,0.0,7.0,-181.0,0.31432295733434873
1759509325,3.0,0.0,3.0,236.39756797291727,6.0,195.84683,0.0,7.0,-181.0,0.29449074751712423
1759509330,3.0,0.0,3.0,236.39756797291727,3.0,0.808664,0.0,7.0,-181.0,0.2971578409683678
1759509335,3.0,0.0,3.0,236.39756797291727,3.0,0.808664,0.0,7.0,-181.0,0.2978853985316475
1759509335,3.0,0.0,3.0,236.39756797291727,3.0,0.808664,0.0,7.0,-181.0,0.28725354088024313
1759509340,3.0,0.0,3.0,7.747933711259865,3.0,0.808664,0.0,7.0,-181.0,0.2705926698263623
1759509345,3.0,0.0,3.0,7.747933711259865,3.0,0.808664,0.0,7.0,-181.0,0.2814536461274765
1759509350,3.0,0.0,3.0,7.747933711259865,3.0,0.808664,0.0,7.0,-181.0,0.26664706016324213
1759509355,3.0,0.0,3.0,7.747933711259865,3.0,0.808664,0.0,7.0,-181.0,0.2959907214911971
1759509360,3.0,0.0,3.0,7.747933711259865,6.0,408.68389,0.0,7.0,-181.0,0.2961002400354104
1759509365,3.0,0.0,3.0,7.747933711259865,6.0,408.68389,0.0,7.0,-181.0,0.28146194076409603
1759509370,3.0,0.0,3.0,0.5656727756749695,6.0,408.68389,0.0,7.0,-181.0,0.30358326121607615
1759509375,3.0,0.0,3.0,0.5656727756749695,6.0,408.68389,0.0,7.0,-181.0,0.32200887742997053
1759509380,3.0,0.0,3.0,0.5656727756749695,6.0,408.68389,0.0,7.0,-181.0,0.32901252220918753
1759509385,3.0,0.0,3.0,0.5656727756749695,6.0,408.68389,0.0,7.0,-181.0,0.3037185255239895
1759509390,3.0,0.0,3.0,0.5656727756749695,6.0,206.233824,0.0,7.0,-181.0,0.3282975535067688
1759509395,3.0,0.0,3.0,0.5656727756749695,6.0,206.233824,0.0,7.0,-181.0,0.3156038177751014
1759509395,3.0,0.0,3.0,0.5656727756749695,6.0,206.233824,0.0,7.0,-181.0,0.3219519120318713
1759509400,3.0,0.0,3.0,379.77973706071265,6.0,206.233824,0.0,7.0,-181.0,0.3179074343200094
1759509405,3.0,0.0,3.0,379.77973706071265,6.0,206.233824,0.0,7.0,-181.0,0.3111087306431601
1759509410,3.0,0.0,3.0,379.77973706071265,6.0,206.233824,0.0,7.0,-181.0,0.29670510625947943
1759509415,3.0,0.0,3.0,379.77973706071265,6.0,206.233824,0.0,7.0,-181.0,0.294440137688895
1759509420,3.0,0.0,3.0,379.77973706071265,6.0,158.115095,0.0,7.0,-181.0,0.3078090197402424
1759509425,3.0,0.0,3.0,379.77973706071265,6.0,158.115095,0.0,7.0,-181.0,0.3078090197402424
1759509430,3.0,0.0,3.0,510.6306357875097,6.0,158.115095,0.0,7.0,-181.0,0.3021204988772473
1759509435,3.0,0.0,3.0,510.6306357875097,6.0,158.115095,0.0,7.0,-181.0,0.30041028693094507
1759509440,3.0,0.0,3.0,510.6306357875097,6.0,158.115095,0.0,7.0,-181.0,0.320664334226762
1759509445,3.0,0.0,3.0,510.6306357875097,6.0,158.115095,0.0,7.0,-181.0,0.3317200437556535
1759509450,3.0,0.0,3.0,510.6306357875097,6.0,546.125586,0.0,7.0,-181.0,0.3330542353121629
1759509455,3.0,0.0,3.0,510.6306357875097,6.0,546.125586,0.0,7.0,-181.0,0.2893685347543379
1759509455,3.0,0.0,3.0,510.6306357875097,6.0,546.125586,0.0,7.0,-181.0,0.30519286672453344
1759509460,3.0,0.0,3.0,354.66257514488285,6.0,546.125586,0.0,7.0,-181.0,0.30584140389507797
1759509465,3.0,0.0,3.0,354.66257514488285,6.0,546.125586,0.0,7.0,-181.0,0.29009839030342477
1759509470,3.0,0.0,3.0,354.66257514488285,6.0,546.125586,0.0,7.0,-181.0,0.3046911473910789
1759509475,3.0,0.0,3.0,354.66257514488285,6.0,546.125586,0.0,7.0,-181.0,0.3130656237060263
1759509480,3.0,0.0,3.0,354.66257514488285,6.0,134.134793,0.0,7.0,-181.0,0.3336847848547254
1759509485,3.0,0.0,3.0,354.66257514488285,6.0,134.134793,0.0,7.0,-181.0,0.3336847848547254
1759509490,3.0,0.0,3.0,0.30257131609307325,6.0,134.134793,0.0,7.0,-181.0,0.31377829906578386
1759509495,3.0,0.0,3.0,0.30257131609307325,6.0,134.134793,0.0,7.0,-181.0,0.3085043370584452
1759509500,3.0,0.0,3.0,0.30257131609307325,6.0,134.134793,0.0,7.0,-181.0,0.3070578644317956
1759509505,3.0,0.0,3.0,0.30257131609307325,6.0,134.134793,0.0,7.0,-181.0,0.2784387870539057
1759509510,3.0,0.0,3.0,0.30257131609307325,6.0,59.553099,0.0,7.0,-181.0,0.27898104224478437
1759509515,3.0,0.0,3.0,0.30257131609307325,6.0,59.553099,0.0,7.0,-181.0,0.26385860973853026
1759509515,3.0,0.0,3.0,0.30257131609307325,6.0,59.553099,0.0,7.0,-181.0,0.29697029091485383
1759509520,3.0,0.0,3.0,1.2989949961758114,6.0,59.553099,0.0,7.0,-181.0,0.2715123340523724
1759509525,3.0,0.0,3.0,1.2989949961758114,6.0,59.553099,0.0,7.0,-181.0,0.2395189073095692
1759509530,3.0,0.0,3.0,1.2989949961758114,6.0,59.553099,0.0,7.0,-181.0,0.2370753911167836
1759509535,3.0,0.0,3.0,1.2989949961758114,6.0,59.553099,0.0,7.0,-181.0,0.23997192024524056
1759509540,3.0,0.0,3.0,1.2989949961758114,6.0,412.009721,0.0,7.0,-181.0,0.245646204323848
1759509545,3.0,0.0,3.0,1.2989949961758114,6.0,412.009721,0.0,7.0,-181.0,0.255519730258132
1759509550,3.0,0.0,3.0,225.7591785497121,6.0,412.009721,0.0,7.0,-181.0,0.24838024810092724
1759509555,3.0,0.0,3.0,225.7591785497121,6.0,412.009721,0.0,7.0,-181.0,0.26924380735838094
1759509560,3.0,0.0,3.0,225.7591785497121,6.0,412.009721,0.0,7.0,-181.0,0.28412638252245054
1759509565,3.0,0.0,3.0,225.7591785497121,6.0,412.009721,0.0,7.0,-181.0,0.2979524203311678
1759509570,3.0,0.0,3.0,225.7591785497121,6.0,50.777573,0.0,7.0,-181.0,0.2578321596903794
1759509575,3.0,0.0,3.0,225.7591785497121,6.0,50.777573,0.0,7.0,-181.0,0.24676723600090972
1759509575,3.0,0.0,3.0,225.7591785497121,6.0,50.777573,0.0,7.0,-181.0,0.2857783771485495
1759509580,3.0,0.0,3.0,867.9757859210367,6.0,50.777573,0.0,7.0,-181.0,0.2895712004673206
1759509585,3.0,0.0,3.0,867.9757859210367,6.0,50.777573,0.0,7.0,-181.0,0.28993826512481063
1759509590,3.0,0.0,3.0,867.9757859210367,6.0,50.777573,0.0,7.0,-181.0,0.25470317463932945
1759509595,3.0,0.0,3.0,867.9757859210367,6.0,50.777573,0.0,7.0,-181.0,0.2565203399357576
1759509600,3.0,0.0,3.0,867.9757859210367,6.0,134.233533,0.0,7.0,-181.0,0.2523096022887672
1759509605,3.0,0.0,3.0,867.9757859210367,6.0,134.233533,0.0,7.0,-181.0,0.2574905349266158
1759509610,3.0,0.0,3.0,16.492746017564127,6.0,134.233533,0.0,7.0,-181.0,0.2684557618978465
1759509615,3.0,0.0,3.0,16.492746017564127,6.0,134.233533,0.0,7.0,-181.0,0.26479228851348346
1759509620,3.0,0.0,3.0,16.492746017564127,6.0,134.233533,0.0,7.0,-181.0,0.2775083611218206
1759509625,3.0,0.0,3.0,16.492746017564127,6.0,134.233533,0.0,7.0,-181.0,0.3171306093445401
1759509630,3.0,0.0,3.0,16.492746017564127,6.0,316.736048,0.0,7.0,-181.0,0.3101275097165894
1759509635,3.0,0.0,3.0,16.492746017564127,6.0,316.736048,0.0,7.0,-181.0,0.3166180284052774
1759509635,3.0,0.0,3.0,16.492746017564127,6.0,316.736048,0.0,7.0,-181.0,0.3479361667762083
1759509640,3.0,0.0,3.0,234.9565767800003,6.0,316.736048,0.0,7.0,-181.0,0.361372392279567
1759509645,3.0,0.0,3.0,234.9565767800003,6.0,316.736048,0.0,7.0,-181.0,0.3747853159433252
1759509650,3.0,0.0,3.0,234.9565767800003,6.0,316.736048,0.0,7.0,-181.0,0.38922879095050056
1759509655,3.0,0.0,3.0,234.9565767800003,6.0,316.736048,0.0,7.0,-181.0,0.4013107070232804
1759509660,3.0,0.0,3.0,234.9565767800003,6.0,366.882485,0.0,7.0,-181.0,0.3812225941142166
1759509665,3.0,0.0,3.0,234.9565767800003,6.0,366.882485,0.0,7.0,-181.0,0.3520353054772174
1759509670,3.0,0.0,3.0,92.32541607825586,6.0,366.882485,0.0,7.0,-181.0,0.38863006778289133
1759509675,3.0,0.0,3.0,92.32541607825586,6.0,366.882485,0.0,7.0,-181.0,0.42550206492605
1759509680,3.0,0.0,3.0,92.32541607825586,6.0,366.882485,0.0,7.0,-181.0,0.42508946529475583
1759509685,3.0,0.0,3.0,92.32541607825586,6.0,366.882485,0.0,7.0,-181.0,0.43814341604339646
1759509690,3.0,0.0,3.0,92.32541607825586,6.0,218.107877,0.0,7.0,-181.0,0.43592368108787793
1759509695,3.0,0.0,3.0,92.32541607825586,6.0,218.107877,0.0,7.0,-181.0,0.41342126345102254
1759509695,3.0,0.0,3.0,92.32541607825586,6.0,218.107877,0.0,7.0,-181.0,0.43839377480671715
1759509700,3.0,0.0,3.0,18.74060543343108,6.0,218.107877,0.0,7.0,-181.0,0.45640806170110026
1759509705,3.0,0.0,3.0,18.74060543343108,6.0,218.107877,0.0,7.0,-181.0,0.43070044081259456
1759509710,3.0,0.0,3.0,18.74060543343108,6.0,218.107877,0.0,7.0,-181.0,0.44806948752419407
1759509715,3.0,0.0,3.0,18.74060543343108,6.0,218.107877,0.0,7.0,-181.0,0.41050004515758953
1759509720,3.0,0.0,3.0,18.74060543343108,6.0,89.035974,0.0,7.0,-181.0,0.43596752912234615
1759509725,3.0,0.0,3.0,18.74060543343108,6.0,89.035974,0.0,7.0,-181.0,0.4315669172468
1759509730,3.0,0.0,3.0,1.279322326917473,6.0,89.035974,0.0,7.0,-181.0,0.4417036981555035
1759509735,3.0,0.0,3.0,1.279322326917473,6.0,89.035974,0.0,7.0,-181.0,0.4405267847318155
1759509740,3.0,0.0,3.0,1.279322326917473,6.0,89.035974,0.0,7.0,-181.0,0.4367737432023534
1759509745,3.0,0.0,3.0,1.279322326917473,6.0,89.035974,0.0,7.0,-181.0,0.43408826354482877
1759509750,3.0,0.0,3.0,1.279322326917473,4.0,23.187468,0.0,7.0,-181.0,0.39063815529237406
1759509755,3.0,0.0,3.0,1.279322326917473,4.0,23.187468,0.0,7.0,-181.0,0.3600875807736348
1759509755,3.0,0.0,3.0,1.279322326917473,4.0,23.187468,0.0,7.0,-181.0,0.3976680284397866
1759509760,3.0,0.0,3.0,68.56436005480411,4.0,23.187468,0.0,7.0,-181.0,0.422342533157827
1759509765,3.0,0.0,3.0,68.56436005480411,4.0,23.187468,0.0,7.0,-181.0,0.4214623150863119
1759509770,3.0,0.0,3.0,68.56436005480411,4.0,23.187468,0.0,7.0,-181.0,0.3815403961742858
1759509775,3.0,0.0,3.0,68.56436005480411,4.0,23.187468,0.0,7.0,-181.0,0.4117559820168837
1759509780,3.0,0.0,3.0,68.56436005480411,6.0,265.421862,0.0,7.0,-181.0,0.41533301126972455
1759509785,3.0,0.0,3.0,68.56436005480411,6.0,265.421862,0.0,7.0,-181.0,0.4088747174102678
1759509790,3.0,0.0,3.0,43.39455412096499,6.0,265.421862,0.0,7.0,-181.0,0.3981432268927422
1759509795,3.0,0.0,3.0,43.39455412096499,6.0,265.421862,0.0,7.0,-181.0,0.3771585489268754
1759509800,3.0,0.0,3.0,43.39455412096499,6.0,265.421862,0.0,7.0,-181.0,0.40255270868409065
1759509805,3.0,0.0,3.0,43.39455412096499,6.0,265.421862,0.0,7.0,-181.0,0.39270589008327833
1759509810,3.0,0.0,3.0,43.39455412096499,6.0,235.965914,0.0,7.0,-181.0,0.3945698780382323
1759509815,3.0,0.0,3.0,43.39455412096499,6.0,235.965914,0.0,7.0,-181.0,0.37327941952696303
1759509815,3.0,0.0,3.0,43.39455412096499,6.0,235.965914,0.0,7.0,-181.0,0.3996441518281404
1759509820,3.0,0.0,3.0,6.910562142299881,6.0,235.965914,0.0,7.0,-181.0,0.3856627883443398
1759509825,3.0,0.0,3.0,6.910562142299881,6.0,235.965914,0.0,7.0,-181.0,0.35202438677359615
1759509830,3.0,0.0,3.0,6.910562142299881,6.0,235.965914,0.0,7.0,-181.0,0.39670764136340814
1759509835,3.0,0.0,3.0,6.910562142299881,6.0,235.965914,0.0,7.0,-181.0,0.3998956134134194
1759509840,3.0,0.0,3.0,6.910562142299881,6.0,102.620565,0.0,7.0,-181.0,0.3843839386626588
1759509845,3.0,0.0,3.0,6.910562142299881,6.0,102.620565,0.0,7.0,-181.0,0.3818263440969618
1759509850,3.0,0.0,3.0,18.706696842436994,6.0,102.620565,0.0,7.0,-181.0,0.40828529652974227
1759509855,3.0,0.0,3.0,18.706696842436994,6.0,102.620565,0.0,7.0,-181.0,0.40828529652974227
1759509860,3.0,0.0,3.0,18.706696842436994,6.0,102.620565,0.0,7.0,-181.0,0.4035074309255857
1759509865,3.0,0.0,3.0,18.706696842436994,6.0,102.620565,0.0,7.0,-181.0,0.3994783788377815
1759509870,3.0,0.0,3.0,18.706696842436994,6.0,116.755111,0.0,7.0,-181.0,0.4006842923546351
1759509875,3.0,0.0,3.0,18.706696842436994,6.0,116.755111,0.0,7.0,-181.0,0.3803365219905328
1759509875,3.0,0.0,3.0,18.706696842436994,6.0,116.755111,0.0,7.0,-181.0,0.4002103063438075
1759509880,3.0,0.0,3.0,114.98615188163927,6.0,116.755111,0.0,7.0,-181.0,0.4038838396568678
1759509885,3.0,0.0,3.0,114.98615188163927,6.0,116.755111,0.0,7.0,-181.0,0.4047382703339874
1759509890,3.0,0.0,3.0,114.98615188163927,6.0,116.755111,0.0,7.0,-181.0,0.4040256618600032
1759509895,3.0,0.0,3.0,114.98615188163927,6.0,116.755111,0.0,7.0,-181.0,0.3979431012620898
1759509900,3.0,0.0,3.0,114.98615188163927,6.0,348.915778,0.0,7.0,-181.0,0.3951228102115339
1759509905,3.0,0.0,3.0,114.98615188163927,6.0,348.915778,0.0,7.0,-181.0,0.3969271455002321
1759509910,3.0,0.0,3.0,9.130970989278262,6.0,348.915778,0.0,7.0,-181.0,0.39492048779516287
1759509915,3.0,0.0,3.0,9.130970989278262,6.0,348.915778,0.0,7.0,-181.0,0.3772513849575181
1759509920,3.0,0.0,3.0,9.130970989278262,6.0,348.915778,0.0,7.0,-181.0,0.3933450016192839
1759509925,3.0,0.0,3.0,9.130970989278262,6.0,348.915778,0.0,7.0,-181.0,0.38690895423934246
1759509930,3.0,0.0,3.0,9.130970989278262,6.0,297.216296,0.0,7.0,-181.0,0.3839338929876309
1759509935,3.0,0.0,3.0,9.130970989278262,6.0,297.216296,0.0,7.0,-181.0,0.3341327962989845
1759509935,3.0,0.0,3.0,9.130970989278262,6.0,297.216296,0.0,7.0,-181.0,0.39436893659400585
1759509940,3.0,0.0,3.0,18.215840532452393,6.0,297.216296,0.0,7.0,-181.0,0.38172611872837264
1759509945,3.0,0.0,3.0,18.215840532452393,6.0,297.216296,0.0,7.0,-181.0,0.41034070261099737
1759509950,3.0,0.0,3.0,18.215840532452393,6.0,297.216296,0.0,7.0,-181.0,0.42066327764370026
1759509955,3.0,0.0,3.0,18.215840532452393,6.0,297.216296,0.0,7.0,-181.0,0.4239108899080112
1759509960,3.0,0.0,3.0,18.215840532452393,6.0,122.474858,0.0,7.0,-181.0,0.41671186513617875
1759509965,3.0,0.0,3.0,18.215840532452393,6.0,122.474858,0.0,7.0,-181.0,0.4357380027566933
1759509970,3.0,0.0,3.0,1.5882056514278577,6.0,122.474858,0.0,7.0,-181.0,0.4265776877606107
1759509975,3.0,0.0,3.0,1.5882056514278577,6.0,122.474858,0.0,7.0,-181.0,0.4362049239502488
1759509980,3.0,0.0,3.0,1.5882056514278577,6.0,122.474858,0.0,7.0,-181.0,0.4218054245876935
1759509985,3.0,0.0,3.0,1.5882056514278577,6.0,122.474858,0.0,7.0,-181.0,0.37218654954273167
1759509990,3.0,0.0,3.0,1.5882056514278577,6.0,103.797635,0.0,7.0,-181.0,0.3870685218738037
1759509995,3.0,0.0,3.0,1.5882056514278577,6.0,103.797635,0.0,7.0,-181.0,0.37864077442661503
1759509995,3.0,0.0,3.0,1.5882056514278577,6.0,103.797635,0.0,7.0,-181.0,0.4125957753237735
1759510000,3.0,0.0,3.0,44.34329324109591,6.0,103.797635,0.0,7.0,-181.0,0.4225970551734689
1759510005,3.0,0.0,3.0,44.34329324109591,6.0,103.797635,0.0,7.0,-181.0,0.39695062687003113
1759510010,3.0,0.0,3.0,44.34329324109591,6.0,103.797635,0.0,7.0,-181.0,0.3875678264257296
1759510015,3.0,0.0,3.0,44.34329324109591,6.0,103.797635,0.0,7.0,-181.0,0.4374548726963878
1759510020,3.0,0.0,3.0,44.34329324109591,6.0,99.508121,0.0,7.0,-181.0,0.44254083989026693
1759510025,3.0,0.0,3.0,44.34329324109591,6.0,99.508121,0.0,7.0,-181.0,0.44586175902552405
1759510030,3.0,0.0,3.0,8.060721623953649,6.0,99.508121,0.0,7.0,-181.0,0.4558790177612252
1759510035,3.0,0.0,3.0,8.060721623953649,6.0,99.508121,0.0,7.0,-181.0,0.44882473817850443
1759510040,3.0,0.0,3.0,8.060721623953649,6.0,99.508121,0.0,7.0,-181.0,0.41756102513567495
1759510045,3.0,0.0,3.0,8.060721623953649,6.0,99.508121,0.0,7.0,-181.0,0.4294038241407733
1759510050,3.0,0.0,3.0,8.060721623953649,6.0,318.312269,0.0,7.0,-181.0,0.4301020187476905
1759510055,3.0,0.0,3.0,8.060721623953649,6.0,318.312269,0.0,7.0,-181.0,0.37961155555023046
1759510055,3.0,0.0,3.0,8.060721623953649,6.0,318.312269,0.0,7.0,-181.0,0.41220126432862786
1759510060,3.0,0.0,3.0,153.84799484679482,6.0,318.312269,0.0,7.0,-181.0,0.36819206235216717
1759510065,3.0,0.0,3.0,153.84799484679482,6.0,318.312269,0.0,7.0,-181.0,0.41177730519454314
1759510070,3.0,0.0,3.0,153.84799484679482,6.0,318.312269,0.0,7.0,-181.0,0.41406809738756517
1759510075,3.0,0.0,3.0,153.84799484679482,6.0,318.312269,0.0,7.0,-181.0,0.41055794840938353
1759510080,3.0,0.0,3.0,153.84799484679482,6.0,89.611502,0.0,7.0,-181.0,0.4152928346295834
1759510085,3.0,0.0,3.0,153.84799484679482,6.0,89.611502,0.0,7.0,-181.0,0.3979097628714967
1759510090,3.0,0.0,3.0,168.59565505321004,6.0,89.611502,0.0,7.0,-181.0,0.4303081907165166
1759510095,3.0,0.0,3.0,168.59565505321004,6.0,89.611502,0.0,7.0,-181.0,0.41266023346209557
1759510100,3.0,0.0,3.0,168.59565505321004,6.0,89.611502,0.0,7.0,-181.0,0.4370764247792081
1759510105,3.0,0.0,3.0,168.59565505321004,6.0,89.611502,0.0,7.0,-181.0,0.4363279642364336
1759510110,3.0,0.0,3.0,168.59565505321004,6.0,409.224322,0.0,7.0,-181.0,0.3523077201185463
1759510115,3.0,0.0,3.0,168.59565505321004,6.0,409.224322,0.0,7.0,-181.0,0.2945894184410352
1759510115,3.0,0.0,3.0,168.59565505321004,6.0,409.224322,0.0,7.0,-181.0,0.4335791782839893
1759510120,3.0,0.0,3.0,106.4875311110599,6.0,409.224322,0.0,7.0,-181.0,0.4335791782839893
1759510125,3.0,0.0,3.0,106.4875311110599,6.0,409.224322,0.0,7.0,-181.0,0.40707662597561156
1759510130,3.0,0.0,3.0,106.4875311110599,6.0,409.224322,0.0,7.0,-181.0,0.41200460732235145
1759510135,3.0,0.0,3.0,106.4875311110599,6.0,409.224322,0.0,7.0,-181.0,0.4369644146062348
1759510140,3.0,0.0,3.0,106.4875311110599,6.0,183.930909,0.0,7.0,-181.0,0.43120051410270865
1759510145,3.0,0.0,3.0,106.4875311110599,6.0,183.930909,0.0,7.0,-181.0,0.43120051410270865
1759510150,3.0,0.0,3.0,61.23962980129405,6.0,183.930909,0.0,7.0,-181.0,0.41657336112829957
1759510155,3.0,0.0,3.0,61.23962980129405,6.0,183.930909,0.0,7.0,-181.0,0.4248517266317218
1759510160,3.0,0.0,3.0,61.23962980129405,6.0,183.930909,0.0,7.0,-181.0,0.4439219364286996
1759510165,3.0,0.0,3.0,61.23962980129405,6.0,183.930909,0.0,7.0,-181.0,0.44537913528514106
1759510170,3.0,0.0,3.0,61.23962980129405,6.0,149.122156,0.0,7.0,-181.0,0.40965696827266007
1759510175,3.0,0.0,3.0,61.23962980129405,6.0,149.122156,0.0,7.0,-181.0,0.393177000771486
1759510175,3.0,0.0,3.0,61.23962980129405,6.0,149.122156,0.0,7.0,-181.0,0.42996379185965555
1759510180,3.0,0.0,3.0,45.86973306707766,6.0,149.122156,0.0,7.0,-181.0,0.42244722432881576
1759510185,3.0,0.0,3.0,45.86973306707766,6.0,149.122156,0.0,7.0,-181.0,0.40289885419762705
1759510190,3.0,0.0,3.0,45.86973306707766,6.0,149.122156,0.0,7.0,-181.0,0.3781307020345343
1759510195,3.0,0.0,3.0,45.86973306707766,6.0,149.122156,0.0,7.0,-181.0,0.3687647708115466
1759510200,3.0,0.0,3.0,45.86973306707766,6.0,84.171101,0.0,7.0,-181.0,0.37071628888539365
1759510205,3.0,0.0,3.0,45.86973306707766,6.0,84.171101,0.0,7.0,-181.0,0.3866916431791201
1759510210,3.0,0.0,3.0,26.936419398066278,6.0,84.171101,0.0,7.0,-181.0,0.3980901930674752
1759510215,3.0,0.0,3.0,26.936419398066278,6.0,84.171101,0.0,7.0,-181.0,0.37874711230541275
1759510220,3.0,0.0,3.0,26.936419398066278,6.0,84.171101,0.0,7.0,-181.0,0.39623070304268404
1759510225,3.0,0.0,3.0,26.936419398066278,6.0,84.171101,0.0,7.0,-181.0,0.4005747056727541
1759510230,3.0,0.0,3.0,26.936419398066278,6.0,49.017262,0.0,7.0,-181.0,0.3583978974268629
1759510235,3.0,0.0,3.0,26.936419398066278,6.0,49.017262,0.0,7.0,-181.0,0.37723907972941284
1759510235,3.0,0.0,3.0,26.936419398066278,6.0,49.017262,0.0,7.0,-181.0,0.37723907972941284
1759510240,3.0,0.0,3.0,50.0630932768633,6.0,49.017262,0.0,7.0,-181.0,0.3765369047939019
1759510245,3.0,0.0,3.0,50.0630932768633,6.0,49.017262,0.0,7.0,-181.0,0.37130720667003225
1759510250,3.0,0.0,3.0,50.0630932768633,6.0,49.017262,0.0,7.0,-181.0,0.3725081165355477
1759510255,3.0,0.0,3.0,50.0630932768633,6.0,49.017262,0.0,7.0,-181.0,0.3888728514848628
1759510260,3.0,0.0,3.0,50.0630932768633,6.0,57.317666,0.0,7.0,-181.0,0.3654892897167546
1759510265,3.0,0.0,3.0,50.0630932768633,6.0,57.317666,0.0,7.0,-181.0,0.3876732749831414
1759510270,3.0,0.0,3.0,349.9494788164814,6.0,57.317666,0.0,7.0,-181.0,0.36308222014210934
1759510275,3.0,0.0,3.0,349.9494788164814,6.0,57.317666,0.0,7.0,-181.0,0.37868778467335285
1759510280,3.0,0.0,3.0,349.9494788164814,6.0,57.317666,0.0,7.0,-181.0,0.36143573255306866
1759510285,3.0,0.0,3.0,349.9494788164814,6.0,57.317666,0.0,7.0,-181.0,0.3774496858732771
1759510290,3.0,0.0,3.0,349.9494788164814,6.0,105.644722,0.0,7.0,-181.0,0.3122819526237699
1759510295,3.0,0.0,3.0,349.9494788164814,6.0,105.644722,0.0,7.0,-181.0,0.29201004635467115
1759510295,3.0,0.0,3.0,349.9494788164814,6.0,105.644722,0.0,7.0,-181.0,0.36912765855693913
1759510300,3.0,0.0,3.0,254.60405453631355,6.0,105.644722,0.0,7.0,-181.0,0.36794024373366013
1759510305,3.0,0.0,3.0,254.60405453631355,6.0,105.644722,0.0,7.0,-181.0,0.3685631932284202
1759510310,3.0,0.0,3.0,254.60405453631355,6.0,105.644722,0.0,7.0,-181.0,0.3722672427284891
1759510315,3.0,0.0,3.0,254.60405453631355,6.0,105.644722,0.0,7.0,-181.0,0.3859626441686108
1759510320,3.0,0.0,3.0,254.60405453631355,6.0,36.230703,0.0,7.0,-181.0,0.361686081351697
1759510325,3.0,0.0,3.0,254.60405453631355,6.0,36.230703,0.0,7.0,-181.0,0.40809870125407316
1759510330,3.0,0.0,3.0,51.63477331833477,6.0,36.230703,0.0,7.0,-181.0,0.4079562305978698
1759510335,3.0,0.0,3.0,51.63477331833477,6.0,36.230703,0.0,7.0,-181.0,0.40760394449743403
1759510340,3.0,0.0,3.0,51.63477331833477,6.0,36.230703,0.0,7.0,-181.0,0.4161809830437964
1759510345,3.0,0.0,3.0,51.63477331833477,6.0,36.230703,0.0,7.0,-181.0,0.4161809830437964
1759510350,3.0,0.0,3.0,51.63477331833477,6.0,40.030765,0.0,7.0,-181.0,0.40320156563172144
1759510355,3.0,0.0,3.0,51.63477331833477,6.0,40.030765,0.0,7.0,-181.0,0.3863990533031244
