index,srv-recommendation_autoscaler_requested_pods,srv-recommendation_autoscaler_terminating_pods,srv-recommendation_autoscaler_actual_pods,srv-recommendation_activator_request_concurrency,srv-recommendation_autoscaler_desired_pods,srv-recommendation_autoscaler_stable_request_concurrency,srv-recommendation_autoscaler_panic_request_concurrency,srv-recommendation_autoscaler_target_concurrency_per_pod,srv-recommendation_autoscaler_excess_burst_capacity,srv-recommendation_container_cpu_usage_seconds_total
1759794282,0.0,0.0,0.0,0.0,0.0,0.0,0.0,7.0,-211.0,
1759794287,0.0,0.0,0.0,0.0,0.0,0.0,0.0,7.0,-211.0,
1759794292,0.0,0.0,0.0,0.0,0.0,0.0,0.0,7.0,-211.0,
1759794297,3.0,0.0,1.0,0.0,3.0,1.081917,0.839762,7.0,-202.0,
1759794302,3.0,0.0,1.0,0.0,3.0,1.081917,0.839762,7.0,-202.0,0.02891924803538977
1759794307,3.0,0.0,1.0,4.175717197826322,3.0,1.081917,0.839762,7.0,-202.0,0.04762787387137946
1759794312,3.0,0.0,1.0,4.175717197826322,3.0,1.081917,0.839762,7.0,-202.0,0.05894838925316495
1759794317,3.0,0.0,1.0,4.175717197826322,3.0,1.081917,0.839762,7.0,-202.0,0.06576686670214843
1759794322,3.0,0.0,1.0,4.175717197826322,3.0,1.081917,0.839762,7.0,-202.0,0.09294592472120966
1759794327,3.0,0.0,3.0,4.175717197826322,3.0,5.522916,3.540459,7.0,-185.0,0.10585369146930954
1759794332,3.0,0.0,3.0,4.175717197826322,3.0,5.522916,3.540459,7.0,-185.0,0.11903326894917085
1759794337,3.0,0.0,3.0,92.89982960095936,3.0,5.522916,3.540459,7.0,-185.0,0.12456148967200845
1759794342,3.0,0.0,3.0,92.89982960095936,3.0,5.522916,3.540459,7.0,-185.0,0.1367674930670708
1759794342,3.0,0.0,3.0,92.89982960095936,3.0,5.522916,3.540459,7.0,-185.0,0.13795665910671728
1759794347,3.0,0.0,3.0,92.89982960095936,3.0,5.522916,3.540459,7.0,-185.0,0.13523097132588796
1759794352,3.0,0.0,3.0,92.89982960095936,3.0,5.522916,3.540459,7.0,-185.0,0.13399630470936996
1759794357,1.0,2.0,1.0,92.89982960095936,0.0,0.0,0.0,7.0,-201.0,0.12250796102041508
1759794362,1.0,2.0,1.0,92.89982960095936,0.0,0.0,0.0,7.0,-201.0,0.1026844701645139
1759794367,1.0,2.0,1.0,,0.0,0.0,0.0,7.0,-201.0,0.07430579406838159
1759794372,1.0,2.0,1.0,,0.0,0.0,0.0,7.0,-201.0,0.0692740429472549
1759794377,1.0,2.0,1.0,,0.0,0.0,0.0,7.0,-201.0,0.060006183921452266
1759794382,1.0,2.0,1.0,,0.0,0.0,0.0,7.0,-201.0,0.03909467200525682
1759794387,1.0,2.0,1.0,,0.0,0.0,0.0,7.0,-201.0,0.03430968914955842
1759794392,1.0,2.0,1.0,,0.0,0.0,0.0,7.0,-201.0,0.010359904467242808
1759794397,1.0,2.0,1.0,,0.0,0.0,0.0,7.0,-201.0,0.0042113516567420335
1759794402,1.0,2.0,1.0,,0.0,0.0,0.0,7.0,-201.0,0.0023802110487427496
1759794402,1.0,2.0,1.0,0.0,0.0,0.0,7.0,-201.0,0.0025528828745261033
1759794407,1.0,2.0,1.0,0.0,0.0,0.0,7.0,-201.0,0.0023690592282609576
1759794412,1.0,2.0,1.0,0.0,0.0,0.0,7.0,-201.0,0.0017737965695779265
1759794417,1.0,2.0,1.0,3.0,0.002522,0.0,7.0,-201.0,0.0017781068195660867
1759794422,1.0,2.0,1.0,3.0,0.002522,0.0,7.0,-201.0,0.001778106819566087
1759794427,1.0,2.0,1.0,3.0,0.002522,0.0,7.0,-201.0,0.001851398210939328
1759794432,1.0,2.0,1.0,3.0,0.002522,0.0,7.0,-201.0,0.004050153960996547
1759794437,1.0,2.0,1.0,3.0,0.002522,0.0,7.0,-201.0,0.004050153960996546
1759794442,1.0,2.0,1.0,3.0,0.002522,0.0,7.0,-201.0,0.004050153960996546
1759794447,1.0,2.0,1.0,3.0,2.099158,0.0,7.0,-201.0,0.026953948576675855
1759794452,1.0,2.0,1.0,3.0,2.099158,0.0,7.0,-201.0,0.026953948576675855
1759794457,1.0,2.0,1.0,3.0,2.099158,0.0,7.0,-201.0,0.026953948576675855
1759794462,1.0,2.0,1.0,3.0,2.099158,0.0,7.0,-201.0,0.030704732927653827
1759794462,1.0,2.0,1.0,3.0,2.099158,0.0,7.0,-201.0,0.05713161908444503
1759794467,1.0,2.0,1.0,3.0,2.099158,0.0,7.0,-201.0,0.05713161908444503
1759794472,1.0,2.0,1.0,3.0,2.099158,0.0,7.0,-201.0,0.05713161908444503
1759794477,1.0,2.0,1.0,3.0,0.55812,0.0,7.0,-201.0,0.07934414958155742
1759794482,1.0,2.0,1.0,3.0,0.55812,0.0,7.0,-201.0,0.08104337748344372
1759794487,1.0,2.0,1.0,3.0,0.55812,0.0,7.0,-201.0,0.08104337748344372
1759794492,1.0,2.0,1.0,3.0,0.55812,0.0,7.0,-201.0,0.09032736602381157
1759794497,1.0,2.0,1.0,3.0,0.55812,0.0,7.0,-201.0,0.08462818003913894
1759794502,1.0,2.0,1.0,3.0,0.55812,0.0,7.0,-201.0,0.08462818003913894
1759794507,1.0,2.0,1.0,3.0,0.231481,0.0,7.0,-201.0,0.07801276888014737
1759794512,1.0,2.0,1.0,3.0,0.231481,0.0,7.0,-201.0,0.07703916481861167
1759794517,1.0,2.0,1.0,3.0,0.231481,0.0,7.0,-201.0,0.07703916481861167
1759794522,1.0,2.0,1.0,3.0,0.231481,0.0,7.0,-201.0,0.06022606004306379
1759794522,1.0,2.0,1.0,3.0,0.231481,0.0,7.0,-201.0,0.07389305135793482
1759794527,1.0,2.0,1.0,3.0,0.231481,0.0,7.0,-201.0,0.08897625701604
1759794532,1.0,2.0,1.0,3.0,0.231481,0.0,7.0,-201.0,0.08897625701604
1759794537,1.0,2.0,1.0,3.0,2.33205,0.0,7.0,-201.0,0.08897625701604
1759794542,1.0,2.0,1.0,3.0,2.33205,0.0,7.0,-201.0,0.10386746526521842
1759794547,1.0,2.0,1.0,3.0,2.33205,0.0,7.0,-201.0,0.10386746526521842
1759794552,1.0,2.0,1.0,3.0,2.33205,0.0,7.0,-201.0,0.10386746526521842
1759794557,1.0,2.0,1.0,3.0,2.33205,0.0,7.0,-201.0,0.09849527513661202
1759794562,1.0,2.0,1.0,3.0,2.33205,0.0,7.0,-201.0,0.1155881504048745
1759794567,1.0,2.0,1.0,3.0,0.442825,0.0,7.0,-201.0,0.1155881504048745
1759794572,1.0,2.0,1.0,3.0,0.442825,0.0,7.0,-201.0,0.10896463465553238
1759794577,1.0,2.0,1.0,3.0,0.442825,0.0,7.0,-201.0,0.10896463465553238
1759794582,1.0,2.0,1.0,3.0,0.442825,0.0,7.0,-201.0,0.08903105591338208
1759794582,1.0,2.0,1.0,3.0,0.442825,0.0,7.0,-201.0,0.08903105591338208
1759794587,1.0,2.0,1.0,3.0,0.442825,0.0,7.0,-201.0,0.08876692628012704
1759794592,1.0,2.0,1.0,3.0,0.442825,0.0,7.0,-201.0,0.09473917065849792
1759794597,1.0,2.0,1.0,3.0,0.448149,0.0,7.0,-201.0,0.09473917065849792
1759794602,1.0,2.0,1.0,3.0,0.448149,0.0,7.0,-201.0,0.0847023114639271
1759794607,1.0,2.0,1.0,3.0,0.448149,0.0,7.0,-201.0,0.08551447108833159
1759794612,1.0,2.0,1.0,3.0,0.448149,0.0,7.0,-201.0,0.08551447108833161
1759794617,1.0,2.0,1.0,3.0,0.448149,0.0,7.0,-201.0,0.08551447108833159
1759794622,1.0,2.0,1.0,3.0,0.448149,0.0,7.0,-201.0,0.08553749657520839
1759794627,1.0,2.0,1.0,3.0,0.593357,0.0,7.0,-201.0,0.08553749657520839
1759794632,1.0,2.0,1.0,3.0,0.593357,0.0,7.0,-201.0,0.09063902733726023
1759794637,1.0,2.0,1.0,3.0,0.593357,0.0,7.0,-201.0,0.09063902733726023
1759794642,1.0,2.0,1.0,3.0,0.593357,0.0,7.0,-201.0,0.07118675908284246
1759794642,1.0,2.0,1.0,3.0,0.593357,0.0,7.0,-201.0,0.09075237311490471
1759794647,1.0,2.0,1.0,3.0,0.593357,0.0,7.0,-201.0,0.09075237311490471
1759794652,1.0,2.0,1.0,3.0,0.593357,0.0,7.0,-201.0,0.09305519264501298
1759794657,1.0,2.0,1.0,3.0,0.575143,0.0,7.0,-201.0,0.09508583219825571
1759794662,1.0,2.0,1.0,3.0,0.575143,0.0,7.0,-201.0,0.09508583219825571
1759794667,1.0,2.0,1.0,3.0,0.575143,0.0,7.0,-201.0,0.09474346470087898
1759794672,1.0,2.0,1.0,3.0,0.575143,0.0,7.0,-201.0,0.0968950214432221
1759794677,1.0,2.0,1.0,3.0,0.575143,0.0,7.0,-201.0,0.0968950214432221
1759794682,1.0,2.0,1.0,3.0,0.575143,0.0,7.0,-201.0,0.08280465486721614
1759794687,1.0,2.0,1.0,3.0,0.503822,0.0,7.0,-201.0,0.09760527231599096
1759794692,1.0,2.0,1.0,3.0,0.503822,0.0,7.0,-201.0,0.09760527231599096
1759794697,1.0,2.0,1.0,3.0,0.503822,0.0,7.0,-201.0,0.09509472205146223
1759794702,1.0,2.0,1.0,3.0,0.503822,0.0,7.0,-201.0,0.09345300401842598
1759794702,1.0,2.0,1.0,3.0,0.503822,0.0,7.0,-201.0,0.09345300401842598
1759794707,1.0,2.0,1.0,3.0,0.503822,0.0,7.0,-201.0,0.09345300401842598
1759794712,1.0,2.0,1.0,3.0,0.503822,0.0,7.0,-201.0,0.08057362251461989
1759794717,1.0,2.0,1.0,3.0,1.01519,0.0,7.0,-201.0,0.09618835240126693
1759794722,1.0,2.0,1.0,3.0,1.01519,0.0,7.0,-201.0,0.09618835240126693
1759794727,1.0,2.0,1.0,3.0,1.01519,0.0,7.0,-201.0,0.09618835240126693
1759794732,1.0,2.0,1.0,3.0,1.01519,0.0,7.0,-201.0,0.09758760899495181
1759794737,1.0,2.0,1.0,3.0,1.01519,0.0,7.0,-201.0,0.09758760899495181
1759794742,1.0,2.0,1.0,3.0,1.01519,0.0,7.0,-201.0,0.09768041403849269
1759794747,1.0,2.0,1.0,3.0,0.630777,0.0,7.0,-201.0,0.10089742212674546
1759794752,1.0,2.0,1.0,3.0,0.630777,0.0,7.0,-201.0,0.10089742212674545
1759794757,1.0,2.0,1.0,3.0,0.630777,0.0,7.0,-201.0,0.06308220000000002
1759794762,1.0,2.0,1.0,3.0,0.630777,0.0,7.0,-201.0,0.09128619448915819
1759794762,1.0,2.0,1.0,3.0,0.630777,0.0,7.0,-201.0,0.09128619448915819
1759794767,1.0,2.0,1.0,3.0,0.630777,0.0,7.0,-201.0,0.09128619448915819
1759794772,1.0,2.0,1.0,3.0,0.630777,0.0,7.0,-201.0,0.09438472423802614
1759794777,1.0,2.0,1.0,3.0,0.921111,0.0,7.0,-201.0,0.09397162809937472
1759794782,1.0,2.0,1.0,3.0,0.921111,0.0,7.0,-201.0,0.0939716280993747
1759794787,1.0,2.0,1.0,3.0,0.921111,0.0,7.0,-201.0,0.09809643936657607
1759794792,1.0,2.0,1.0,3.0,0.921111,0.0,7.0,-201.0,0.09812051016380498
1759794797,1.0,2.0,1.0,3.0,0.921111,0.0,7.0,-201.0,0.09968148505303753
1759794802,1.0,2.0,1.0,3.0,0.921111,0.0,7.0,-201.0,0.08985971525987972
1759794807,1.0,2.0,1.0,3.0,1.515902,0.0,7.0,-201.0,0.09386754153453235
1759794812,1.0,2.0,1.0,3.0,1.515902,0.0,7.0,-201.0,0.11123528861621336
1759794817,1.0,2.0,1.0,3.0,1.515902,0.0,7.0,-201.0,0.11123528861621336
1759794822,1.0,2.0,1.0,3.0,1.515902,0.0,7.0,-201.0,0.11335605873946673
1759794822,1.0,2.0,1.0,3.0,1.515902,0.0,7.0,-201.0,0.11335605873946673
1759794827,1.0,2.0,1.0,3.0,1.515902,0.0,7.0,-201.0,0.11295465845423172
1759794832,1.0,2.0,1.0,3.0,1.515902,0.0,7.0,-201.0,0.11298865459005565
1759794837,1.0,2.0,1.0,3.0,0.776483,0.0,7.0,-201.0,0.11298865459005565
1759794842,1.0,2.0,1.0,3.0,0.776483,0.0,7.0,-201.0,0.10918086525968318
1759794847,1.0,2.0,1.0,3.0,0.776483,0.0,7.0,-201.0,0.11014932077125325
1759794852,1.0,2.0,1.0,3.0,0.776483,0.0,7.0,-201.0,0.11106872353085291
1759794857,1.0,2.0,1.0,3.0,0.776483,0.0,7.0,-201.0,0.1075606206826493
1759794862,1.0,2.0,1.0,3.0,0.776483,0.0,7.0,-201.0,0.1075606206826493
1759794867,1.0,2.0,1.0,3.0,1.549361,0.0,7.0,-201.0,0.10808420128953494
1759794872,1.0,2.0,1.0,3.0,1.549361,0.0,7.0,-201.0,0.10684235155730575
1759794877,1.0,2.0,1.0,3.0,1.549361,0.0,7.0,-201.0,0.10684235155730575
1759794882,1.0,2.0,1.0,3.0,1.549361,0.0,7.0,-201.0,0.08578134979088173
1759794882,1.0,2.0,1.0,3.0,1.549361,0.0,7.0,-201.0,0.08578134979088173
1759794887,1.0,2.0,1.0,3.0,1.549361,0.0,7.0,-201.0,0.11067620925699274
1759794892,1.0,2.0,1.0,3.0,1.549361,0.0,7.0,-201.0,0.11067620925699274
1759794897,1.0,2.0,1.0,3.0,0.9143,0.0,7.0,-201.0,0.1107622020930438
1759794902,1.0,2.0,1.0,3.0,0.9143,0.0,7.0,-201.0,0.10975924415143444
1759794907,1.0,2.0,1.0,3.0,0.9143,0.0,7.0,-201.0,0.11267167404972851
1759794912,1.0,2.0,1.0,3.0,0.9143,0.0,7.0,-201.0,0.11358535562904651
1759794917,1.0,2.0,1.0,3.0,0.9143,0.0,7.0,-201.0,0.11358535562904651
1759794922,1.0,2.0,1.0,3.0,0.9143,0.0,7.0,-201.0,0.11482931631594674
1759794927,1.0,2.0,1.0,3.0,0.61155,0.0,7.0,-201.0,0.09823737558997894
1759794932,1.0,2.0,1.0,3.0,0.61155,0.0,7.0,-201.0,0.11789939163294277
1759794937,1.0,2.0,1.0,3.0,0.61155,0.0,7.0,-201.0,0.11402742887918593
1759794942,1.0,2.0,1.0,3.0,0.61155,0.0,7.0,-201.0,0.11402742887918593
1759794942,1.0,2.0,1.0,3.0,0.61155,0.0,7.0,-201.0,0.11402742887918593
1759794947,1.0,2.0,1.0,3.0,0.61155,0.0,7.0,-201.0,0.11499031896463864
1759794952,1.0,2.0,1.0,3.0,0.61155,0.0,7.0,-201.0,0.0953576385067427
1759794957,1.0,2.0,1.0,3.0,2.980029,0.0,7.0,-201.0,0.11212391276404314
1759794962,1.0,2.0,1.0,3.0,2.980029,0.0,7.0,-201.0,0.11212391276404314
1759794967,1.0,2.0,1.0,3.0,2.980029,0.0,7.0,-201.0,0.11251444600280515
1759794972,1.0,2.0,1.0,3.0,2.980029,0.0,7.0,-201.0,0.11251444600280515
1759794977,1.0,2.0,1.0,3.0,2.980029,0.0,7.0,-201.0,0.11251444600280515
1759794982,1.0,2.0,1.0,3.0,2.980029,0.0,7.0,-201.0,0.11403322266958635
1759794987,1.0,2.0,1.0,3.0,1.406078,0.0,7.0,-201.0,0.11403322266958635
1759794992,1.0,2.0,1.0,3.0,1.406078,0.0,7.0,-201.0,0.11403322266958635
1759794997,1.0,2.0,1.0,3.0,1.406078,0.0,7.0,-201.0,0.06982712499999995
1759795002,1.0,2.0,1.0,3.0,1.406078,0.0,7.0,-201.0,0.10486417634039472
1759795002,1.0,2.0,1.0,3.0,1.406078,0.0,7.0,-201.0,0.10486417634039472
1759795007,1.0,2.0,1.0,3.0,1.406078,0.0,7.0,-201.0,0.10486417634039472
1759795012,1.0,2.0,1.0,3.0,1.406078,0.0,7.0,-201.0,0.10486417634039472
1759795017,1.0,2.0,1.0,3.0,1.616952,0.0,7.0,-201.0,0.10508226797111019
1759795022,1.0,2.0,1.0,3.0,1.616952,0.0,7.0,-201.0,0.10508226797111019
1759795027,1.0,2.0,1.0,3.0,1.616952,0.0,7.0,-201.0,0.10667078702409868
1759795032,1.0,2.0,1.0,3.0,1.616952,0.0,7.0,-201.0,0.10667078702409868
1759795037,1.0,2.0,1.0,3.0,1.616952,0.0,7.0,-201.0,0.10667078702409868
1759795042,1.0,2.0,1.0,3.0,1.616952,0.0,7.0,-201.0,0.09699746790297106
1759795047,1.0,2.0,1.0,3.0,0.742312,0.0,7.0,-201.0,0.11378929024869927
1759795052,1.0,2.0,1.0,3.0,0.742312,0.0,7.0,-201.0,0.1145616400606264
1759795057,1.0,2.0,1.0,3.0,0.742312,0.0,7.0,-201.0,0.1145616400606264
1759795062,1.0,2.0,1.0,3.0,0.742312,0.0,7.0,-201.0,0.09869063527938655
1759795062,1.0,2.0,1.0,,3.0,0.742312,0.0,7.0,-201.0,0.09869063527938655
1759795067,1.0,2.0,1.0,,3.0,0.742312,0.0,7.0,-201.0,0.11213072217432347
1759795072,1.0,2.0,1.0,,3.0,0.742312,0.0,7.0,-201.0,0.1166575605303517
1759795077,3.0,0.0,1.0,,3.0,6.283875,8.121722,7.0,-210.0,0.10775278519727406
1759795082,3.0,0.0,1.0,,3.0,6.283875,8.121722,7.0,-210.0,0.1127976548573253
1759795087,3.0,0.0,1.0,2.5294866023848215,3.0,6.283875,8.121722,7.0,-210.0,0.11148725925726899
1759795092,3.0,0.0,1.0,2.5294866023848215,3.0,6.283875,8.121722,7.0,-210.0,0.1301741778003037
1759795097,3.0,0.0,1.0,2.5294866023848215,3.0,6.283875,8.121722,7.0,-210.0,0.13373533587553535
1759795102,3.0,0.0,1.0,2.5294866023848215,3.0,6.283875,8.121722,7.0,-210.0,0.13235801768654978
1759795107,3.0,0.0,3.0,2.5294866023848215,3.0,2.871956,3.964973,7.0,-185.0,0.12997888819317696
1759795112,3.0,0.0,3.0,2.5294866023848215,3.0,2.871956,3.964973,7.0,-185.0,0.11726895773281108
1759795117,3.0,0.0,3.0,1.25949164062775,3.0,2.871956,3.964973,7.0,-185.0,0.12376084597376566
1759795122,3.0,0.0,3.0,1.25949164062775,3.0,2.871956,3.964973,7.0,-185.0,0.12610157429826369
1759795122,3.0,0.0,3.0,1.25949164062775,3.0,2.871956,3.964973,7.0,-185.0,0.13261643935964404
1759795127,3.0,0.0,3.0,1.25949164062775,3.0,2.871956,3.964973,7.0,-185.0,0.1300301759133632
1759795132,3.0,0.0,3.0,1.25949164062775,3.0,2.871956,3.964973,7.0,-185.0,0.11988654529267659
1759795137,3.0,0.0,3.0,1.25949164062775,3.0,5.980833,17.89114,7.0,-199.0,0.10355461203347871
1759795142,3.0,0.0,3.0,1.25949164062775,3.0,5.980833,17.89114,7.0,-199.0,0.10726219636624545
1759795147,3.0,0.0,3.0,0.18047307573930646,3.0,5.980833,17.89114,7.0,-199.0,0.10005715575105852
1759795152,3.0,0.0,3.0,0.18047307573930646,3.0,5.980833,17.89114,7.0,-199.0,0.10565493865745784
1759795157,3.0,0.0,3.0,0.18047307573930646,3.0,5.980833,17.89114,7.0,-199.0,0.09876957408295986
1759795162,3.0,0.0,3.0,0.18047307573930646,3.0,5.980833,17.89114,7.0,-199.0,0.09876957408295986
1759795167,1.0,2.0,1.0,0.18047307573930646,3.0,0.782613,0.0,7.0,-201.0,0.07783364660692796
1759795172,1.0,2.0,1.0,0.18047307573930646,3.0,0.782613,0.0,7.0,-201.0,0.058267186991167966
1759795177,1.0,2.0,1.0,0.18047307573930646,3.0,0.782613,0.0,7.0,-201.0,0.058267186991167966
1759795182,1.0,2.0,1.0,0.18047307573930646,3.0,0.782613,0.0,7.0,-201.0,0.05237408384923986
1759795182,1.0,2.0,1.0,3.0,0.782613,0.0,7.0,-201.0,0.044751243549036424
1759795187,1.0,2.0,1.0,3.0,0.782613,0.0,7.0,-201.0,0.039579779459662096
1759795192,1.0,2.0,1.0,3.0,0.782613,0.0,7.0,-201.0,0.023797086578309805
1759795197,1.0,2.0,1.0,3.0,0.190787,0.0,7.0,-201.0,0.014077591040598516
1759795202,1.0,2.0,1.0,3.0,0.190787,0.0,7.0,-201.0,0.015526553025006027
1759795207,1.0,2.0,1.0,3.0,0.190787,0.0,7.0,-201.0,0.015866094723858713
1759795212,1.0,2.0,1.0,3.0,0.190787,0.0,7.0,-201.0,0.01696048891093632
1759795217,1.0,2.0,1.0,3.0,0.190787,0.0,7.0,-201.0,0.027870613789091017
1759795222,1.0,2.0,1.0,3.0,0.190787,0.0,7.0,-201.0,0.02770177168435319
1759795227,1.0,2.0,1.0,3.0,0.058983,0.0,7.0,-201.0,0.03729195451626866
1759795232,1.0,2.0,1.0,3.0,0.058983,0.0,7.0,-201.0,0.03516468389255634
1759795237,1.0,2.0,1.0,3.0,0.058983,0.0,7.0,-201.0,0.03507322365202501
1759795242,1.0,2.0,1.0,3.0,0.058983,0.0,7.0,-201.0,0.033863124358699905
1759795242,1.0,2.0,1.0,,3.0,0.058983,0.0,7.0,-201.0,0.033863124358699905
1759795247,1.0,2.0,1.0,,3.0,0.058983,0.0,7.0,-201.0,0.03989551856594112
1759795252,1.0,2.0,1.0,,3.0,0.058983,0.0,7.0,-201.0,0.03989551856594112
1759795257,1.0,2.0,1.0,,3.0,0.174893,0.0,7.0,-201.0,0.042633163761501974
1759795262,1.0,2.0,1.0,,3.0,0.174893,0.0,7.0,-201.0,0.03448120933887609
1759795267,1.0,2.0,1.0,,3.0,0.174893,0.0,7.0,-201.0,0.034454632177369326
1759795272,1.0,2.0,1.0,,3.0,0.174893,0.0,7.0,-201.0,0.04253257622184781
1759795277,1.0,2.0,1.0,,3.0,0.174893,0.0,7.0,-201.0,0.046502442690717724
1759795282,1.0,2.0,1.0,,3.0,0.174893,0.0,7.0,-201.0,0.06037304211558688
1759795287,3.0,0.0,1.0,,3.0,2.355298,0.0,7.0,-201.0,0.08400049064027898
1759795292,3.0,0.0,1.0,,3.0,2.355298,0.0,7.0,-201.0,0.11068857282755186
1759795297,3.0,0.0,1.0,1.9741518128594588,3.0,2.355298,0.0,7.0,-201.0,0.13281811657108458
1759795302,3.0,0.0,1.0,1.9741518128594588,3.0,2.355298,0.0,7.0,-201.0,0.14198841469959675
1759795302,3.0,0.0,1.0,1.9741518128594588,3.0,2.355298,0.0,7.0,-201.0,0.14198841469959675
1759795307,3.0,0.0,1.0,1.9741518128594588,3.0,2.355298,0.0,7.0,-201.0,0.1476844814729612
1759795312,3.0,0.0,1.0,1.9741518128594588,3.0,2.355298,0.0,7.0,-201.0,0.14985870931188358
1759795317,3.0,0.0,3.0,1.9741518128594588,3.0,5.6917,0.335259,7.0,-182.0,0.16225764728537279
1759795322,3.0,0.0,3.0,1.9741518128594588,3.0,5.6917,0.335259,7.0,-182.0,0.16751051232196748
1759795327,3.0,0.0,3.0,,3.0,5.6917,0.335259,7.0,-182.0,0.16413170527256687
1759795332,3.0,0.0,3.0,,3.0,5.6917,0.335259,7.0,-182.0,0.13975892290231806
1759795337,3.0,0.0,3.0,,3.0,5.6917,0.335259,7.0,-182.0,0.11886473537113665
1759795342,3.0,0.0,3.0,,3.0,5.6917,0.335259,7.0,-182.0,0.08972468609012382
1759795347,1.0,2.0,1.0,,0.0,0.0,0.0,7.0,-201.0,0.07578781607714134
1759795352,1.0,2.0,1.0,,0.0,0.0,0.0,7.0,-201.0,0.04656187591059839
1759795357,1.0,2.0,1.0,,0.0,0.0,0.0,7.0,-201.0,0.02810203370241955
1759795362,1.0,2.0,1.0,,0.0,0.0,0.0,7.0,-201.0,0.025551635797962158
1759795362,1.0,2.0,1.0,0.0,0.0,0.0,7.0,-201.0,0.024335969831375967
1759795367,1.0,2.0,1.0,0.0,0.0,0.0,7.0,-201.0,0.021785571926918573
1759795372,1.0,2.0,1.0,0.0,0.0,0.0,7.0,-201.0,0.006501470712629027
1759795377,1.0,2.0,1.0,0.0,0.0,0.0,7.0,-201.0,0.0014775296471144389
1759795382,1.0,2.0,1.0,0.0,0.0,0.0,7.0,-201.0,0.0011433596629805822
1759795387,1.0,2.0,1.0,0.0,0.0,0.0,7.0,-201.0,0.001023858079078046
1759795392,1.0,2.0,1.0,0.0,0.0,0.0,7.0,-201.0,0.001023858079078046
1759795397,1.0,2.0,1.0,0.0,0.0,0.0,7.0,-201.0,0.0010748259860787139
1759795402,1.0,2.0,1.0,0.0,0.0,0.0,7.0,-201.0,0.011855300182800196
1759795407,1.0,2.0,1.0,3.0,0.935991,0.0,7.0,-201.0,0.011855300182800196
1759795412,1.0,2.0,1.0,3.0,0.935991,0.0,7.0,-201.0,0.012855253106892792
1759795417,1.0,2.0,1.0,3.0,0.935991,0.0,7.0,-201.0,0.03413091664742551
1759795422,1.0,2.0,1.0,3.0,0.935991,0.0,7.0,-201.0,0.04312296309745342
1759795422,1.0,2.0,1.0,,3.0,0.935991,0.0,7.0,-201.0,0.04312296309745342
1759795427,1.0,2.0,1.0,,3.0,0.935991,0.0,7.0,-201.0,0.04312296309745342
1759795432,1.0,2.0,1.0,,3.0,0.935991,0.0,7.0,-201.0,0.05924301944925882
1759795437,1.0,2.0,1.0,,3.0,0.135998,0.0,7.0,-201.0,0.05924301944925882
1759795442,1.0,2.0,1.0,,3.0,0.135998,0.0,7.0,-201.0,0.059243019449258805
1759795447,1.0,2.0,1.0,,3.0,0.135998,0.0,7.0,-201.0,0.058447254214655596
1759795452,1.0,2.0,1.0,,3.0,0.135998,0.0,7.0,-201.0,0.058447254214655596
1759795457,1.0,2.0,1.0,,3.0,0.135998,0.0,7.0,-201.0,0.0664919347179099
1759795462,1.0,2.0,1.0,,3.0,0.135998,0.0,7.0,-201.0,0.07848271441882423
1759795467,3.0,0.0,1.0,,3.0,13.780286,0.0,7.0,-201.0,0.08271115484777766
1759795472,3.0,0.0,1.0,,3.0,13.780286,0.0,7.0,-201.0,0.08780891042263443
1759795477,3.0,0.0,1.0,9.691341170528021,3.0,13.780286,0.0,7.0,-201.0,0.10715078983909093
1759795482,3.0,0.0,1.0,9.691341170528021,3.0,13.780286,0.0,7.0,-201.0,0.10921251450366197
1759795482,3.0,0.0,1.0,9.691341170528021,3.0,13.780286,0.0,7.0,-201.0,0.12877156348799565
1759795487,3.0,0.0,1.0,9.691341170528021,3.0,13.780286,0.0,7.0,-201.0,0.13767327800601736
1759795492,3.0,0.0,1.0,9.691341170528021,3.0,13.780286,0.0,7.0,-201.0,0.12357650126605499
1759795497,3.0,0.0,3.0,9.691341170528021,3.0,0.0715,0.0,7.0,-181.0,0.12728013089078685
1759795502,3.0,0.0,3.0,9.691341170528021,3.0,0.0715,0.0,7.0,-181.0,0.1236271789448144
1759795507,3.0,0.0,3.0,0.08089336276522176,3.0,0.0715,0.0,7.0,-181.0,0.10221388647367154
1759795512,3.0,0.0,3.0,0.08089336276522176,3.0,0.0715,0.0,7.0,-181.0,0.09533531019247093
1759795517,3.0,0.0,3.0,0.08089336276522176,3.0,0.0715,0.0,7.0,-181.0,0.08729724342512019
1759795522,3.0,0.0,3.0,0.08089336276522176,3.0,0.0715,0.0,7.0,-181.0,0.04651943145197441
1759795527,3.0,3.0,0.0,0.08089336276522176,3.0,0.166666,1.0,7.0,-212.0,0.02456674060449908
1759795532,3.0,3.0,0.0,0.08089336276522176,3.0,0.166666,1.0,7.0,-212.0,0.022614607698397557
1759795537,3.0,3.0,0.0,1.8872150286820357,3.0,0.166666,1.0,7.0,-212.0,0.01092651248359818
1759795542,3.0,3.0,0.0,1.8872150286820357,3.0,0.166666,1.0,7.0,-212.0,0.023892391169082112
1759795542,3.0,3.0,0.0,1.8872150286820357,3.0,0.166666,1.0,7.0,-212.0,0.05361654254915669
1759795547,3.0,3.0,0.0,1.8872150286820357,3.0,0.166666,1.0,7.0,-212.0,0.06764614855472477
1759795552,3.0,3.0,0.0,1.8872150286820357,3.0,0.166666,1.0,7.0,-212.0,0.08505836526241126
1759795557,3.0,0.0,2.0,1.8872150286820357,3.0,0.074527,0.0,7.0,-191.0,0.08435798878816007
1759795562,3.0,0.0,2.0,1.8872150286820357,3.0,0.074527,0.0,7.0,-191.0,0.08833759991295655
1759795567,3.0,0.0,2.0,0.009738472492498486,3.0,0.074527,0.0,7.0,-191.0,0.08027541118836826
1759795572,3.0,0.0,2.0,0.009738472492498486,3.0,0.074527,0.0,7.0,-191.0,0.08350230123272502
1759795577,3.0,0.0,2.0,0.009738472492498486,3.0,0.074527,0.0,7.0,-191.0,0.08275488974633598
1759795582,3.0,0.0,2.0,0.009738472492498486,3.0,0.074527,0.0,7.0,-191.0,0.07836277645801555
1759795587,3.0,0.0,3.0,0.009738472492498486,3.0,0.2,0.0,7.0,-181.0,0.044113566446936314
1759795592,3.0,0.0,3.0,0.009738472492498486,3.0,0.2,0.0,7.0,-181.0,0.03810473631553928
1759795597,3.0,0.0,3.0,0.21967205311821322,3.0,0.2,0.0,7.0,-181.0,0.0380028619612404
1759795602,3.0,0.0,3.0,0.21967205311821322,3.0,0.2,0.0,7.0,-181.0,0.005647881120278488
1759795602,3.0,0.0,3.0,0.21967205311821322,3.0,0.2,0.0,7.0,-181.0,0.007857846769773634
1759795607,3.0,0.0,3.0,0.21967205311821322,3.0,0.2,0.0,7.0,-181.0,0.010047562456897249
1759795612,3.0,0.0,3.0,0.21967205311821322,3.0,0.2,0.0,7.0,-181.0,0.010097921392199253
1759795617,3.0,0.0,3.0,0.21967205311821322,3.0,0.174187,1.0,7.0,-182.0,0.011766162144205453
1759795622,3.0,0.0,3.0,0.21967205311821322,3.0,0.174187,1.0,7.0,-182.0,0.01245598603752725
1759795627,3.0,0.0,3.0,0.0,3.0,0.174187,1.0,7.0,-182.0,0.013094413749354378
1759795632,3.0,0.0,3.0,0.0,3.0,0.174187,1.0,7.0,-182.0,0.012524733764185846
1759795637,3.0,0.0,3.0,0.0,3.0,0.174187,1.0,7.0,-182.0,0.016699453097745502
1759795642,3.0,0.0,3.0,0.0,3.0,0.174187,1.0,7.0,-182.0,0.017551525925755207
1759795647,3.0,0.0,3.0,0.0,3.0,1.068438,0.0,7.0,-181.0,0.019277829859529163
1759795652,3.0,0.0,3.0,0.0,3.0,1.068438,0.0,7.0,-181.0,0.024613849083739738
1759795657,3.0,0.0,3.0,0.049294610337842236,3.0,1.068438,0.0,7.0,-181.0,0.02455754972169515
1759795662,3.0,0.0,3.0,0.049294610337842236,3.0,1.068438,0.0,7.0,-181.0,0.02542000073194854
1759795662,3.0,0.0,3.0,0.049294610337842236,3.0,1.068438,0.0,7.0,-181.0,0.022079056273594546
1759795667,3.0,0.0,3.0,0.049294610337842236,3.0,1.068438,0.0,7.0,-181.0,0.024112134728474528
1759795672,3.0,0.0,3.0,0.049294610337842236,3.0,1.068438,0.0,7.0,-181.0,0.024112134728474528
1759795677,3.0,3.0,1.0,0.049294610337842236,3.0,2.50539,0.0,7.0,-201.0,0.021130809738811297
1759795682,3.0,3.0,1.0,0.049294610337842236,3.0,2.50539,0.0,7.0,-201.0,0.05500289311986802
1759795687,3.0,3.0,1.0,,3.0,2.50539,0.0,7.0,-201.0,0.07805409268486972
1759795692,3.0,3.0,1.0,,3.0,2.50539,0.0,7.0,-201.0,0.08760925194975691
1759795697,3.0,3.0,1.0,,3.0,2.50539,0.0,7.0,-201.0,0.08598418338331143
1759795702,3.0,3.0,1.0,,3.0,2.50539,0.0,7.0,-201.0,0.0994314624218132
1759795707,0.0,3.0,1.0,,1.0,0.0,0.0,7.0,-181.0,0.09520427292427468
1759795712,0.0,3.0,1.0,,1.0,0.0,0.0,7.0,-181.0,0.09744318944941498
1759795717,0.0,3.0,1.0,,1.0,0.0,0.0,7.0,-181.0,0.09603245297304049
1759795722,0.0,3.0,1.0,,1.0,0.0,0.0,7.0,-181.0,0.09776818911485816
1759795722,0.0,3.0,1.0,1.0,0.0,0.0,7.0,-181.0,0.0916390483646586
1759795727,0.0,3.0,1.0,1.0,0.0,0.0,7.0,-181.0,0.06367994370974908
1759795732,0.0,3.0,1.0,1.0,0.0,0.0,7.0,-181.0,0.06376330013351877
1759795737,0.0,3.0,1.0,3.0,1.012364,0.0,7.0,-181.0,0.07251830898917475
1759795742,0.0,3.0,1.0,3.0,1.012364,0.0,7.0,-181.0,0.0601600587511549
1759795747,0.0,3.0,1.0,3.0,1.012364,0.0,7.0,-181.0,0.04286802063841578
1759795752,0.0,3.0,1.0,3.0,1.012364,0.0,7.0,-181.0,0.08850301071477032
1759795757,0.0,3.0,1.0,3.0,1.012364,0.0,7.0,-181.0,0.10144226061237784
1759795762,0.0,3.0,1.0,3.0,1.012364,0.0,7.0,-181.0,0.12007519499078476
1759795767,0.0,3.0,1.0,3.0,1.97714,0.0,7.0,-181.0,0.14214454922842956
1759795772,0.0,3.0,1.0,3.0,1.97714,0.0,7.0,-181.0,0.1759022108717614
1759795777,0.0,3.0,1.0,3.0,1.97714,0.0,7.0,-181.0,0.178147866630536
1759795782,0.0,3.0,1.0,3.0,1.97714,0.0,7.0,-181.0,0.20245151233885164
1759795782,0.0,3.0,1.0,3.0,1.97714,0.0,7.0,-181.0,0.20245151233885164
1759795787,0.0,3.0,1.0,3.0,1.97714,0.0,7.0,-181.0,0.19756755155540928
1759795792,0.0,3.0,1.0,3.0,1.97714,0.0,7.0,-181.0,0.1936999762556971
1759795797,0.0,3.0,1.0,3.0,1.404452,0.0,7.0,-181.0,0.18721937253038032
1759795802,0.0,3.0,1.0,3.0,1.404452,0.0,7.0,-181.0,0.18558594162400818
1759795807,0.0,3.0,1.0,3.0,1.404452,0.0,7.0,-181.0,0.1903021011816581
1759795812,0.0,3.0,1.0,3.0,1.404452,0.0,7.0,-181.0,0.19456639478502946
1759795817,0.0,3.0,1.0,3.0,1.404452,0.0,7.0,-181.0,0.210073084756019
1759795822,0.0,3.0,1.0,3.0,1.404452,0.0,7.0,-181.0,0.21198109154462105
1759795827,0.0,3.0,1.0,3.0,0.616371,0.0,7.0,-181.0,0.21636552979480492
1759795832,0.0,3.0,1.0,3.0,0.616371,0.0,7.0,-181.0,0.22633551358847753
1759795837,0.0,3.0,1.0,3.0,0.616371,0.0,7.0,-181.0,0.2345360603475204
1759795842,0.0,3.0,1.0,3.0,0.616371,0.0,7.0,-181.0,0.21897780863997898
1759795842,0.0,3.0,1.0,3.0,0.616371,0.0,7.0,-181.0,0.22000674512060708
1759795847,0.0,3.0,1.0,3.0,0.616371,0.0,7.0,-181.0,0.24091903506962714
1759795852,0.0,3.0,1.0,3.0,0.616371,0.0,7.0,-181.0,0.22745885482583583
1759795857,0.0,3.0,1.0,3.0,1.428312,0.0,7.0,-181.0,0.21163579692953016
1759795862,0.0,3.0,1.0,3.0,1.428312,0.0,7.0,-181.0,0.22404542063466104
1759795867,0.0,3.0,1.0,3.0,1.428312,0.0,7.0,-181.0,0.22281203431806218
1759795872,0.0,3.0,1.0,3.0,1.428312,0.0,7.0,-181.0,0.22543714407129156
1759795877,0.0,3.0,1.0,3.0,1.428312,0.0,7.0,-181.0,0.23073433074743893
1759795882,0.0,3.0,1.0,3.0,1.428312,0.0,7.0,-181.0,0.23204346270750248
1759795887,0.0,3.0,1.0,3.0,1.18531,0.0,7.0,-181.0,0.22510835242947425
1759795892,0.0,3.0,1.0,3.0,1.18531,0.0,7.0,-181.0,0.22396098807203743
1759795897,0.0,3.0,1.0,3.0,1.18531,0.0,7.0,-181.0,0.21657714404930795
1759795902,0.0,3.0,1.0,3.0,1.18531,0.0,7.0,-181.0,0.21222892938339347
1759795902,0.0,3.0,1.0,3.0,1.18531,0.0,7.0,-181.0,0.22924541723126116
1759795907,0.0,3.0,1.0,3.0,1.18531,0.0,7.0,-181.0,0.22830545324490442
1759795912,0.0,3.0,1.0,3.0,1.18531,0.0,7.0,-181.0,0.23681892893979345
1759795917,0.0,3.0,1.0,3.0,2.761169,0.0,7.0,-181.0,0.22413276906775786
1759795922,0.0,3.0,1.0,3.0,2.761169,0.0,7.0,-181.0,0.24204208697732127
1759795927,0.0,3.0,1.0,3.0,2.761169,0.0,7.0,-181.0,0.24204208697732127
1759795932,0.0,3.0,1.0,3.0,2.761169,0.0,7.0,-181.0,0.22627841654544384
1759795937,0.0,3.0,1.0,3.0,2.761169,0.0,7.0,-181.0,0.2183217520602141
1759795942,0.0,3.0,1.0,3.0,2.761169,0.0,7.0,-181.0,0.25048008965883234
1759795947,0.0,3.0,1.0,3.0,1.452356,0.0,7.0,-181.0,0.24474782191674913
1759795952,0.0,3.0,1.0,3.0,1.452356,0.0,7.0,-181.0,0.24430838192821178
1759795957,0.0,3.0,1.0,3.0,1.452356,0.0,7.0,-181.0,0.24383234911604978
1759795962,0.0,3.0,1.0,3.0,1.452356,0.0,7.0,-181.0,0.22803186871557696
1759795962,0.0,3.0,1.0,,3.0,1.452356,0.0,7.0,-181.0,0.22803186871557696
1759795967,0.0,3.0,1.0,,3.0,1.452356,0.0,7.0,-181.0,0.2288608440301138
1759795972,0.0,3.0,1.0,,3.0,1.452356,0.0,7.0,-181.0,0.229982317620194
1759795977,3.0,0.0,3.0,,3.0,2.933523,0.892099,7.0,-182.0,0.229982317620194
1759795982,3.0,0.0,3.0,,3.0,2.933523,0.892099,7.0,-182.0,0.2123315893037254
1759795987,3.0,0.0,3.0,0.3551511208351654,3.0,2.933523,0.892099,7.0,-182.0,0.1790812800952411
1759795992,3.0,0.0,3.0,0.3551511208351654,3.0,2.933523,0.892099,7.0,-182.0,0.1790812800952411
1759795997,3.0,0.0,3.0,0.3551511208351654,3.0,2.933523,0.892099,7.0,-182.0,0.15160741049073345
1759796002,3.0,0.0,3.0,0.3551511208351654,3.0,2.933523,0.892099,7.0,-182.0,0.1212364612153178
1759796007,3.0,0.0,3.0,0.3551511208351654,3.0,0.17345,0.0,7.0,-181.0,0.08260388989523276
1759796012,3.0,0.0,3.0,0.3551511208351654,3.0,0.17345,0.0,7.0,-181.0,0.06652898686381063
1759796017,3.0,0.0,3.0,0.4453228420012494,3.0,0.17345,0.0,7.0,-181.0,0.045360240069398754
1759796022,3.0,0.0,3.0,0.4453228420012494,3.0,0.17345,0.0,7.0,-181.0,0.047224562618875976
1759796022,3.0,0.0,3.0,0.4453228420012494,3.0,0.17345,0.0,7.0,-181.0,0.047224562618875976
1759796027,3.0,0.0,3.0,0.4453228420012494,3.0,0.17345,0.0,7.0,-181.0,0.03858977687240011
1759796032,3.0,0.0,3.0,0.4453228420012494,3.0,0.17345,0.0,7.0,-181.0,0.02759095555318762
1759796037,3.0,0.0,3.0,0.4453228420012494,3.0,0.200278,0.062278,7.0,-182.0,0.02874673677189933
1759796042,3.0,0.0,3.0,0.4453228420012494,3.0,0.200278,0.062278,7.0,-182.0,0.028949493219598783
1759796047,3.0,0.0,3.0,3.3984764331040194,3.0,0.200278,0.062278,7.0,-182.0,0.03456475028697194
1759796052,3.0,0.0,3.0,3.3984764331040194,3.0,0.200278,0.062278,7.0,-182.0,0.06434862808052985
1759796057,3.0,0.0,3.0,3.3984764331040194,3.0,0.200278,0.062278,7.0,-182.0,0.06922017329067343
1759796062,3.0,0.0,3.0,3.3984764331040194,3.0,0.200278,0.062278,7.0,-182.0,0.06363740065770856
1759796067,1.0,2.0,1.0,3.3984764331040194,3.0,0.50902,0.0,7.0,-201.0,0.06178388295237238
1759796072,1.0,2.0,1.0,3.3984764331040194,3.0,0.50902,0.0,7.0,-201.0,0.06178388295237238
1759796077,1.0,2.0,1.0,3.3984764331040194,3.0,0.50902,0.0,7.0,-201.0,0.05666505185123955
1759796082,1.0,2.0,1.0,3.3984764331040194,3.0,0.50902,0.0,7.0,-201.0,0.05666505185123955
1759796082,1.0,2.0,1.0,3.0,0.50902,0.0,7.0,-201.0,0.05666505185123955
1759796087,1.0,2.0,1.0,3.0,0.50902,0.0,7.0,-201.0,0.046633842013208686
1759796092,1.0,2.0,1.0,3.0,0.50902,0.0,7.0,-201.0,0.01728932314412065
1759796097,1.0,2.0,1.0,0.0,0.0,0.0,7.0,-201.0,0.00938991092522858
1759796102,1.0,2.0,1.0,0.0,0.0,0.0,7.0,-201.0,0.008541396086211468
1759796107,1.0,2.0,1.0,0.0,0.0,0.0,7.0,-201.0,0.008280062617354077
1759796112,1.0,2.0,1.0,0.0,0.0,0.0,7.0,-201.0,0.004300411600339665
1759796117,1.0,2.0,1.0,0.0,0.0,0.0,7.0,-201.0,0.011702914825813081
1759796122,1.0,2.0,1.0,0.0,0.0,0.0,7.0,-201.0,0.011314815161145254
1759796127,1.0,2.0,1.0,3.0,0.422244,0.0,7.0,-201.0,0.014493169188430993
1759796132,1.0,2.0,1.0,3.0,0.422244,0.0,7.0,-201.0,0.017432025176535765
1759796137,1.0,2.0,1.0,3.0,0.422244,0.0,7.0,-201.0,0.03596587560410194
1759796142,1.0,2.0,1.0,3.0,0.422244,0.0,7.0,-201.0,0.03596587560410194
1759796142,1.0,2.0,1.0,,3.0,0.422244,0.0,7.0,-201.0,0.03596587560410194
1759796147,1.0,2.0,1.0,,3.0,0.422244,0.0,7.0,-201.0,0.05074982995086921
1759796152,1.0,2.0,1.0,,3.0,0.422244,0.0,7.0,-201.0,0.060783092403628086
1759796157,1.0,2.0,1.0,,3.0,0.334113,0.0,7.0,-201.0,0.060783092403628086
1759796162,1.0,2.0,1.0,,3.0,0.334113,0.0,7.0,-201.0,0.06544238840137351
1759796167,1.0,2.0,1.0,,3.0,0.334113,0.0,7.0,-201.0,0.07447430592632141
1759796172,1.0,2.0,1.0,,3.0,0.334113,0.0,7.0,-201.0,0.07447430592632141
1759796177,1.0,2.0,1.0,,3.0,0.334113,0.0,7.0,-201.0,0.06443107438570723
1759796182,1.0,2.0,1.0,,3.0,0.334113,0.0,7.0,-201.0,0.08157696653192398
1759796187,3.0,0.0,1.0,,3.0,7.679524,0.0,7.0,-201.0,0.09968557680361737
1759796192,3.0,0.0,1.0,,3.0,7.679524,0.0,7.0,-201.0,0.10433235832459545
1759796197,3.0,0.0,1.0,0.2488589740983834,3.0,7.679524,0.0,7.0,-201.0,0.1362203496773819
1759796202,3.0,0.0,1.0,0.2488589740983834,3.0,7.679524,0.0,7.0,-201.0,0.14639056368499986
1759796202,3.0,0.0,1.0,0.2488589740983834,3.0,7.679524,0.0,7.0,-201.0,0.14639056368499986
1759796207,3.0,0.0,1.0,0.2488589740983834,3.0,7.679524,0.0,7.0,-201.0,0.14067491383301783
1759796212,3.0,0.0,1.0,0.2488589740983834,3.0,7.679524,0.0,7.0,-201.0,0.13643216091714533
1759796217,3.0,0.0,3.0,0.2488589740983834,3.0,0.014982,0.0,7.0,-181.0,0.14524940401775033
1759796222,3.0,0.0,3.0,0.2488589740983834,3.0,0.014982,0.0,7.0,-181.0,0.11452668909407446
1759796227,3.0,0.0,3.0,0.014874349280100393,3.0,0.014982,0.0,7.0,-181.0,0.10759041455326657
1759796232,3.0,0.0,3.0,0.014874349280100393,3.0,0.014982,0.0,7.0,-181.0,0.1075294725762551
1759796237,3.0,0.0,3.0,0.014874349280100393,3.0,0.014982,0.0,7.0,-181.0,0.08157805726059857
1759796242,3.0,0.0,3.0,0.014874349280100393,3.0,0.014982,0.0,7.0,-181.0,0.07301838874855344
1759796247,0.0,3.0,0.0,0.014874349280100393,0.0,-1e-06,0.0,7.0,-211.0,0.03210354210188364
1759796252,0.0,3.0,0.0,0.014874349280100393,0.0,-1e-06,0.0,7.0,-211.0,0.028227675969941916
1759796257,0.0,3.0,0.0,0.0,0.0,-1e-06,0.0,7.0,-211.0,0.0051191823801714845
1759796262,0.0,3.0,0.0,0.0,0.0,-1e-06,0.0,7.0,-211.0,0.0051191823801714845
1759796262,0.0,3.0,0.0,0.0,0.0,-1e-06,0.0,7.0,-211.0,0.004927640466115046
1759796267,0.0,3.0,0.0,0.0,0.0,-1e-06,0.0,7.0,-211.0,0.0036469309264051068
1759796272,0.0,3.0,0.0,0.0,0.0,-1e-06,0.0,7.0,-211.0,0.0032999325845143044
1759796277,3.0,0.0,2.0,0.0,3.0,0.013716,0.0,7.0,-191.0,0.003257795212083156
1759796282,3.0,0.0,2.0,0.0,3.0,0.013716,0.0,7.0,-191.0,0.01151479021809586
1759796287,3.0,0.0,2.0,0.0215004598710078,3.0,0.013716,0.0,7.0,-191.0,0.033138907262211206
1759796292,3.0,0.0,2.0,0.0215004598710078,3.0,0.013716,0.0,7.0,-191.0,0.04007172024101505
1759796297,3.0,0.0,2.0,0.0215004598710078,3.0,0.013716,0.0,7.0,-191.0,0.04177040749123933
1759796302,3.0,0.0,2.0,0.0215004598710078,3.0,0.013716,0.0,7.0,-191.0,0.07087603937201441
1759796307,3.0,3.0,0.0,0.0215004598710078,3.0,0.166666,1.0,7.0,-212.0,0.06292733990835614
1759796312,3.0,3.0,0.0,0.0215004598710078,3.0,0.166666,1.0,7.0,-212.0,0.05692210321700453
1759796317,3.0,3.0,0.0,0.8716976076825754,3.0,0.166666,1.0,7.0,-212.0,0.06022593650274351
1759796322,3.0,3.0,0.0,0.8716976076825754,3.0,0.166666,1.0,7.0,-212.0,0.06611221193974859
1759796322,3.0,3.0,0.0,0.8716976076825754,3.0,0.166666,1.0,7.0,-212.0,0.07216753334804021
1759796327,3.0,3.0,0.0,0.8716976076825754,3.0,0.166666,1.0,7.0,-212.0,0.08766853501800467
1759796332,3.0,3.0,0.0,0.8716976076825754,3.0,0.166666,1.0,7.0,-212.0,0.09512156368790846
1759796337,3.0,0.0,1.0,0.8716976076825754,3.0,0.056401,0.0,7.0,-201.0,0.11554804257634421
1759796342,3.0,0.0,1.0,0.8716976076825754,3.0,0.056401,0.0,7.0,-201.0,0.11095307232502935
1759796347,3.0,0.0,1.0,0.0,3.0,0.056401,0.0,7.0,-201.0,0.1151123130666746
1759796352,3.0,0.0,1.0,0.0,3.0,0.056401,0.0,7.0,-201.0,0.1287286219346772
1759796357,3.0,0.0,1.0,0.0,3.0,0.056401,0.0,7.0,-201.0,0.11445117891054848
1759796362,3.0,0.0,1.0,0.0,3.0,0.056401,0.0,7.0,-201.0,0.11451946267422299
1759796367,1.0,2.0,1.0,0.0,1.0,-1e-06,0.0,7.0,-181.0,0.10819332927673946
1759796372,1.0,2.0,1.0,0.0,1.0,-1e-06,0.0,7.0,-181.0,0.09502023292226422
1759796377,1.0,2.0,1.0,0.0,1.0,-1e-06,0.0,7.0,-181.0,0.09502023292226423
1759796382,1.0,2.0,1.0,0.0,1.0,-1e-06,0.0,7.0,-181.0,0.06655096719188373
1759796382,1.0,2.0,1.0,1.0,-1e-06,0.0,7.0,-181.0,0.06538287219542181
1759796387,1.0,2.0,1.0,1.0,-1e-06,0.0,7.0,-181.0,0.029217580648731027
1759796392,1.0,2.0,1.0,1.0,-1e-06,0.0,7.0,-181.0,0.029217580648731027
1759796397,1.0,2.0,1.0,0.0,-1e-06,0.0,7.0,-201.0,0.03055910685581978
1759796402,1.0,2.0,1.0,0.0,-1e-06,0.0,7.0,-201.0,0.023849234014776666
1759796407,1.0,2.0,1.0,0.0,-1e-06,0.0,7.0,-201.0,0.014529776797659552
1759796412,1.0,2.0,1.0,0.0,-1e-06,0.0,7.0,-201.0,0.030807979002468643
1759796417,1.0,2.0,1.0,0.0,-1e-06,0.0,7.0,-201.0,0.0227071772070255
1759796422,1.0,2.0,1.0,0.0,-1e-06,0.0,7.0,-201.0,0.02589522165261944
1759796427,3.0,0.0,1.0,3.0,2.04429,0.0,7.0,-201.0,0.0816314657838139
1759796432,3.0,0.0,1.0,3.0,2.04429,0.0,7.0,-201.0,0.08469981463699165
1759796437,3.0,0.0,1.0,3.0,2.04429,0.0,7.0,-201.0,0.09638052023686894
1759796442,3.0,0.0,1.0,3.0,2.04429,0.0,7.0,-201.0,0.12148824704864197
1759796442,3.0,0.0,1.0,3.0,2.04429,0.0,7.0,-201.0,0.1320832566786105
1759796447,3.0,0.0,1.0,3.0,2.04429,0.0,7.0,-201.0,0.14442219783847063
1759796452,3.0,0.0,1.0,3.0,2.04429,0.0,7.0,-201.0,0.1516161409408553
1759796457,3.0,0.0,3.0,3.0,1.411756,0.0,7.0,-181.0,0.19121969289092391
1759796462,3.0,0.0,3.0,3.0,1.411756,0.0,7.0,-181.0,0.18800004076362622
1759796467,3.0,0.0,3.0,3.0,1.411756,0.0,7.0,-181.0,0.20039495839367633
1759796472,3.0,0.0,3.0,3.0,1.411756,0.0,7.0,-181.0,0.20635130287246953
1759796477,3.0,0.0,3.0,3.0,1.411756,0.0,7.0,-181.0,0.20666693099794434
1759796482,3.0,0.0,3.0,3.0,1.411756,0.0,7.0,-181.0,0.21391338310020447
1759796487,3.0,0.0,3.0,3.0,1.347262,0.0,7.0,-181.0,0.20669582341459367
1759796492,3.0,0.0,3.0,3.0,1.347262,0.0,7.0,-181.0,0.20852065201284314
1759796497,3.0,0.0,3.0,3.0,1.347262,0.0,7.0,-181.0,0.19482022249553982
1759796502,3.0,0.0,3.0,3.0,1.347262,0.0,7.0,-181.0,0.19777004139834067
1759796502,3.0,0.0,3.0,3.0,1.347262,0.0,7.0,-181.0,0.2143076460392081
1759796507,3.0,0.0,3.0,3.0,1.347262,0.0,7.0,-181.0,0.20282683955785594
1759796512,3.0,0.0,3.0,3.0,1.347262,0.0,7.0,-181.0,0.2172745952736032
1759796517,3.0,0.0,3.0,3.0,1.854401,0.0,7.0,-181.0,0.20211458614065908
1759796522,3.0,0.0,3.0,3.0,1.854401,0.0,7.0,-181.0,0.2194748053933574
1759796527,3.0,0.0,3.0,3.0,1.854401,0.0,7.0,-181.0,0.2172170577430355
1759796532,3.0,0.0,3.0,3.0,1.854401,0.0,7.0,-181.0,0.21477773244761844
1759796537,3.0,0.0,3.0,3.0,1.854401,0.0,7.0,-181.0,0.20256481891178846
1759796542,3.0,0.0,3.0,3.0,1.854401,0.0,7.0,-181.0,0.1983039092497984
1759796547,3.0,0.0,3.0,3.0,2.303471,0.0,7.0,-181.0,0.2086456845386226
1759796552,3.0,0.0,3.0,3.0,2.303471,0.0,7.0,-181.0,0.20892790605564238
1759796557,3.0,0.0,3.0,3.0,2.303471,0.0,7.0,-181.0,0.1939683623472879
1759796562,3.0,0.0,3.0,3.0,2.303471,0.0,7.0,-181.0,0.18815034564314126
1759796562,3.0,0.0,3.0,,3.0,2.303471,0.0,7.0,-181.0,0.20462399748751603
1759796567,3.0,0.0,3.0,,3.0,2.303471,0.0,7.0,-181.0,0.20462399748751603
1759796572,3.0,0.0,3.0,,3.0,2.303471,0.0,7.0,-181.0,0.20048506721585485
1759796577,3.0,0.0,3.0,,5.0,32.031041,0.773377,7.0,-182.0,0.20048506721585485
1759796582,3.0,0.0,3.0,,5.0,32.031041,0.773377,7.0,-182.0,0.1820605633082965
1759796587,3.0,0.0,3.0,0.9854999588944772,5.0,32.031041,0.773377,7.0,-182.0,0.1815483543278674
1759796592,3.0,0.0,3.0,0.9854999588944772,5.0,32.031041,0.773377,7.0,-182.0,0.16115480956198613
1759796597,3.0,0.0,3.0,0.9854999588944772,5.0,32.031041,0.773377,7.0,-182.0,0.16109984826038493
1759796602,3.0,0.0,3.0,0.9854999588944772,5.0,32.031041,0.773377,7.0,-182.0,0.129272046277787
1759796607,3.0,0.0,3.0,0.9854999588944772,3.0,0.725528,0.48253,7.0,-182.0,0.12556833360386416
1759796612,3.0,0.0,3.0,0.9854999588944772,3.0,0.725528,0.48253,7.0,-182.0,0.10260816926455321
1759796617,3.0,0.0,3.0,0.9854999588944772,3.0,0.725528,0.48253,7.0,-182.0,0.08811407203620425
1759796622,3.0,0.0,3.0,0.9854999588944772,3.0,0.725528,0.48253,7.0,-182.0,0.07655305525055045
1759796622,3.0,0.0,3.0,3.0,0.725528,0.48253,7.0,-182.0,0.06651591729034984
1759796627,3.0,0.0,3.0,3.0,0.725528,0.48253,7.0,-182.0,0.05969294497620729
1759796632,3.0,0.0,3.0,3.0,0.725528,0.48253,7.0,-182.0,0.028225938738778468
1759796637,0.0,2.0,1.0,0.0,-1e-06,0.0,7.0,-201.0,0.02687942668315292
1759796642,0.0,2.0,1.0,0.0,-1e-06,0.0,7.0,-201.0,0.016625683184898238
1759796647,0.0,2.0,1.0,0.0,-1e-06,0.0,7.0,-201.0,0.02955365722867469
1759796652,0.0,2.0,1.0,0.0,-1e-06,0.0,7.0,-201.0,0.04373935050651394
1759796657,0.0,2.0,1.0,0.0,-1e-06,0.0,7.0,-201.0,0.0631708116162303
1759796662,0.0,2.0,1.0,0.0,-1e-06,0.0,7.0,-201.0,0.08126140405558191
1759796667,3.0,0.0,2.0,3.0,3.820049,0.0,7.0,-191.0,0.08288691033868896
1759796672,3.0,0.0,2.0,3.0,3.820049,0.0,7.0,-191.0,0.11813225305630295
1759796677,3.0,0.0,2.0,3.0,3.820049,0.0,7.0,-191.0,0.12746568150296828
1759796682,3.0,0.0,2.0,3.0,3.820049,0.0,7.0,-191.0,0.12555246542273743
1759796682,3.0,0.0,2.0,3.0,3.820049,0.0,7.0,-191.0,0.12555246542273743
1759796687,3.0,0.0,2.0,3.0,3.820049,0.0,7.0,-191.0,0.13353702613372007
1759796692,3.0,0.0,2.0,3.0,3.820049,0.0,7.0,-191.0,0.15325358392744606
1759796697,3.0,0.0,3.0,3.0,2.02125,0.0,7.0,-181.0,0.16076544088452313
1759796702,3.0,0.0,3.0,3.0,2.02125,0.0,7.0,-181.0,0.16220876965260134
1759796707,3.0,0.0,3.0,3.0,2.02125,0.0,7.0,-181.0,0.1688930953232906
1759796712,3.0,0.0,3.0,3.0,2.02125,0.0,7.0,-181.0,0.16611048098706757
1759796717,3.0,0.0,3.0,3.0,2.02125,0.0,7.0,-181.0,0.17650786966527415
1759796722,3.0,0.0,3.0,3.0,2.02125,0.0,7.0,-181.0,0.17876476585517947
1759796727,3.0,0.0,3.0,3.0,5.144498,0.0,7.0,-181.0,0.18330598056466008
1759796732,3.0,0.0,3.0,3.0,5.144498,0.0,7.0,-181.0,0.18801401334893575
1759796737,3.0,0.0,3.0,3.0,5.144498,0.0,7.0,-181.0,0.18912541986328715
1759796742,3.0,0.0,3.0,3.0,5.144498,0.0,7.0,-181.0,0.18912541986328715
1759796742,3.0,0.0,3.0,3.0,5.144498,0.0,7.0,-181.0,0.18912541986328715
1759796747,3.0,0.0,3.0,3.0,5.144498,0.0,7.0,-181.0,0.19085990742329248
1759796752,3.0,0.0,3.0,3.0,5.144498,0.0,7.0,-181.0,0.18945115882283386
1759796757,3.0,0.0,3.0,3.0,3.449023,0.0,7.0,-181.0,0.17903207921600092
1759796762,3.0,0.0,3.0,3.0,3.449023,0.0,7.0,-181.0,0.18291056592514726
1759796767,3.0,0.0,3.0,3.0,3.449023,0.0,7.0,-181.0,0.17926736782034963
1759796772,3.0,0.0,3.0,3.0,3.449023,0.0,7.0,-181.0,0.1771049393358892
1759796777,3.0,0.0,3.0,3.0,3.449023,0.0,7.0,-181.0,0.1604450187684155
1759796782,3.0,0.0,3.0,3.0,3.449023,0.0,7.0,-181.0,0.16866455186057874
1759796787,3.0,0.0,3.0,3.0,0.907906,0.0,7.0,-181.0,0.16180130860935646
1759796792,3.0,0.0,3.0,3.0,0.907906,0.0,7.0,-181.0,0.16055176786732653
1759796797,3.0,0.0,3.0,3.0,0.907906,0.0,7.0,-181.0,0.1675641487837788
1759796802,3.0,0.0,3.0,3.0,0.907906,0.0,7.0,-181.0,0.15917989099947027
1759796802,3.0,0.0,3.0,3.0,0.907906,0.0,7.0,-181.0,0.1682419102031556
1759796807,3.0,0.0,3.0,3.0,0.907906,0.0,7.0,-181.0,0.16249967865225473
1759796812,3.0,0.0,3.0,3.0,0.907906,0.0,7.0,-181.0,0.17882040319113818
1759796817,3.0,0.0,3.0,3.0,1.675329,0.0,7.0,-181.0,0.17882040319113818
1759796822,3.0,0.0,3.0,3.0,1.675329,0.0,7.0,-181.0,0.18422689437591544
1759796827,3.0,0.0,3.0,3.0,1.675329,0.0,7.0,-181.0,0.18887431505669636
1759796832,3.0,0.0,3.0,3.0,1.675329,0.0,7.0,-181.0,0.1900578249792831
1759796837,3.0,0.0,3.0,3.0,1.675329,0.0,7.0,-181.0,0.18330956170166773
1759796842,3.0,0.0,3.0,3.0,1.675329,0.0,7.0,-181.0,0.19548546405922668
1759796847,3.0,0.0,3.0,3.0,0.788564,0.0,7.0,-181.0,0.19613475748684556
1759796852,3.0,0.0,3.0,3.0,0.788564,0.0,7.0,-181.0,0.19423899294386396
1759796857,3.0,0.0,3.0,3.0,0.788564,0.0,7.0,-181.0,0.18567179538413908
1759796862,3.0,0.0,3.0,3.0,0.788564,0.0,7.0,-181.0,0.18522453934125221
1759796862,3.0,0.0,3.0,3.0,0.788564,0.0,7.0,-181.0,0.18522453934125221
1759796867,3.0,0.0,3.0,3.0,0.788564,0.0,7.0,-181.0,0.16525226671740537
1759796872,3.0,0.0,3.0,3.0,0.788564,0.0,7.0,-181.0,0.16108356373385285
1759796877,3.0,0.0,3.0,3.0,1.186218,0.0,7.0,-181.0,0.18476497009951734
1759796882,3.0,0.0,3.0,3.0,1.186218,0.0,7.0,-181.0,0.18476497009951734
1759796887,3.0,0.0,3.0,3.0,1.186218,0.0,7.0,-181.0,0.17624700502587742
1759796892,3.0,0.0,3.0,3.0,1.186218,0.0,7.0,-181.0,0.16620908255443168
1759796897,3.0,0.0,3.0,3.0,1.186218,0.0,7.0,-181.0,0.17807653257410389
1759796902,3.0,0.0,3.0,3.0,1.186218,0.0,7.0,-181.0,0.18002941976884262
1759796907,3.0,0.0,3.0,3.0,1.097081,0.0,7.0,-181.0,0.18229607399549524
1759796912,3.0,0.0,3.0,3.0,1.097081,0.0,7.0,-181.0,0.17979504539266356
1759796917,3.0,0.0,3.0,3.0,1.097081,0.0,7.0,-181.0,0.17743468172085244
1759796922,3.0,0.0,3.0,3.0,1.097081,0.0,7.0,-181.0,0.17743468172085244
1759796922,3.0,0.0,3.0,,3.0,1.097081,0.0,7.0,-181.0,0.17743468172085244
1759796927,3.0,0.0,3.0,,3.0,1.097081,0.0,7.0,-181.0,0.1841762133209323
1759796932,3.0,0.0,3.0,,3.0,1.097081,0.0,7.0,-181.0,0.18594313508905855
1759796937,3.0,0.0,3.0,,3.0,2.16074,0.0,7.0,-181.0,0.17693170701034433
1759796942,3.0,0.0,3.0,,3.0,2.16074,0.0,7.0,-181.0,0.18519878889001928
1759796947,3.0,0.0,3.0,2.9089029227989687,3.0,2.16074,0.0,7.0,-181.0,0.1759188509372025
1759796952,3.0,0.0,3.0,2.9089029227989687,3.0,2.16074,0.0,7.0,-181.0,0.18668798378268725
1759796957,3.0,0.0,3.0,2.9089029227989687,3.0,2.16074,0.0,7.0,-181.0,0.17860424314077555
1759796962,3.0,0.0,3.0,2.9089029227989687,3.0,2.16074,0.0,7.0,-181.0,0.1650100987225694
1759796967,3.0,0.0,3.0,2.9089029227989687,3.0,2.313054,1.372071,7.0,-183.0,0.15860382339939816
1759796972,3.0,0.0,3.0,2.9089029227989687,3.0,2.313054,1.372071,7.0,-183.0,0.14517763715931095
1759796977,3.0,0.0,3.0,63.17164426776104,3.0,2.313054,1.372071,7.0,-183.0,0.13861480955645192
1759796982,3.0,0.0,3.0,63.17164426776104,3.0,2.313054,1.372071,7.0,-183.0,0.13861480955645192
1759796982,3.0,0.0,3.0,63.17164426776104,3.0,2.313054,1.372071,7.0,-183.0,0.13574602209747844
1759796987,3.0,0.0,3.0,63.17164426776104,3.0,2.313054,1.372071,7.0,-183.0,0.10887470456006615
1759796992,3.0,0.0,3.0,63.17164426776104,3.0,2.313054,1.372071,7.0,-183.0,0.10396954740417276
1759796997,0.0,2.0,1.0,63.17164426776104,0.0,-1e-06,0.0,7.0,-201.0,0.10396954740417276
1759797002,0.0,2.0,1.0,63.17164426776104,0.0,-1e-06,0.0,7.0,-201.0,0.07882131721932523
1759797007,0.0,2.0,1.0,,0.0,-1e-06,0.0,7.0,-201.0,0.07029602290074087
1759797012,0.0,2.0,1.0,,0.0,-1e-06,0.0,7.0,-201.0,0.07029602290074087
1759797017,0.0,2.0,1.0,,0.0,-1e-06,0.0,7.0,-201.0,0.056834625263816045
1759797022,0.0,2.0,1.0,,0.0,-1e-06,0.0,7.0,-201.0,0.08504923660554246
1759797027,3.0,0.0,2.0,,3.0,2.416763,0.0,7.0,-191.0,0.09355617755087342
1759797032,3.0,0.0,2.0,,3.0,2.416763,0.0,7.0,-191.0,0.11903212379481426
1759797037,3.0,0.0,2.0,,3.0,2.416763,0.0,7.0,-191.0,0.12142293494052941
1759797042,3.0,0.0,2.0,,3.0,2.416763,0.0,7.0,-191.0,0.12489103808382641
1759797042,3.0,0.0,2.0,3.0,2.416763,0.0,7.0,-191.0,0.14172317479485302
1759797047,3.0,0.0,2.0,3.0,2.416763,0.0,7.0,-191.0,0.15513488595125108
1759797052,3.0,0.0,2.0,3.0,2.416763,0.0,7.0,-191.0,0.18315186804332315
1759797057,3.0,0.0,3.0,3.0,1.337219,0.0,7.0,-181.0,0.18817429249810017
1759797062,3.0,0.0,3.0,3.0,1.337219,0.0,7.0,-181.0,0.1987779429749613
1759797067,3.0,0.0,3.0,3.0,1.337219,0.0,7.0,-181.0,0.19681731646323555
1759797072,3.0,0.0,3.0,3.0,1.337219,0.0,7.0,-181.0,0.21158842513552706
1759797077,3.0,0.0,3.0,3.0,1.337219,0.0,7.0,-181.0,0.21528870603440345
1759797082,3.0,0.0,3.0,3.0,1.337219,0.0,7.0,-181.0,0.18231747959474556
1759797087,3.0,0.0,3.0,3.0,2.517307,0.0,7.0,-181.0,0.2101082662681535
1759797092,3.0,0.0,3.0,3.0,2.517307,0.0,7.0,-181.0,0.2154660202790285
1759797097,3.0,0.0,3.0,3.0,2.517307,0.0,7.0,-181.0,0.2154660202790285
1759797102,3.0,0.0,3.0,3.0,2.517307,0.0,7.0,-181.0,0.20227676303763092
1759797102,3.0,0.0,3.0,3.0,2.517307,0.0,7.0,-181.0,0.21243952986629805
1759797107,3.0,0.0,3.0,3.0,2.517307,0.0,7.0,-181.0,0.21450759388877202
1759797112,3.0,0.0,3.0,3.0,2.517307,0.0,7.0,-181.0,0.21680132843893932
1759797117,3.0,0.0,3.0,3.0,1.683158,0.0,7.0,-181.0,0.21880949719772225
1759797122,3.0,0.0,3.0,3.0,1.683158,0.0,7.0,-181.0,0.21090142576001103
1759797127,3.0,0.0,3.0,3.0,1.683158,0.0,7.0,-181.0,0.19397877661998103
1759797132,3.0,0.0,3.0,3.0,1.683158,0.0,7.0,-181.0,0.1959915278252358
1759797137,3.0,0.0,3.0,3.0,1.683158,0.0,7.0,-181.0,0.1959915278252358
1759797142,3.0,0.0,3.0,3.0,1.683158,0.0,7.0,-181.0,0.19545616691807305
1759797147,3.0,0.0,3.0,3.0,1.388418,0.0,7.0,-181.0,0.1796139440834617
1759797152,3.0,0.0,3.0,3.0,1.388418,0.0,7.0,-181.0,0.18449575279898617
1759797157,3.0,0.0,3.0,3.0,1.388418,0.0,7.0,-181.0,0.19118315454414464
1759797162,3.0,0.0,3.0,3.0,1.388418,0.0,7.0,-181.0,0.1685319970960753
1759797162,3.0,0.0,3.0,3.0,1.388418,0.0,7.0,-181.0,0.1771490057074181
1759797167,3.0,0.0,3.0,3.0,1.388418,0.0,7.0,-181.0,0.18818241637062455
1759797172,3.0,0.0,3.0,3.0,1.388418,0.0,7.0,-181.0,0.17967982856639067
1759797177,3.0,0.0,3.0,3.0,0.900711,0.0,7.0,-181.0,0.1904365655103903
1759797182,3.0,0.0,3.0,3.0,0.900711,0.0,7.0,-181.0,0.19052689687536795
1759797187,3.0,0.0,3.0,3.0,0.900711,0.0,7.0,-181.0,0.1897739257545309
1759797192,3.0,0.0,3.0,3.0,0.900711,0.0,7.0,-181.0,0.18396767249546284
1759797197,3.0,0.0,3.0,3.0,0.900711,0.0,7.0,-181.0,0.19395104018479836
1759797202,3.0,0.0,3.0,3.0,0.900711,0.0,7.0,-181.0,0.1975927429518533
1759797207,3.0,0.0,3.0,3.0,1.646932,0.0,7.0,-181.0,0.17541178933607418
1759797212,3.0,0.0,3.0,3.0,1.646932,0.0,7.0,-181.0,0.1947648438878401
1759797217,3.0,0.0,3.0,3.0,1.646932,0.0,7.0,-181.0,0.20135751434690025
1759797222,3.0,0.0,3.0,3.0,1.646932,0.0,7.0,-181.0,0.20127196349560023
1759797222,3.0,0.0,3.0,3.0,1.646932,0.0,7.0,-181.0,0.20127196349560023
1759797227,3.0,0.0,3.0,3.0,1.646932,0.0,7.0,-181.0,0.20489742868978533
1759797232,3.0,0.0,3.0,3.0,1.646932,0.0,7.0,-181.0,0.20708728141964244
1759797237,3.0,0.0,3.0,3.0,1.143644,0.0,7.0,-181.0,0.20472377982010698
1759797242,3.0,0.0,3.0,3.0,1.143644,0.0,7.0,-181.0,0.20307052461137548
1759797247,3.0,0.0,3.0,3.0,1.143644,0.0,7.0,-181.0,0.21074840751313662
1759797252,3.0,0.0,3.0,3.0,1.143644,0.0,7.0,-181.0,0.20470746091582215
1759797257,3.0,0.0,3.0,3.0,1.143644,0.0,7.0,-181.0,0.22062668028950927
1759797262,3.0,0.0,3.0,3.0,1.143644,0.0,7.0,-181.0,0.20579584093007663
1759797267,3.0,0.0,3.0,3.0,1.712413,0.0,7.0,-181.0,0.21635418524974848
1759797272,3.0,0.0,3.0,3.0,1.712413,0.0,7.0,-181.0,0.2133469425998316
1759797277,3.0,0.0,3.0,3.0,1.712413,0.0,7.0,-181.0,0.21146835724388036
1759797282,3.0,0.0,3.0,3.0,1.712413,0.0,7.0,-181.0,0.21146835724388036
1759797282,3.0,0.0,3.0,,3.0,1.712413,0.0,7.0,-181.0,0.21146835724388036
1759797287,3.0,0.0,3.0,,3.0,1.712413,0.0,7.0,-181.0,0.20926414285333292
1759797292,3.0,0.0,3.0,,3.0,1.712413,0.0,7.0,-181.0,0.17565904648993544
1759797297,3.0,0.0,3.0,,3.0,1.109563,0.0,7.0,-181.0,0.19463483458221614
1759797302,3.0,0.0,3.0,,3.0,1.109563,0.0,7.0,-181.0,0.18807409543171213
1759797307,3.0,0.0,3.0,33.65963586395692,3.0,1.109563,0.0,7.0,-181.0,0.18424181270367115
1759797312,3.0,0.0,3.0,33.65963586395692,3.0,1.109563,0.0,7.0,-181.0,0.18479356832184696
1759797317,3.0,0.0,3.0,33.65963586395692,3.0,1.109563,0.0,7.0,-181.0,0.18489746598473772
1759797322,3.0,0.0,3.0,33.65963586395692,3.0,1.109563,0.0,7.0,-181.0,0.16711358379756525
1759797327,3.0,0.0,3.0,33.65963586395692,3.0,8.860334,7.662241,7.0,-189.0,0.1632754713191255
1759797332,3.0,0.0,3.0,33.65963586395692,3.0,8.860334,7.662241,7.0,-189.0,0.158073395180811
1759797337,3.0,0.0,3.0,3.8195386024572007,3.0,8.860334,7.662241,7.0,-189.0,0.14216212931132965
1759797342,3.0,0.0,3.0,3.8195386024572007,3.0,8.860334,7.662241,7.0,-189.0,0.12801146251105497
1759797342,3.0,0.0,3.0,3.8195386024572007,3.0,8.860334,7.662241,7.0,-189.0,0.14275184123547993
1759797347,3.0,0.0,3.0,3.8195386024572007,3.0,8.860334,7.662241,7.0,-189.0,0.14275184123547993
1759797352,3.0,0.0,3.0,3.8195386024572007,3.0,8.860334,7.662241,7.0,-189.0,0.12305259412771252
1759797357,3.0,2.0,1.0,3.8195386024572007,3.0,2.25578,0.0,7.0,-201.0,0.09505109230799279
1759797362,3.0,2.0,1.0,3.8195386024572007,3.0,2.25578,0.0,7.0,-201.0,0.10083601567552919
1759797367,3.0,2.0,1.0,,3.0,2.25578,0.0,7.0,-201.0,0.10233331503883081
1759797372,3.0,2.0,1.0,,3.0,2.25578,0.0,7.0,-201.0,0.116178657111424
1759797377,3.0,2.0,1.0,,3.0,2.25578,0.0,7.0,-201.0,0.11198080727541815
1759797382,3.0,2.0,1.0,,3.0,2.25578,0.0,7.0,-201.0,0.11636997204516762
1759797387,3.0,0.0,2.0,,3.0,2.424221,0.0,7.0,-191.0,0.11869116874900766
1759797392,3.0,0.0,2.0,,3.0,2.424221,0.0,7.0,-191.0,0.13019253693981309
1759797397,3.0,0.0,2.0,,3.0,2.424221,0.0,7.0,-191.0,0.12884470269168025
1759797402,3.0,0.0,2.0,,3.0,2.424221,0.0,7.0,-191.0,0.12749443432546398
1759797402,3.0,0.0,2.0,3.0,2.424221,0.0,7.0,-191.0,0.13475657079705192
1759797407,3.0,0.0,2.0,3.0,2.424221,0.0,7.0,-191.0,0.15149920949125434
1759797412,3.0,0.0,2.0,3.0,2.424221,0.0,7.0,-191.0,0.1583517593743028
1759797417,3.0,0.0,3.0,3.0,1.200124,0.0,7.0,-181.0,0.15234351853663894
1759797422,3.0,0.0,3.0,3.0,1.200124,0.0,7.0,-181.0,0.1619728350724688
1759797427,3.0,0.0,3.0,3.0,1.200124,0.0,7.0,-181.0,0.16552000851820453
1759797432,3.0,0.0,3.0,3.0,1.200124,0.0,7.0,-181.0,0.15633710372676524
1759797437,3.0,0.0,3.0,3.0,1.200124,0.0,7.0,-181.0,0.1713713543569886
1759797442,3.0,0.0,3.0,3.0,1.200124,0.0,7.0,-181.0,0.16953678378255857
1759797447,3.0,0.0,3.0,3.0,1.53494,0.0,7.0,-181.0,0.1706487925696784
1759797452,3.0,0.0,3.0,3.0,1.53494,0.0,7.0,-181.0,0.1670089632710415
1759797457,3.0,0.0,3.0,3.0,1.53494,0.0,7.0,-181.0,0.16735629817272746
1759797462,3.0,0.0,3.0,3.0,1.53494,0.0,7.0,-181.0,0.14069921228010343
1759797462,3.0,0.0,3.0,3.0,1.53494,0.0,7.0,-181.0,0.16689031920327557
1759797467,3.0,0.0,3.0,3.0,1.53494,0.0,7.0,-181.0,0.1680582673912044
1759797472,3.0,0.0,3.0,3.0,1.53494,0.0,7.0,-181.0,0.16610761368820218
1759797477,3.0,0.0,3.0,3.0,0.714496,0.0,7.0,-181.0,0.16301309754860702
1759797482,3.0,0.0,3.0,3.0,0.714496,0.0,7.0,-181.0,0.1525366137119159
1759797487,3.0,0.0,3.0,3.0,0.714496,0.0,7.0,-181.0,0.14934508119445566
1759797492,3.0,0.0,3.0,3.0,0.714496,0.0,7.0,-181.0,0.15107503076680606
1759797497,3.0,0.0,3.0,3.0,0.714496,0.0,7.0,-181.0,0.1509279141147032
1759797502,3.0,0.0,3.0,3.0,0.714496,0.0,7.0,-181.0,0.14278972924042738
1759797507,3.0,0.0,3.0,3.0,3.190407,0.0,7.0,-181.0,0.14998640845649774
1759797512,3.0,0.0,3.0,3.0,3.190407,0.0,7.0,-181.0,0.16531253292114184
1759797517,3.0,0.0,3.0,3.0,3.190407,0.0,7.0,-181.0,0.16531253292114184
1759797522,3.0,0.0,3.0,3.0,3.190407,0.0,7.0,-181.0,0.17155848390736933
1759797522,3.0,0.0,3.0,3.0,3.190407,0.0,7.0,-181.0,0.17032862481938843
1759797527,3.0,0.0,3.0,3.0,3.190407,0.0,7.0,-181.0,0.17195443777220742
1759797532,3.0,0.0,3.0,3.0,3.190407,0.0,7.0,-181.0,0.17601279773236794
1759797537,3.0,0.0,3.0,3.0,1.814793,0.0,7.0,-181.0,0.18011472861171407
1759797542,3.0,0.0,3.0,3.0,1.814793,0.0,7.0,-181.0,0.18011472861171407
1759797547,3.0,0.0,3.0,3.0,1.814793,0.0,7.0,-181.0,0.1759286131567562
1759797552,3.0,0.0,3.0,3.0,1.814793,0.0,7.0,-181.0,0.15722694353291974
1759797557,3.0,0.0,3.0,3.0,1.814793,0.0,7.0,-181.0,0.1719620361102509
1759797562,3.0,0.0,3.0,3.0,1.814793,0.0,7.0,-181.0,0.1774919625656638
1759797567,3.0,0.0,3.0,3.0,1.857893,0.0,7.0,-181.0,0.18105058179611458
1759797572,3.0,0.0,3.0,3.0,1.857893,0.0,7.0,-181.0,0.1816694991909937
1759797577,3.0,0.0,3.0,3.0,1.857893,0.0,7.0,-181.0,0.1729626017592517
1759797582,3.0,0.0,3.0,3.0,1.857893,0.0,7.0,-181.0,0.1710607098567723
1759797582,3.0,0.0,3.0,3.0,1.857893,0.0,7.0,-181.0,0.1698635561892725
1759797587,3.0,0.0,3.0,3.0,1.857893,0.0,7.0,-181.0,0.16676361466920192
1759797592,3.0,0.0,3.0,3.0,1.857893,0.0,7.0,-181.0,0.1596746105977321
1759797597,3.0,0.0,3.0,3.0,2.414224,0.0,7.0,-181.0,0.14857720650894862
1759797602,3.0,0.0,3.0,3.0,2.414224,0.0,7.0,-181.0,0.156275539556369
1759797607,3.0,0.0,3.0,3.0,2.414224,0.0,7.0,-181.0,0.16651050962920744
1759797612,3.0,0.0,3.0,3.0,2.414224,0.0,7.0,-181.0,0.1686915690678764
1759797617,3.0,0.0,3.0,3.0,2.414224,0.0,7.0,-181.0,0.15720152262742496
1759797622,3.0,0.0,3.0,3.0,2.414224,0.0,7.0,-181.0,0.1770835838427788
1759797627,3.0,0.0,3.0,3.0,1.206895,0.0,7.0,-181.0,0.18283395279953696
1759797632,3.0,0.0,3.0,3.0,1.206895,0.0,7.0,-181.0,0.18472254448132924
1759797637,3.0,0.0,3.0,3.0,1.206895,0.0,7.0,-181.0,0.1765033867689055
1759797642,3.0,0.0,3.0,3.0,1.206895,0.0,7.0,-181.0,0.1569481676109121
1759797642,3.0,0.0,3.0,,3.0,1.206895,0.0,7.0,-181.0,0.18446361902452013
1759797647,3.0,0.0,3.0,,3.0,1.206895,0.0,7.0,-181.0,0.17542832131055322
1759797652,3.0,0.0,3.0,,3.0,1.206895,0.0,7.0,-181.0,0.18031335256880365
1759797657,3.0,0.0,3.0,,3.0,0.791143,1.0,7.0,-182.0,0.17405373271321836
1759797662,3.0,0.0,3.0,,3.0,0.791143,1.0,7.0,-182.0,0.16792978021081073
1759797667,3.0,0.0,3.0,16.418822640004887,3.0,0.791143,1.0,7.0,-182.0,0.1631516898826077
1759797672,3.0,0.0,3.0,16.418822640004887,3.0,0.791143,1.0,7.0,-182.0,0.15529247884536473
1759797677,3.0,0.0,3.0,16.418822640004887,3.0,0.791143,1.0,7.0,-182.0,0.14813117977561557
1759797682,3.0,0.0,3.0,16.418822640004887,3.0,0.791143,1.0,7.0,-182.0,0.14010241476725768
1759797687,3.0,0.0,3.0,16.418822640004887,3.0,2.110252,1.325578,7.0,-183.0,0.13615269698359164
1759797692,3.0,0.0,3.0,16.418822640004887,3.0,2.110252,1.325578,7.0,-183.0,0.13161167864652545
1759797697,3.0,0.0,3.0,0.4903510663354731,3.0,2.110252,1.325578,7.0,-183.0,0.1266418926198453
1759797702,3.0,0.0,3.0,0.4903510663354731,3.0,2.110252,1.325578,7.0,-183.0,0.09681999035110979
1759797702,3.0,0.0,3.0,0.4903510663354731,3.0,2.110252,1.325578,7.0,-183.0,0.09961647649603293
1759797707,3.0,0.0,3.0,0.4903510663354731,3.0,2.110252,1.325578,7.0,-183.0,0.10422713113309667
1759797712,3.0,0.0,3.0,0.4903510663354731,3.0,2.110252,1.325578,7.0,-183.0,0.10295891125768017
1759797717,1.0,2.0,1.0,0.4903510663354731,0.0,-1e-06,0.0,7.0,-201.0,0.0934317507609791
1759797722,1.0,2.0,1.0,0.4903510663354731,0.0,-1e-06,0.0,7.0,-201.0,0.07397289642423026
1759797727,1.0,2.0,1.0,,0.0,-1e-06,0.0,7.0,-201.0,0.06506987254231228
1759797732,1.0,2.0,1.0,,0.0,-1e-06,0.0,7.0,-201.0,0.042948700431756234
1759797737,1.0,2.0,1.0,,0.0,-1e-06,0.0,7.0,-201.0,0.030027725794095492
1759797742,1.0,2.0,1.0,,0.0,-1e-06,0.0,7.0,-201.0,0.02320736132576677
1759797747,3.0,0.0,2.0,,3.0,1.422336,0.0,7.0,-191.0,0.03153938786411624
1759797752,3.0,0.0,2.0,,3.0,1.422336,0.0,7.0,-191.0,0.08057397429452633
1759797757,3.0,0.0,2.0,,3.0,1.422336,0.0,7.0,-191.0,0.08356285246948629
1759797762,3.0,0.0,2.0,,3.0,1.422336,0.0,7.0,-191.0,0.0849671430535284
1759797762,3.0,0.0,2.0,3.0,1.422336,0.0,7.0,-191.0,0.0849671430535284
1759797767,3.0,0.0,2.0,3.0,1.422336,0.0,7.0,-191.0,0.12691578034091133
1759797772,3.0,0.0,2.0,3.0,1.422336,0.0,7.0,-191.0,0.1364373170379171
1759797777,3.0,0.0,3.0,3.0,2.129956,0.0,7.0,-181.0,0.16354213425896547
1759797782,3.0,0.0,3.0,3.0,2.129956,0.0,7.0,-181.0,0.17804155160225785
1759797787,3.0,0.0,3.0,3.0,2.129956,0.0,7.0,-181.0,0.18756917194641573
1759797792,3.0,0.0,3.0,3.0,2.129956,0.0,7.0,-181.0,0.16242860859421912
1759797797,3.0,0.0,3.0,3.0,2.129956,0.0,7.0,-181.0,0.18094115453717663
1759797802,3.0,0.0,3.0,3.0,2.129956,0.0,7.0,-181.0,0.18494910809721257
1759797807,3.0,0.0,3.0,3.0,2.618131,0.0,7.0,-181.0,0.1819857779905577
1759797812,3.0,0.0,3.0,3.0,2.618131,0.0,7.0,-181.0,0.1728564082184312
1759797817,3.0,0.0,3.0,3.0,2.618131,0.0,7.0,-181.0,0.18421384536943577
1759797822,3.0,0.0,3.0,3.0,2.618131,0.0,7.0,-181.0,0.17289845121427086
1759797822,3.0,0.0,3.0,3.0,2.618131,0.0,7.0,-181.0,0.18285130126028343
1759797827,3.0,0.0,3.0,3.0,2.618131,0.0,7.0,-181.0,0.17939806779102802
1759797832,3.0,0.0,3.0,3.0,2.618131,0.0,7.0,-181.0,0.17939806779102804
1759797837,3.0,0.0,3.0,3.0,2.714232,0.0,7.0,-181.0,0.17549715942200378
1759797842,3.0,0.0,3.0,3.0,2.714232,0.0,7.0,-181.0,0.1940395750072504
1759797847,3.0,0.0,3.0,3.0,2.714232,0.0,7.0,-181.0,0.1940395750072504
1759797852,3.0,0.0,3.0,3.0,2.714232,0.0,7.0,-181.0,0.16223854181045905
1759797857,3.0,0.0,3.0,3.0,2.714232,0.0,7.0,-181.0,0.17086236531058713
1759797862,3.0,0.0,3.0,3.0,2.714232,0.0,7.0,-181.0,0.18119765631096546
1759797867,3.0,0.0,3.0,3.0,1.48572,0.0,7.0,-181.0,0.18354066329613208
1759797872,3.0,0.0,3.0,3.0,1.48572,0.0,7.0,-181.0,0.18632982732978723
1759797877,3.0,0.0,3.0,3.0,1.48572,0.0,7.0,-181.0,0.18008872854602853
1759797882,3.0,0.0,3.0,3.0,1.48572,0.0,7.0,-181.0,0.15724754070450586
