index,srv-search_autoscaler_requested_pods,srv-search_autoscaler_terminating_pods,srv-search_autoscaler_actual_pods,srv-search_activator_request_concurrency,srv-search_autoscaler_desired_pods,srv-search_autoscaler_stable_request_concurrency,srv-search_autoscaler_panic_request_concurrency,srv-search_autoscaler_target_concurrency_per_pod,srv-search_autoscaler_excess_burst_capacity,srv-search_container_cpu_usage_seconds_total
1759794282,0.0,0.0,0.0,0.0,0.0,0.0,0.0,7.0,-211.0,
1759794287,0.0,0.0,0.0,0.0,0.0,0.0,0.0,7.0,-211.0,
1759794292,0.0,0.0,0.0,0.0,0.0,0.0,0.0,7.0,-211.0,
1759794297,3.0,0.0,3.0,0.0,6.0,264.586706,384.999836,7.0,-566.0,
1759794302,3.0,0.0,3.0,0.0,6.0,264.586706,384.999836,7.0,-566.0,0.024649338919373036
1759794307,3.0,0.0,3.0,470.52760924879897,6.0,264.586706,384.999836,7.0,-566.0,0.05176048140051316
1759794312,3.0,0.0,3.0,470.52760924879897,6.0,264.586706,384.999836,7.0,-566.0,0.07907707386833988
1759794317,3.0,0.0,3.0,470.52760924879897,6.0,264.586706,384.999836,7.0,-566.0,0.1271802152624974
1759794322,3.0,0.0,3.0,470.52760924879897,6.0,264.586706,384.999836,7.0,-566.0,0.14768425833310758
1759794327,3.0,0.0,3.0,470.52760924879897,6.0,778.44821,269.948227,7.0,-451.0,0.16670111834767437
1759794332,3.0,0.0,3.0,470.52760924879897,6.0,778.44821,269.948227,7.0,-451.0,0.1598600990364898
1759794337,3.0,0.0,3.0,1743.8545840046072,6.0,778.44821,269.948227,7.0,-451.0,0.24149826051237933
1759794342,3.0,0.0,3.0,1743.8545840046072,6.0,778.44821,269.948227,7.0,-451.0,0.26518657463430717
1759794342,3.0,0.0,3.0,1743.8545840046072,6.0,778.44821,269.948227,7.0,-451.0,0.26518657463430717
1759794347,3.0,0.0,3.0,1743.8545840046072,6.0,778.44821,269.948227,7.0,-451.0,0.2916106673265655
1759794352,3.0,0.0,3.0,1743.8545840046072,6.0,778.44821,269.948227,7.0,-451.0,0.28871863868269787
1759794357,1.0,2.0,1.0,1743.8545840046072,0.0,-1e-06,0.0,7.0,-201.0,0.28186806203173087
1759794362,1.0,2.0,1.0,1743.8545840046072,0.0,-1e-06,0.0,7.0,-201.0,0.25959200160532947
1759794367,1.0,2.0,1.0,,0.0,-1e-06,0.0,7.0,-201.0,0.1794195232851813
1759794372,1.0,2.0,1.0,,0.0,-1e-06,0.0,7.0,-201.0,0.1694819002814501
1759794377,1.0,2.0,1.0,,0.0,-1e-06,0.0,7.0,-201.0,0.08172564214449056
1759794382,1.0,2.0,1.0,,0.0,-1e-06,0.0,7.0,-201.0,0.07981181504036966
1759794387,1.0,2.0,1.0,,0.0,-1e-06,0.0,7.0,-201.0,0.0551281463039629
1759794392,1.0,2.0,1.0,,0.0,-1e-06,0.0,7.0,-201.0,0.046923751642698144
1759794397,1.0,2.0,1.0,,0.0,-1e-06,0.0,7.0,-201.0,0.0021135951688167885
1759794402,1.0,2.0,1.0,,0.0,-1e-06,0.0,7.0,-201.0,0.00200226307390631
1759794402,1.0,2.0,1.0,0.0,-1e-06,0.0,7.0,-201.0,0.00200226307390631
1759794407,1.0,2.0,1.0,0.0,-1e-06,0.0,7.0,-201.0,0.003925702417505765
1759794412,1.0,2.0,1.0,0.0,-1e-06,0.0,7.0,-201.0,0.0033187772925764203
1759794417,1.0,2.0,1.0,3.0,0.02883,0.0,7.0,-201.0,0.0033187772925764203
1759794422,1.0,2.0,1.0,3.0,0.02883,0.0,7.0,-201.0,0.005569944840106135
1759794427,1.0,2.0,1.0,3.0,0.02883,0.0,7.0,-201.0,0.007190562870854111
1759794432,1.0,2.0,1.0,3.0,0.02883,0.0,7.0,-201.0,0.007190562870854111
1759794437,1.0,2.0,1.0,3.0,0.02883,0.0,7.0,-201.0,0.044442073792213085
1759794442,1.0,2.0,1.0,3.0,0.02883,0.0,7.0,-201.0,0.059106394082410585
1759794447,1.0,2.0,1.0,3.0,96.652199,0.0,7.0,-201.0,0.08922154796511625
1759794452,1.0,2.0,1.0,3.0,96.652199,0.0,7.0,-201.0,0.11296707334306844
1759794457,1.0,2.0,1.0,3.0,96.652199,0.0,7.0,-201.0,0.11296707334306844
1759794462,1.0,2.0,1.0,3.0,96.652199,0.0,7.0,-201.0,0.11296707334306844
1759794462,1.0,2.0,1.0,3.0,96.652199,0.0,7.0,-201.0,0.13643899348935423
1759794467,1.0,2.0,1.0,3.0,96.652199,0.0,7.0,-201.0,0.18076543298255665
1759794472,1.0,2.0,1.0,3.0,96.652199,0.0,7.0,-201.0,0.18076543298255665
1759794477,1.0,2.0,1.0,3.0,3.147831,0.0,7.0,-201.0,0.18659620174896208
1759794482,1.0,2.0,1.0,3.0,3.147831,0.0,7.0,-201.0,0.20605999300664368
1759794487,1.0,2.0,1.0,3.0,3.147831,0.0,7.0,-201.0,0.20605999300664368
1759794492,1.0,2.0,1.0,3.0,3.147831,0.0,7.0,-201.0,0.20637319245748662
1759794497,1.0,2.0,1.0,3.0,3.147831,0.0,7.0,-201.0,0.20533852511125236
1759794502,1.0,2.0,1.0,3.0,3.147831,0.0,7.0,-201.0,0.19615595092695554
1759794507,1.0,2.0,1.0,3.0,1.185905,0.0,7.0,-201.0,0.19273940965789796
1759794512,1.0,2.0,1.0,3.0,1.185905,0.0,7.0,-201.0,0.19273940965789796
1759794517,1.0,2.0,1.0,3.0,1.185905,0.0,7.0,-201.0,0.1938503696682464
1759794522,1.0,2.0,1.0,3.0,1.185905,0.0,7.0,-201.0,0.1902308945653316
1759794522,1.0,2.0,1.0,3.0,1.185905,0.0,7.0,-201.0,0.1902308945653316
1759794527,1.0,2.0,1.0,3.0,1.185905,0.0,7.0,-201.0,0.1902308945653316
1759794532,1.0,2.0,1.0,3.0,1.185905,0.0,7.0,-201.0,0.21056899173674853
1759794537,1.0,2.0,1.0,3.0,8.077819,0.0,7.0,-201.0,0.2114365278005193
1759794542,1.0,2.0,1.0,3.0,8.077819,0.0,7.0,-201.0,0.2114365278005193
1759794547,1.0,2.0,1.0,3.0,8.077819,0.0,7.0,-201.0,0.17848473226649672
1759794552,1.0,2.0,1.0,3.0,8.077819,0.0,7.0,-201.0,0.23718678326870718
1759794557,1.0,2.0,1.0,3.0,8.077819,0.0,7.0,-201.0,0.23718678326870718
1759794562,1.0,2.0,1.0,3.0,8.077819,0.0,7.0,-201.0,0.2506201717330682
1759794567,1.0,2.0,1.0,3.0,2.801528,0.0,7.0,-201.0,0.2506201717330682
1759794572,1.0,2.0,1.0,3.0,2.801528,0.0,7.0,-201.0,0.24086160850316357
1759794577,1.0,2.0,1.0,3.0,2.801528,0.0,7.0,-201.0,0.2339020731458842
1759794582,1.0,2.0,1.0,3.0,2.801528,0.0,7.0,-201.0,0.2339020731458842
1759794582,1.0,2.0,1.0,3.0,2.801528,0.0,7.0,-201.0,0.2288221827896184
1759794587,1.0,2.0,1.0,3.0,2.801528,0.0,7.0,-201.0,0.2288221827896184
1759794592,1.0,2.0,1.0,3.0,2.801528,0.0,7.0,-201.0,0.18115559254547717
1759794597,1.0,2.0,1.0,3.0,2.273154,0.0,7.0,-201.0,0.21877924092304782
1759794602,1.0,2.0,1.0,3.0,2.273154,0.0,7.0,-201.0,0.21200601748322828
1759794607,1.0,2.0,1.0,3.0,2.273154,0.0,7.0,-201.0,0.21200601748322828
1759794612,1.0,2.0,1.0,3.0,2.273154,0.0,7.0,-201.0,0.16941660971199948
1759794617,1.0,2.0,1.0,3.0,2.273154,0.0,7.0,-201.0,0.20603868054628777
1759794622,1.0,2.0,1.0,3.0,2.273154,0.0,7.0,-201.0,0.20603868054628777
1759794627,1.0,2.0,1.0,3.0,3.238313,0.0,7.0,-201.0,0.20603868054628777
1759794632,1.0,2.0,1.0,3.0,3.238313,0.0,7.0,-201.0,0.20378062479128087
1759794637,1.0,2.0,1.0,3.0,3.238313,0.0,7.0,-201.0,0.20523914147332237
1759794642,1.0,2.0,1.0,3.0,3.238313,0.0,7.0,-201.0,0.20806260973069496
1759794642,1.0,2.0,1.0,3.0,3.238313,0.0,7.0,-201.0,0.20806260973069496
1759794647,1.0,2.0,1.0,3.0,3.238313,0.0,7.0,-201.0,0.20806260973069496
1759794652,1.0,2.0,1.0,3.0,3.238313,0.0,7.0,-201.0,0.21430247944233421
1759794657,1.0,2.0,1.0,3.0,4.46167,0.0,7.0,-201.0,0.21430247944233421
1759794662,1.0,2.0,1.0,3.0,4.46167,0.0,7.0,-201.0,0.21713268250752127
1759794667,1.0,2.0,1.0,3.0,4.46167,0.0,7.0,-201.0,0.22170275590551178
1759794672,1.0,2.0,1.0,3.0,4.46167,0.0,7.0,-201.0,0.22170275590551178
1759794677,1.0,2.0,1.0,3.0,4.46167,0.0,7.0,-201.0,0.22998606694423498
1759794682,1.0,2.0,1.0,3.0,4.46167,0.0,7.0,-201.0,0.18835763055204946
1759794687,1.0,2.0,1.0,3.0,3.354978,0.0,7.0,-201.0,0.22891558127343842
1759794692,1.0,2.0,1.0,3.0,3.354978,0.0,7.0,-201.0,0.22891558127343842
1759794697,1.0,2.0,1.0,3.0,3.354978,0.0,7.0,-201.0,0.22889880699368073
1759794702,1.0,2.0,1.0,3.0,3.354978,0.0,7.0,-201.0,0.22889880699368073
1759794702,1.0,2.0,1.0,3.0,3.354978,0.0,7.0,-201.0,0.22889880699368073
1759794707,1.0,2.0,1.0,3.0,3.354978,0.0,7.0,-201.0,0.23305946351185786
1759794712,1.0,2.0,1.0,3.0,3.354978,0.0,7.0,-201.0,0.23396984023899195
1759794717,1.0,2.0,1.0,3.0,4.845328,0.0,7.0,-201.0,0.23396984023899195
1759794722,1.0,2.0,1.0,3.0,4.845328,0.0,7.0,-201.0,0.23146028472348976
1759794727,1.0,2.0,1.0,3.0,4.845328,0.0,7.0,-201.0,0.2337363496287997
1759794732,1.0,2.0,1.0,3.0,4.845328,0.0,7.0,-201.0,0.2337363496287997
1759794737,1.0,2.0,1.0,3.0,4.845328,0.0,7.0,-201.0,0.23236010599585727
1759794742,1.0,2.0,1.0,3.0,4.845328,0.0,7.0,-201.0,0.23236010599585727
1759794747,1.0,2.0,1.0,3.0,3.691132,0.0,7.0,-201.0,0.22766847047123195
1759794752,1.0,2.0,1.0,3.0,3.691132,0.0,7.0,-201.0,0.22766847047123195
1759794757,1.0,2.0,1.0,3.0,3.691132,0.0,7.0,-201.0,0.22160419436122294
1759794762,1.0,2.0,1.0,3.0,3.691132,0.0,7.0,-201.0,0.22160419436122294
1759794762,1.0,2.0,1.0,3.0,3.691132,0.0,7.0,-201.0,0.22160419436122294
1759794767,1.0,2.0,1.0,3.0,3.691132,0.0,7.0,-201.0,0.21972770187063823
1759794772,1.0,2.0,1.0,3.0,3.691132,0.0,7.0,-201.0,0.22512138037244905
1759794777,1.0,2.0,1.0,3.0,5.470681,0.0,7.0,-201.0,0.22512138037244905
1759794782,1.0,2.0,1.0,3.0,5.470681,0.0,7.0,-201.0,0.2303291523720036
1759794787,1.0,2.0,1.0,3.0,5.470681,0.0,7.0,-201.0,0.23032915237200363
1759794792,1.0,2.0,1.0,3.0,5.470681,0.0,7.0,-201.0,0.23032915237200363
1759794797,1.0,2.0,1.0,3.0,5.470681,0.0,7.0,-201.0,0.24293180372557943
1759794802,1.0,2.0,1.0,3.0,5.470681,0.0,7.0,-201.0,0.24293180372557943
1759794807,1.0,2.0,1.0,3.0,7.262244,0.0,7.0,-201.0,0.24293180372557943
1759794812,1.0,2.0,1.0,3.0,7.262244,0.0,7.0,-201.0,0.25025300528227734
1759794817,1.0,2.0,1.0,3.0,7.262244,0.0,7.0,-201.0,0.25502359846669886
1759794822,1.0,2.0,1.0,3.0,7.262244,0.0,7.0,-201.0,0.25502359846669886
1759794822,1.0,2.0,1.0,3.0,7.262244,0.0,7.0,-201.0,0.25502359846669886
1759794827,1.0,2.0,1.0,3.0,7.262244,0.0,7.0,-201.0,0.24939666794733004
1759794832,1.0,2.0,1.0,3.0,7.262244,0.0,7.0,-201.0,0.25006173759195466
1759794837,1.0,2.0,1.0,3.0,3.486418,0.0,7.0,-201.0,0.25006173759195466
1759794842,1.0,2.0,1.0,3.0,3.486418,0.0,7.0,-201.0,0.24350145373284973
1759794847,1.0,2.0,1.0,3.0,3.486418,0.0,7.0,-201.0,0.24350145373284973
1759794852,1.0,2.0,1.0,3.0,3.486418,0.0,7.0,-201.0,0.2457737136004198
1759794857,1.0,2.0,1.0,3.0,3.486418,0.0,7.0,-201.0,0.23635994851867428
1759794862,1.0,2.0,1.0,3.0,3.486418,0.0,7.0,-201.0,0.23635994851867428
1759794867,1.0,2.0,1.0,3.0,5.803662,0.0,7.0,-201.0,0.24747897680966138
1759794872,1.0,2.0,1.0,3.0,5.803662,0.0,7.0,-201.0,0.2528110019237767
1759794877,1.0,2.0,1.0,3.0,5.803662,0.0,7.0,-201.0,0.2528110019237767
1759794882,1.0,2.0,1.0,3.0,5.803662,0.0,7.0,-201.0,0.20137239006568564
1759794882,1.0,2.0,1.0,3.0,5.803662,0.0,7.0,-201.0,0.20137239006568564
1759794887,1.0,2.0,1.0,3.0,5.803662,0.0,7.0,-201.0,0.254122562926984
1759794892,1.0,2.0,1.0,3.0,5.803662,0.0,7.0,-201.0,0.254122562926984
1759794897,1.0,2.0,1.0,3.0,5.020442,0.0,7.0,-201.0,0.25092708920614704
1759794902,1.0,2.0,1.0,3.0,5.020442,0.0,7.0,-201.0,0.2501402997502082
1759794907,1.0,2.0,1.0,3.0,5.020442,0.0,7.0,-201.0,0.2501402997502082
1759794912,1.0,2.0,1.0,3.0,5.020442,0.0,7.0,-201.0,0.2505838177168099
1759794917,1.0,2.0,1.0,3.0,5.020442,0.0,7.0,-201.0,0.2505838177168099
1759794922,1.0,2.0,1.0,3.0,5.020442,0.0,7.0,-201.0,0.2505838177168099
1759794927,1.0,2.0,1.0,3.0,6.327638,0.0,7.0,-201.0,0.257209973273637
1759794932,1.0,2.0,1.0,3.0,6.327638,0.0,7.0,-201.0,0.257209973273637
1759794937,1.0,2.0,1.0,3.0,6.327638,0.0,7.0,-201.0,0.257209973273637
1759794942,1.0,2.0,1.0,3.0,6.327638,0.0,7.0,-201.0,0.21939653484167246
1759794942,1.0,2.0,1.0,3.0,6.327638,0.0,7.0,-201.0,0.21939653484167246
1759794947,1.0,2.0,1.0,3.0,6.327638,0.0,7.0,-201.0,0.25385082916923823
1759794952,1.0,2.0,1.0,3.0,6.327638,0.0,7.0,-201.0,0.25385082916923823
1759794957,1.0,2.0,1.0,3.0,11.084117,0.0,7.0,-201.0,0.2425357526634126
1759794962,1.0,2.0,1.0,3.0,11.084117,0.0,7.0,-201.0,0.24701954909585438
1759794967,1.0,2.0,1.0,3.0,11.084117,0.0,7.0,-201.0,0.24701954909585438
1759794972,1.0,2.0,1.0,3.0,11.084117,0.0,7.0,-201.0,0.245293222466269
1759794977,1.0,2.0,1.0,3.0,11.084117,0.0,7.0,-201.0,0.24572942084001523
1759794982,1.0,2.0,1.0,3.0,11.084117,0.0,7.0,-201.0,0.24572942084001523
1759794987,1.0,2.0,1.0,3.0,8.730293,0.0,7.0,-201.0,0.25133267463379405
1759794992,1.0,2.0,1.0,3.0,8.730293,0.0,7.0,-201.0,0.24007188174363406
1759794997,1.0,2.0,1.0,3.0,8.730293,0.0,7.0,-201.0,0.24007188174363406
1759795002,1.0,2.0,1.0,3.0,8.730293,0.0,7.0,-201.0,0.24007188174363406
1759795002,1.0,2.0,1.0,3.0,8.730293,0.0,7.0,-201.0,0.24007188174363406
1759795007,1.0,2.0,1.0,3.0,8.730293,0.0,7.0,-201.0,0.23717582393373304
1759795012,1.0,2.0,1.0,3.0,8.730293,0.0,7.0,-201.0,0.23717582393373304
1759795017,1.0,2.0,1.0,3.0,5.851899,0.0,7.0,-201.0,0.23717582393373304
1759795022,1.0,2.0,1.0,3.0,5.851899,0.0,7.0,-201.0,0.23255075622194157
1759795027,1.0,2.0,1.0,3.0,5.851899,0.0,7.0,-201.0,0.23255075622194157
1759795032,1.0,2.0,1.0,3.0,5.851899,0.0,7.0,-201.0,0.2331330925110136
1759795037,1.0,2.0,1.0,3.0,5.851899,0.0,7.0,-201.0,0.23924969851741518
1759795042,1.0,2.0,1.0,3.0,5.851899,0.0,7.0,-201.0,0.23924969851741518
1759795047,1.0,2.0,1.0,3.0,5.604931,0.0,7.0,-201.0,0.23796528471528475
1759795052,1.0,2.0,1.0,3.0,5.604931,0.0,7.0,-201.0,0.2345832666886202
1759795057,1.0,2.0,1.0,3.0,5.604931,0.0,7.0,-201.0,0.23837732187935612
1759795062,1.0,2.0,1.0,3.0,5.604931,0.0,7.0,-201.0,0.2383773218793561
1759795062,1.0,2.0,1.0,,3.0,5.604931,0.0,7.0,-201.0,0.2383773218793561
1759795067,1.0,2.0,1.0,,3.0,5.604931,0.0,7.0,-201.0,0.20768693234650648
1759795072,1.0,2.0,1.0,,3.0,5.604931,0.0,7.0,-201.0,0.22940012155591594
1759795077,3.0,0.0,3.0,,6.0,458.652634,729.361653,7.0,-911.0,0.24359646996704756
1759795082,3.0,0.0,3.0,,6.0,458.652634,729.361653,7.0,-911.0,0.24915662820031068
1759795087,3.0,0.0,3.0,922.943462344354,6.0,458.652634,729.361653,7.0,-911.0,0.2578521497155287
1759795092,3.0,0.0,3.0,922.943462344354,6.0,458.652634,729.361653,7.0,-911.0,0.24145804800046355
1759795097,3.0,0.0,3.0,922.943462344354,6.0,458.652634,729.361653,7.0,-911.0,0.2833932697470968
1759795102,3.0,0.0,3.0,922.943462344354,6.0,458.652634,729.361653,7.0,-911.0,0.29661347799291726
1759795107,3.0,0.0,3.0,922.943462344354,6.0,1720.199626,1207.174273,7.0,-1389.0,0.2662116848284045
1759795112,3.0,0.0,3.0,922.943462344354,6.0,1720.199626,1207.174273,7.0,-1389.0,0.2883468671717554
1759795117,3.0,0.0,3.0,2322.1426583176376,6.0,1720.199626,1207.174273,7.0,-1389.0,0.2783036725069559
1759795122,3.0,0.0,3.0,2322.1426583176376,6.0,1720.199626,1207.174273,7.0,-1389.0,0.299351466213045
1759795122,3.0,0.0,3.0,2322.1426583176376,6.0,1720.199626,1207.174273,7.0,-1389.0,0.299351466213045
1759795127,3.0,0.0,3.0,2322.1426583176376,6.0,1720.199626,1207.174273,7.0,-1389.0,0.2904033611796921
1759795132,3.0,0.0,3.0,2322.1426583176376,6.0,1720.199626,1207.174273,7.0,-1389.0,0.27875790136484185
1759795137,3.0,0.0,3.0,2322.1426583176376,6.0,825.554086,919.377901,7.0,-1101.0,0.25408976609227246
1759795142,3.0,0.0,3.0,2322.1426583176376,6.0,825.554086,919.377901,7.0,-1101.0,0.2596637831207522
1759795147,3.0,0.0,3.0,2356.2574628655075,6.0,825.554086,919.377901,7.0,-1101.0,0.2596637831207522
1759795152,3.0,0.0,3.0,2356.2574628655075,6.0,825.554086,919.377901,7.0,-1101.0,0.22665916729390934
1759795157,3.0,0.0,3.0,2356.2574628655075,6.0,825.554086,919.377901,7.0,-1101.0,0.20624864576979796
1759795162,3.0,0.0,3.0,2356.2574628655075,6.0,825.554086,919.377901,7.0,-1101.0,0.19625024609131775
1759795167,1.0,2.0,1.0,2356.2574628655075,3.0,573.903416,0.0,7.0,-201.0,0.1778354634397939
1759795172,1.0,2.0,1.0,2356.2574628655075,3.0,573.903416,0.0,7.0,-201.0,0.14553194039462894
1759795177,1.0,2.0,1.0,2356.2574628655075,3.0,573.903416,0.0,7.0,-201.0,0.12978134549567444
1759795182,1.0,2.0,1.0,2356.2574628655075,3.0,573.903416,0.0,7.0,-201.0,0.12226770453187122
1759795182,1.0,2.0,1.0,3.0,573.903416,0.0,7.0,-201.0,0.11042133022202058
1759795187,1.0,2.0,1.0,3.0,573.903416,0.0,7.0,-201.0,0.041085877616810686
1759795192,1.0,2.0,1.0,3.0,573.903416,0.0,7.0,-201.0,0.039574918411741836
1759795197,1.0,2.0,1.0,3.0,22.253665,0.0,7.0,-201.0,0.062102491253836316
1759795202,1.0,2.0,1.0,3.0,22.253665,0.0,7.0,-201.0,0.04184147019100347
1759795207,1.0,2.0,1.0,3.0,22.253665,0.0,7.0,-201.0,0.04186838259370654
1759795212,1.0,2.0,1.0,3.0,22.253665,0.0,7.0,-201.0,0.05508607558610971
1759795217,1.0,2.0,1.0,3.0,22.253665,0.0,7.0,-201.0,0.12133063309402456
1759795222,1.0,2.0,1.0,3.0,22.253665,0.0,7.0,-201.0,0.12087945655286891
1759795227,1.0,2.0,1.0,3.0,0.346091,0.0,7.0,-201.0,0.12045502634307355
1759795232,1.0,2.0,1.0,3.0,0.346091,0.0,7.0,-201.0,0.13493893773334928
1759795237,1.0,2.0,1.0,3.0,0.346091,0.0,7.0,-201.0,0.13493893773334928
1759795242,1.0,2.0,1.0,3.0,0.346091,0.0,7.0,-201.0,0.14907208574985575
1759795242,1.0,2.0,1.0,,3.0,0.346091,0.0,7.0,-201.0,0.14907208574985575
1759795247,1.0,2.0,1.0,,3.0,0.346091,0.0,7.0,-201.0,0.14907208574985575
1759795252,1.0,2.0,1.0,,3.0,0.346091,0.0,7.0,-201.0,0.13159488833842214
1759795257,1.0,2.0,1.0,,3.0,1.125533,0.0,7.0,-201.0,0.07423659776769534
1759795262,1.0,2.0,1.0,,3.0,1.125533,0.0,7.0,-201.0,0.10143423781353017
1759795267,1.0,2.0,1.0,,3.0,1.125533,0.0,7.0,-201.0,0.10143423781353017
1759795272,1.0,2.0,1.0,,3.0,1.125533,0.0,7.0,-201.0,0.10143423781353017
1759795277,1.0,2.0,1.0,,3.0,1.125533,0.0,7.0,-201.0,0.11319461950898332
1759795282,1.0,2.0,1.0,,3.0,1.125533,0.0,7.0,-201.0,0.1451576289594329
1759795287,3.0,0.0,3.0,,3.0,10.044342,0.0,7.0,-181.0,0.19568793066599174
1759795292,3.0,0.0,3.0,,3.0,10.044342,0.0,7.0,-181.0,0.20507144552535828
1759795297,3.0,0.0,3.0,2159.019432440345,3.0,10.044342,0.0,7.0,-181.0,0.22560881006131994
1759795302,3.0,0.0,3.0,2159.019432440345,3.0,10.044342,0.0,7.0,-181.0,0.24466221971536983
1759795302,3.0,0.0,3.0,2159.019432440345,3.0,10.044342,0.0,7.0,-181.0,0.2404829009269619
1759795307,3.0,0.0,3.0,2159.019432440345,3.0,10.044342,0.0,7.0,-181.0,0.2525495219603483
1759795312,3.0,0.0,3.0,2159.019432440345,3.0,10.044342,0.0,7.0,-181.0,0.263317632491326
1759795317,3.0,0.0,3.0,2159.019432440345,6.0,3058.118466,3699.026972,7.0,-3881.0,0.2783727336003951
1759795322,3.0,0.0,3.0,2159.019432440345,6.0,3058.118466,3699.026972,7.0,-3881.0,0.26258984880943376
1759795327,3.0,0.0,3.0,,6.0,3058.118466,3699.026972,7.0,-3881.0,0.26772372040726156
1759795332,3.0,0.0,3.0,,6.0,3058.118466,3699.026972,7.0,-3881.0,0.2351715849424962
1759795337,3.0,0.0,3.0,,6.0,3058.118466,3699.026972,7.0,-3881.0,0.20474159735245806
1759795342,3.0,0.0,3.0,,6.0,3058.118466,3699.026972,7.0,-3881.0,0.17198981669327948
1759795347,1.0,2.0,1.0,,0.0,0.0,0.0,7.0,-201.0,0.14261135280938578
1759795352,1.0,2.0,1.0,,0.0,0.0,0.0,7.0,-201.0,0.13541621905359688
1759795357,1.0,2.0,1.0,,0.0,0.0,0.0,7.0,-201.0,0.0659871225940704
1759795362,1.0,2.0,1.0,,0.0,0.0,0.0,7.0,-201.0,0.026169077295083172
1759795362,1.0,2.0,1.0,0.0,0.0,0.0,7.0,-201.0,0.026169077295083172
1759795367,1.0,2.0,1.0,0.0,0.0,0.0,7.0,-201.0,0.008405906384425189
1759795372,1.0,2.0,1.0,0.0,0.0,0.0,7.0,-201.0,0.007679225361488248
1759795377,1.0,2.0,1.0,0.0,0.0,0.0,7.0,-201.0,0.003092012254698938
1759795382,1.0,2.0,1.0,0.0,0.0,0.0,7.0,-201.0,0.0026692039588320673
1759795387,1.0,2.0,1.0,0.0,0.0,0.0,7.0,-201.0,0.0020083659531487733
1759795392,1.0,2.0,1.0,0.0,0.0,0.0,7.0,-201.0,0.0023132920384163103
1759795397,1.0,2.0,1.0,0.0,0.0,0.0,7.0,-201.0,0.04502323702617109
1759795402,1.0,2.0,1.0,0.0,0.0,0.0,7.0,-201.0,0.04502323702617109
1759795407,1.0,2.0,1.0,3.0,16.242874,0.0,7.0,-201.0,0.04502323702617109
1759795412,1.0,2.0,1.0,3.0,16.242874,0.0,7.0,-201.0,0.06589533425512024
1759795417,1.0,2.0,1.0,3.0,16.242874,0.0,7.0,-201.0,0.11673254927807827
1759795422,1.0,2.0,1.0,3.0,16.242874,0.0,7.0,-201.0,0.11673254927807827
1759795422,1.0,2.0,1.0,,3.0,16.242874,0.0,7.0,-201.0,0.11673254927807827
1759795427,1.0,2.0,1.0,,3.0,16.242874,0.0,7.0,-201.0,0.14913033305375573
1759795432,1.0,2.0,1.0,,3.0,16.242874,0.0,7.0,-201.0,0.17884968601851586
1759795437,1.0,2.0,1.0,,3.0,1.049368,0.0,7.0,-201.0,0.17884968601851586
1759795442,1.0,2.0,1.0,,3.0,1.049368,0.0,7.0,-201.0,0.1589142923993446
1759795447,1.0,2.0,1.0,,3.0,1.049368,0.0,7.0,-201.0,0.15538434969577747
1759795452,1.0,2.0,1.0,,3.0,1.049368,0.0,7.0,-201.0,0.15538434969577747
1759795457,1.0,2.0,1.0,,3.0,1.049368,0.0,7.0,-201.0,0.13119490603118333
1759795462,1.0,2.0,1.0,,3.0,1.049368,0.0,7.0,-201.0,0.15880658313520918
1759795467,3.0,0.0,3.0,,6.0,647.005305,0.0,7.0,-181.0,0.1689951274710911
1759795472,3.0,0.0,3.0,,6.0,647.005305,0.0,7.0,-181.0,0.19749215285788552
1759795477,3.0,0.0,3.0,1915.8964155093913,6.0,647.005305,0.0,7.0,-181.0,0.20492745035960486
1759795482,3.0,0.0,3.0,1915.8964155093913,6.0,647.005305,0.0,7.0,-181.0,0.2196815108361838
1759795482,3.0,0.0,3.0,1915.8964155093913,6.0,647.005305,0.0,7.0,-181.0,0.2196815108361838
1759795487,3.0,0.0,3.0,1915.8964155093913,6.0,647.005305,0.0,7.0,-181.0,0.20084760668393847
1759795492,3.0,0.0,3.0,1915.8964155093913,6.0,647.005305,0.0,7.0,-181.0,0.21409301603614778
1759795497,3.0,0.0,3.0,1915.8964155093913,6.0,3066.682552,0.0,7.0,-181.0,0.21728818581383386
1759795502,3.0,0.0,3.0,1915.8964155093913,6.0,3066.682552,0.0,7.0,-181.0,0.1920582010641977
1759795507,3.0,0.0,3.0,3171.7684117908166,6.0,3066.682552,0.0,7.0,-181.0,0.1606330648471558
1759795512,3.0,0.0,3.0,3171.7684117908166,6.0,3066.682552,0.0,7.0,-181.0,0.1606330648471558
1759795517,3.0,0.0,3.0,3171.7684117908166,6.0,3066.682552,0.0,7.0,-181.0,0.09174258830901981
1759795522,3.0,0.0,3.0,3171.7684117908166,6.0,3066.682552,0.0,7.0,-181.0,0.07037226717575196
1759795527,3.0,0.0,3.0,3171.7684117908166,6.0,3036.042456,0.0,7.0,-181.0,0.07037226717575196
1759795532,3.0,0.0,3.0,3171.7684117908166,6.0,3036.042456,0.0,7.0,-181.0,0.02308608215396139
1759795537,3.0,0.0,3.0,3388.8190819455585,6.0,3036.042456,0.0,7.0,-181.0,0.02308608215396139
1759795542,3.0,0.0,3.0,3388.8190819455585,6.0,3036.042456,0.0,7.0,-181.0,0.020246093485398388
1759795542,3.0,0.0,3.0,3388.8190819455585,6.0,3036.042456,0.0,7.0,-181.0,0.028256527525635886
1759795547,3.0,0.0,3.0,3388.8190819455585,6.0,3036.042456,0.0,7.0,-181.0,0.03303564139736882
1759795552,3.0,0.0,3.0,3388.8190819455585,6.0,3036.042456,0.0,7.0,-181.0,0.04474067958726088
1759795557,3.0,0.0,3.0,3388.8190819455585,6.0,3964.451684,0.0,7.0,-181.0,0.0517153622137026
1759795562,3.0,0.0,3.0,3388.8190819455585,6.0,3964.451684,0.0,7.0,-181.0,0.05602361083707592
1759795567,3.0,0.0,3.0,3202.665272680215,6.0,3964.451684,0.0,7.0,-181.0,0.06683016079825724
1759795572,3.0,0.0,3.0,3202.665272680215,6.0,3964.451684,0.0,7.0,-181.0,0.06274009875490441
1759795577,3.0,0.0,3.0,3202.665272680215,6.0,3964.451684,0.0,7.0,-181.0,0.05186493585173632
1759795582,3.0,0.0,3.0,3202.665272680215,6.0,3964.451684,0.0,7.0,-181.0,0.055300755436952856
1759795587,3.0,0.0,3.0,3202.665272680215,6.0,3082.602891,0.0,7.0,-181.0,0.047213999719157476
1759795592,3.0,0.0,3.0,3202.665272680215,6.0,3082.602891,0.0,7.0,-181.0,0.028931355680387474
1759795597,3.0,0.0,3.0,3226.6298665597487,6.0,3082.602891,0.0,7.0,-181.0,0.026115216564003653
1759795602,3.0,0.0,3.0,3226.6298665597487,6.0,3082.602891,0.0,7.0,-181.0,0.01705746965626976
1759795602,3.0,0.0,3.0,3226.6298665597487,6.0,3082.602891,0.0,7.0,-181.0,0.01901852207060588
1759795607,3.0,0.0,3.0,3226.6298665597487,6.0,3082.602891,0.0,7.0,-181.0,0.025663036520807907
1759795612,3.0,0.0,3.0,3226.6298665597487,6.0,3082.602891,0.0,7.0,-181.0,0.02424626852432519
1759795617,3.0,0.0,3.0,3226.6298665597487,6.0,3353.005324,0.0,7.0,-181.0,0.02644758831198165
1759795622,3.0,0.0,3.0,3226.6298665597487,6.0,3353.005324,0.0,7.0,-181.0,0.03030902248973782
1759795627,3.0,0.0,3.0,2922.6936195667786,6.0,3353.005324,0.0,7.0,-181.0,0.02857028486226392
1759795632,3.0,0.0,3.0,2922.6936195667786,6.0,3353.005324,0.0,7.0,-181.0,0.02989375945741924
1759795637,3.0,0.0,3.0,2922.6936195667786,6.0,3353.005324,0.0,7.0,-181.0,0.03172224181426392
1759795642,3.0,0.0,3.0,2922.6936195667786,6.0,3353.005324,0.0,7.0,-181.0,0.04924340266765661
1759795647,3.0,0.0,3.0,2922.6936195667786,6.0,3864.74903,0.0,7.0,-181.0,0.05176059662285645
1759795652,3.0,0.0,3.0,2922.6936195667786,6.0,3864.74903,0.0,7.0,-181.0,0.05176059662285645
1759795657,3.0,0.0,3.0,3650.800511978374,6.0,3864.74903,0.0,7.0,-181.0,0.05170572455343842
1759795662,3.0,0.0,3.0,3650.800511978374,6.0,3864.74903,0.0,7.0,-181.0,0.04848172913167042
1759795662,3.0,0.0,3.0,3650.800511978374,6.0,3864.74903,0.0,7.0,-181.0,0.06080789999137874
1759795667,3.0,0.0,3.0,3650.800511978374,6.0,3864.74903,0.0,7.0,-181.0,0.06746266868095288
1759795672,3.0,0.0,3.0,3650.800511978374,6.0,3864.74903,0.0,7.0,-181.0,0.0642923110031809
1759795677,3.0,0.0,3.0,3650.800511978374,6.0,3244.28623,0.0,7.0,-181.0,0.06960300046840442
1759795682,3.0,0.0,3.0,3650.800511978374,6.0,3244.28623,0.0,7.0,-181.0,0.06960300046840442
1759795687,3.0,0.0,3.0,,6.0,3244.28623,0.0,7.0,-181.0,0.07766417218233514
1759795692,3.0,0.0,3.0,,6.0,3244.28623,0.0,7.0,-181.0,0.08363771432066859
1759795697,3.0,0.0,3.0,,6.0,3244.28623,0.0,7.0,-181.0,0.08363771432066859
1759795702,3.0,0.0,3.0,,6.0,3244.28623,0.0,7.0,-181.0,0.0687999724997419
1759795707,0.0,4.0,1.0,,0.0,0.0,0.0,7.0,-201.0,0.06766276715234112
1759795712,0.0,4.0,1.0,,0.0,0.0,0.0,7.0,-201.0,0.05461142347581932
1759795717,0.0,4.0,1.0,,0.0,0.0,0.0,7.0,-201.0,0.05693189708664939
1759795722,0.0,4.0,1.0,,0.0,0.0,0.0,7.0,-201.0,0.056123578036567534
1759795722,0.0,4.0,1.0,0.0,0.0,0.0,7.0,-201.0,0.055964399064542814
1759795727,0.0,4.0,1.0,0.0,0.0,0.0,7.0,-201.0,0.051730644977053236
1759795732,0.0,4.0,1.0,0.0,0.0,0.0,7.0,-201.0,0.02015482807859559
1759795737,0.0,4.0,1.0,3.0,547.8512,0.0,7.0,-201.0,0.0061373280339683586
1759795742,0.0,4.0,1.0,3.0,547.8512,0.0,7.0,-201.0,0.07831987760886076
1759795747,0.0,4.0,1.0,3.0,547.8512,0.0,7.0,-201.0,0.08420192639102057
1759795752,0.0,4.0,1.0,3.0,547.8512,0.0,7.0,-201.0,0.09403921411063043
1759795757,0.0,4.0,1.0,3.0,547.8512,0.0,7.0,-201.0,0.1573455697950129
1759795762,0.0,4.0,1.0,3.0,547.8512,0.0,7.0,-201.0,0.17044416082873753
1759795767,0.0,4.0,1.0,3.0,311.527249,0.0,7.0,-201.0,0.20366329216658396
1759795772,0.0,4.0,1.0,3.0,311.527249,0.0,7.0,-201.0,0.23118828619763346
1759795777,0.0,4.0,1.0,3.0,311.527249,0.0,7.0,-201.0,0.25391486829620147
1759795782,0.0,4.0,1.0,3.0,311.527249,0.0,7.0,-201.0,0.24824936845581005
1759795782,0.0,4.0,1.0,3.0,311.527249,0.0,7.0,-201.0,0.24824936845581005
1759795787,0.0,4.0,1.0,3.0,311.527249,0.0,7.0,-201.0,0.24096634985283358
1759795792,0.0,4.0,1.0,3.0,311.527249,0.0,7.0,-201.0,0.30030153046609653
1759795797,0.0,4.0,1.0,3.0,66.523533,0.0,7.0,-201.0,0.30030153046609653
1759795802,0.0,4.0,1.0,3.0,66.523533,0.0,7.0,-201.0,0.2989783469438258
1759795807,0.0,4.0,1.0,3.0,66.523533,0.0,7.0,-201.0,0.3102920885355198
1759795812,0.0,4.0,1.0,3.0,66.523533,0.0,7.0,-201.0,0.31029208853551976
1759795817,0.0,4.0,1.0,3.0,66.523533,0.0,7.0,-201.0,0.3175042459572322
1759795822,0.0,4.0,1.0,3.0,66.523533,0.0,7.0,-201.0,0.31379219288174515
1759795827,0.0,4.0,1.0,3.0,38.591788,0.0,7.0,-201.0,0.3137921928817451
1759795832,0.0,4.0,1.0,3.0,38.591788,0.0,7.0,-201.0,0.3195510614815295
1759795837,0.0,4.0,1.0,3.0,38.591788,0.0,7.0,-201.0,0.2639784689643792
1759795842,0.0,4.0,1.0,3.0,38.591788,0.0,7.0,-201.0,0.23734921384091842
1759795842,0.0,4.0,1.0,3.0,38.591788,0.0,7.0,-201.0,0.31187416063661316
1759795847,0.0,4.0,1.0,3.0,38.591788,0.0,7.0,-201.0,0.31187416063661316
1759795852,0.0,4.0,1.0,3.0,38.591788,0.0,7.0,-201.0,0.29792757255936675
1759795857,0.0,4.0,1.0,3.0,65.048766,0.0,7.0,-201.0,0.29792757255936675
1759795862,0.0,4.0,1.0,3.0,65.048766,0.0,7.0,-201.0,0.29792757255936675
1759795867,0.0,4.0,1.0,3.0,65.048766,0.0,7.0,-201.0,0.24629727226052175
1759795872,0.0,4.0,1.0,3.0,65.048766,0.0,7.0,-201.0,0.30264161814775276
1759795877,0.0,4.0,1.0,3.0,65.048766,0.0,7.0,-201.0,0.30264161814775276
1759795882,0.0,4.0,1.0,3.0,65.048766,0.0,7.0,-201.0,0.3046155004254763
1759795887,0.0,4.0,1.0,3.0,89.614278,0.0,7.0,-201.0,0.3016671390798519
1759795892,0.0,4.0,1.0,3.0,89.614278,0.0,7.0,-201.0,0.3016671390798519
1759795897,0.0,4.0,1.0,3.0,89.614278,0.0,7.0,-201.0,0.3053808861411645
1759795902,0.0,4.0,1.0,3.0,89.614278,0.0,7.0,-201.0,0.3100678808656525
1759795902,0.0,4.0,1.0,3.0,89.614278,0.0,7.0,-201.0,0.3100678808656525
1759795907,0.0,4.0,1.0,3.0,89.614278,0.0,7.0,-201.0,0.3100678808656525
1759795912,0.0,4.0,1.0,3.0,89.614278,0.0,7.0,-201.0,0.25411178420089137
1759795917,0.0,4.0,1.0,3.0,458.399257,0.0,7.0,-201.0,0.30204059216809925
1759795922,0.0,4.0,1.0,3.0,458.399257,0.0,7.0,-201.0,0.3090846465035638
1759795927,0.0,4.0,1.0,3.0,458.399257,0.0,7.0,-201.0,0.3090846465035638
1759795932,0.0,4.0,1.0,3.0,458.399257,0.0,7.0,-201.0,0.28570470978579465
1759795937,0.0,4.0,1.0,3.0,458.399257,0.0,7.0,-201.0,0.3264986791258215
1759795942,0.0,4.0,1.0,3.0,458.399257,0.0,7.0,-201.0,0.3264986791258215
1759795947,0.0,4.0,1.0,3.0,196.106585,0.0,7.0,-201.0,0.3265584342923542
1759795952,0.0,4.0,1.0,3.0,196.106585,0.0,7.0,-201.0,0.3265584342923542
1759795957,0.0,4.0,1.0,3.0,196.106585,0.0,7.0,-201.0,0.2444698666666666
1759795962,0.0,4.0,1.0,3.0,196.106585,0.0,7.0,-201.0,0.26153491194305833
1759795962,0.0,4.0,1.0,,3.0,196.106585,0.0,7.0,-201.0,0.3210727788657529
1759795967,0.0,4.0,1.0,,3.0,196.106585,0.0,7.0,-201.0,0.3210727788657529
1759795972,0.0,4.0,1.0,,3.0,196.106585,0.0,7.0,-201.0,0.28901767499805353
1759795977,3.0,0.0,3.0,,6.0,1780.96828,2343.545064,7.0,-2525.0,0.32747867304873923
1759795982,3.0,0.0,3.0,,6.0,1780.96828,2343.545064,7.0,-2525.0,0.3186246758097375
1759795987,3.0,0.0,3.0,3152.242211917964,6.0,1780.96828,2343.545064,7.0,-2525.0,0.2673049747917884
1759795992,3.0,0.0,3.0,3152.242211917964,6.0,1780.96828,2343.545064,7.0,-2525.0,0.2476012645105789
1759795997,3.0,0.0,3.0,3152.242211917964,6.0,1780.96828,2343.545064,7.0,-2525.0,0.24702313403697232
1759796002,3.0,0.0,3.0,3152.242211917964,6.0,1780.96828,2343.545064,7.0,-2525.0,0.21452642649846274
1759796007,3.0,0.0,3.0,3152.242211917964,6.0,3356.416824,3309.0,7.0,-3490.0,0.12902139864271706
1759796012,3.0,0.0,3.0,3152.242211917964,6.0,3356.416824,3309.0,7.0,-3490.0,0.12642442886738323
1759796017,3.0,0.0,3.0,3603.8180850798635,6.0,3356.416824,3309.0,7.0,-3490.0,0.13180549912169426
1759796022,3.0,0.0,3.0,3603.8180850798635,6.0,3356.416824,3309.0,7.0,-3490.0,0.05592113967919084
1759796022,3.0,0.0,3.0,3603.8180850798635,6.0,3356.416824,3309.0,7.0,-3490.0,0.061397172266695714
1759796027,3.0,0.0,3.0,3603.8180850798635,6.0,3356.416824,3309.0,7.0,-3490.0,0.06754275246734581
1759796032,3.0,0.0,3.0,3603.8180850798635,6.0,3356.416824,3309.0,7.0,-3490.0,0.05802642230382851
1759796037,3.0,0.0,3.0,3603.8180850798635,6.0,4124.693122,3928.152889,7.0,-4110.0,0.045868058468112996
1759796042,3.0,0.0,3.0,3603.8180850798635,6.0,4124.693122,3928.152889,7.0,-4110.0,0.05372683429325629
1759796047,3.0,0.0,3.0,2981.9274916144327,6.0,4124.693122,3928.152889,7.0,-4110.0,0.09022145758004237
1759796052,3.0,0.0,3.0,2981.9274916144327,6.0,4124.693122,3928.152889,7.0,-4110.0,0.13512896190329934
1759796057,3.0,0.0,3.0,2981.9274916144327,6.0,4124.693122,3928.152889,7.0,-4110.0,0.13886966033411624
1759796062,3.0,0.0,3.0,2981.9274916144327,6.0,4124.693122,3928.152889,7.0,-4110.0,0.1483026413513902
1759796067,0.0,2.0,1.0,2981.9274916144327,3.0,783.410802,0.0,7.0,-201.0,0.15309348642080636
1759796072,0.0,2.0,1.0,2981.9274916144327,3.0,783.410802,0.0,7.0,-201.0,0.12192428026801641
1759796077,0.0,2.0,1.0,2981.9274916144327,3.0,783.410802,0.0,7.0,-201.0,0.11361672780228724
1759796082,0.0,2.0,1.0,2981.9274916144327,3.0,783.410802,0.0,7.0,-201.0,0.11860791597889651
1759796082,0.0,2.0,1.0,3.0,783.410802,0.0,7.0,-201.0,0.11860791597889651
1759796087,0.0,2.0,1.0,3.0,783.410802,0.0,7.0,-201.0,0.10516052431376888
1759796092,0.0,2.0,1.0,3.0,783.410802,0.0,7.0,-201.0,0.0960570558960541
1759796097,0.0,2.0,1.0,0.0,0.0,0.0,7.0,-201.0,0.04970183902676169
1759796102,0.0,2.0,1.0,0.0,0.0,0.0,7.0,-201.0,0.012603998878373802
1759796107,0.0,2.0,1.0,0.0,0.0,0.0,7.0,-201.0,0.009846519291918857
1759796112,0.0,2.0,1.0,0.0,0.0,0.0,7.0,-201.0,0.010368393642664194
1759796117,0.0,2.0,1.0,0.0,0.0,0.0,7.0,-201.0,0.010261284846916597
1759796122,0.0,2.0,1.0,0.0,0.0,0.0,7.0,-201.0,0.04740903851312403
1759796127,0.0,2.0,1.0,3.0,69.75701,0.0,7.0,-201.0,0.0621019922765198
1759796132,0.0,2.0,1.0,3.0,69.75701,0.0,7.0,-201.0,0.10036678346695041
1759796137,0.0,2.0,1.0,3.0,69.75701,0.0,7.0,-201.0,0.13236360037607006
1759796142,0.0,2.0,1.0,3.0,69.75701,0.0,7.0,-201.0,0.13236360037607006
1759796142,0.0,2.0,1.0,,3.0,69.75701,0.0,7.0,-201.0,0.13236360037607006
1759796147,0.0,2.0,1.0,,3.0,69.75701,0.0,7.0,-201.0,0.1113692626497545
1759796152,0.0,2.0,1.0,,3.0,69.75701,0.0,7.0,-201.0,0.19175219170075977
1759796157,0.0,2.0,1.0,,3.0,2.27808,0.0,7.0,-201.0,0.19175219170075977
1759796162,0.0,2.0,1.0,,3.0,2.27808,0.0,7.0,-201.0,0.19175219170075977
1759796167,0.0,2.0,1.0,,3.0,2.27808,0.0,7.0,-201.0,0.198040526971121
1759796172,0.0,2.0,1.0,,3.0,2.27808,0.0,7.0,-201.0,0.198040526971121
1759796177,0.0,2.0,1.0,,3.0,2.27808,0.0,7.0,-201.0,0.198040526971121
1759796182,0.0,2.0,1.0,,3.0,2.27808,0.0,7.0,-201.0,0.19096393958638208
1759796187,3.0,0.0,3.0,,6.0,2074.703846,0.0,7.0,-181.0,0.22089266932988585
1759796192,3.0,0.0,3.0,,6.0,2074.703846,0.0,7.0,-181.0,0.21872049934700935
1759796197,3.0,0.0,3.0,4016.418276294121,6.0,2074.703846,0.0,7.0,-181.0,0.2044483640194034
1759796202,3.0,0.0,3.0,4016.418276294121,6.0,2074.703846,0.0,7.0,-181.0,0.20289641356331656
1759796202,3.0,0.0,3.0,4016.418276294121,6.0,2074.703846,0.0,7.0,-181.0,0.1930374638755573
1759796207,3.0,0.0,3.0,4016.418276294121,6.0,2074.703846,0.0,7.0,-181.0,0.2073580706872594
1759796212,3.0,0.0,3.0,4016.418276294121,6.0,2074.703846,0.0,7.0,-181.0,0.173230499486502
1759796217,3.0,0.0,3.0,4016.418276294121,6.0,3794.107266,0.0,7.0,-181.0,0.13979569312058865
1759796222,3.0,0.0,3.0,4016.418276294121,6.0,3794.107266,0.0,7.0,-181.0,0.14834964154928723
1759796227,3.0,0.0,3.0,3821.952357755706,6.0,3794.107266,0.0,7.0,-181.0,0.09485694104617323
1759796232,3.0,0.0,3.0,3821.952357755706,6.0,3794.107266,0.0,7.0,-181.0,0.06013119985761223
1759796237,3.0,0.0,3.0,3821.952357755706,6.0,3794.107266,0.0,7.0,-181.0,0.06013119985761223
1759796242,3.0,0.0,3.0,3821.952357755706,6.0,3794.107266,0.0,7.0,-181.0,0.04673981152034143
1759796247,3.0,0.0,3.0,3821.952357755706,6.0,3730.506155,0.0,7.0,-181.0,0.013867909679094306
1759796252,3.0,0.0,3.0,3821.952357755706,6.0,3730.506155,0.0,7.0,-181.0,0.014379376543078639
1759796257,3.0,0.0,3.0,3429.002683772688,6.0,3730.506155,0.0,7.0,-181.0,0.01215565753234774
1759796262,3.0,0.0,3.0,3429.002683772688,6.0,3730.506155,0.0,7.0,-181.0,0.008630746982178946
1759796262,3.0,0.0,3.0,3429.002683772688,6.0,3730.506155,0.0,7.0,-181.0,0.011312293496076644
1759796267,3.0,0.0,3.0,3429.002683772688,6.0,3730.506155,0.0,7.0,-181.0,0.011256394231975693
1759796272,3.0,0.0,3.0,3429.002683772688,6.0,3730.506155,0.0,7.0,-181.0,0.010997474299235763
1759796277,3.0,0.0,3.0,3429.002683772688,6.0,3140.852626,0.0,7.0,-181.0,0.012519914855992298
1759796282,3.0,0.0,3.0,3429.002683772688,6.0,3140.852626,0.0,7.0,-181.0,0.01251237069381295
1759796287,3.0,0.0,3.0,3195.061112802818,6.0,3140.852626,0.0,7.0,-181.0,0.013403060587726112
1759796292,3.0,0.0,3.0,3195.061112802818,6.0,3140.852626,0.0,7.0,-181.0,0.013582099915652625
1759796297,3.0,0.0,3.0,3195.061112802818,6.0,3140.852626,0.0,7.0,-181.0,0.013069028412323349
1759796302,3.0,0.0,3.0,3195.061112802818,6.0,3140.852626,0.0,7.0,-181.0,0.011017368642513587
1759796307,3.0,0.0,3.0,3195.061112802818,6.0,3157.667942,0.0,7.0,-181.0,0.011766088872216567
1759796312,3.0,0.0,3.0,3195.061112802818,6.0,3157.667942,0.0,7.0,-181.0,0.013456867469544033
1759796317,3.0,0.0,3.0,3423.3687852308485,6.0,3157.667942,0.0,7.0,-181.0,0.017929585178612283
1759796322,3.0,0.0,3.0,3423.3687852308485,6.0,3157.667942,0.0,7.0,-181.0,0.01846860107746876
1759796322,3.0,0.0,3.0,3423.3687852308485,6.0,3157.667942,0.0,7.0,-181.0,0.01846860107746876
1759796327,3.0,0.0,3.0,3423.3687852308485,6.0,3157.667942,0.0,7.0,-181.0,0.01832924901318958
1759796332,3.0,0.0,3.0,3423.3687852308485,6.0,3157.667942,0.0,7.0,-181.0,0.03375946801956429
1759796337,3.0,0.0,3.0,3423.3687852308485,6.0,3922.920174,0.0,7.0,-181.0,0.04841849623508193
1759796342,3.0,0.0,3.0,3423.3687852308485,6.0,3922.920174,0.0,7.0,-181.0,0.048310165197462306
1759796347,3.0,0.0,3.0,3540.1037995768284,6.0,3922.920174,0.0,7.0,-181.0,0.04557840650590674
1759796352,3.0,0.0,3.0,3540.1037995768284,6.0,3922.920174,0.0,7.0,-181.0,0.04746475240131343
1759796357,3.0,0.0,3.0,3540.1037995768284,6.0,3922.920174,0.0,7.0,-181.0,0.05768104010635491
1759796362,3.0,0.0,3.0,3540.1037995768284,6.0,3922.920174,0.0,7.0,-181.0,0.06818091417269881
1759796367,1.0,2.0,1.0,3540.1037995768284,1.0,0.0,0.0,7.0,-181.0,0.08598904036042587
1759796372,1.0,2.0,1.0,3540.1037995768284,1.0,0.0,0.0,7.0,-181.0,0.09284314005409301
1759796377,1.0,2.0,1.0,3540.1037995768284,1.0,0.0,0.0,7.0,-181.0,0.08147635105438071
1759796382,1.0,2.0,1.0,3540.1037995768284,1.0,0.0,0.0,7.0,-181.0,0.08769418988590803
1759796382,1.0,2.0,1.0,1.0,0.0,0.0,7.0,-181.0,0.08128543950854489
1759796387,1.0,2.0,1.0,1.0,0.0,0.0,7.0,-181.0,0.08128543950854489
1759796392,1.0,2.0,1.0,1.0,0.0,0.0,7.0,-181.0,0.08854990172485094
1759796397,0.0,2.0,1.0,0.0,0.0,0.0,7.0,-201.0,0.07358733967378062
1759796402,0.0,2.0,1.0,0.0,0.0,0.0,7.0,-201.0,0.07181970500434554
1759796407,0.0,2.0,1.0,0.0,0.0,0.0,7.0,-201.0,0.06664003007631542
1759796412,0.0,2.0,1.0,0.0,0.0,0.0,7.0,-201.0,0.03978382648853498
1759796417,0.0,2.0,1.0,0.0,0.0,0.0,7.0,-201.0,0.08406039796769932
1759796422,0.0,2.0,1.0,0.0,0.0,0.0,7.0,-201.0,0.1261367888562078
1759796427,3.0,0.0,3.0,6.0,493.396838,0.0,7.0,-181.0,0.14742110038823888
1759796432,3.0,0.0,3.0,6.0,493.396838,0.0,7.0,-181.0,0.18632554957483752
1759796437,3.0,0.0,3.0,6.0,493.396838,0.0,7.0,-181.0,0.2357902430325829
1759796442,3.0,0.0,3.0,6.0,493.396838,0.0,7.0,-181.0,0.26488325315266203
1759796442,3.0,0.0,3.0,6.0,493.396838,0.0,7.0,-181.0,0.26488325315266203
1759796447,3.0,0.0,3.0,6.0,493.396838,0.0,7.0,-181.0,0.33297779588170756
1759796452,3.0,0.0,3.0,6.0,493.396838,0.0,7.0,-181.0,0.360403098669735
1759796457,3.0,0.0,3.0,4.0,27.128005,0.0,7.0,-181.0,0.40743192815518103
1759796462,3.0,0.0,3.0,4.0,27.128005,0.0,7.0,-181.0,0.4302433449836939
1759796467,3.0,0.0,3.0,4.0,27.128005,0.0,7.0,-181.0,0.45620446811299464
1759796472,3.0,0.0,3.0,4.0,27.128005,0.0,7.0,-181.0,0.47161768196663156
1759796477,3.0,0.0,3.0,4.0,27.128005,0.0,7.0,-181.0,0.4801673941601665
1759796482,3.0,0.0,3.0,4.0,27.128005,0.0,7.0,-181.0,0.48460682773210545
1759796487,3.0,0.0,3.0,3.0,11.384711,0.0,7.0,-181.0,0.49114400568027794
1759796492,3.0,0.0,3.0,3.0,11.384711,0.0,7.0,-181.0,0.49665218853546245
1759796497,3.0,0.0,3.0,3.0,11.384711,0.0,7.0,-181.0,0.5070475006904019
1759796502,3.0,0.0,3.0,3.0,11.384711,0.0,7.0,-181.0,0.5070475006904019
1759796502,3.0,0.0,3.0,3.0,11.384711,0.0,7.0,-181.0,0.5070475006904019
1759796507,3.0,0.0,3.0,3.0,11.384711,0.0,7.0,-181.0,0.46773974114203987
1759796512,3.0,0.0,3.0,3.0,11.384711,0.0,7.0,-181.0,0.4741126552397469
1759796517,3.0,0.0,3.0,3.0,12.815967,0.0,7.0,-181.0,0.49658258349514905
1759796522,3.0,0.0,3.0,3.0,12.815967,0.0,7.0,-181.0,0.4666548847645441
1759796527,3.0,0.0,3.0,3.0,12.815967,0.0,7.0,-181.0,0.45234957583639085
1759796532,3.0,0.0,3.0,3.0,12.815967,0.0,7.0,-181.0,0.40781279933945347
1759796537,3.0,0.0,3.0,3.0,12.815967,0.0,7.0,-181.0,0.48085754432926764
1759796542,3.0,0.0,3.0,3.0,12.815967,0.0,7.0,-181.0,0.4578652510539173
1759796547,3.0,0.0,3.0,3.0,16.343305,0.0,7.0,-181.0,0.45392799219196267
1759796552,3.0,0.0,3.0,3.0,16.343305,0.0,7.0,-181.0,0.4816645604804559
1759796557,3.0,0.0,3.0,3.0,16.343305,0.0,7.0,-181.0,0.4816645604804559
1759796562,3.0,0.0,3.0,3.0,16.343305,0.0,7.0,-181.0,0.4228718257964076
1759796562,3.0,0.0,3.0,,3.0,16.343305,0.0,7.0,-181.0,0.48065001778414884
1759796567,3.0,0.0,3.0,,3.0,16.343305,0.0,7.0,-181.0,0.465669332369642
1759796572,3.0,0.0,3.0,,3.0,16.343305,0.0,7.0,-181.0,0.46715663330704027
1759796577,3.0,0.0,3.0,,6.0,1129.921334,2161.527913,7.0,-2343.0,0.4497118260598791
1759796582,3.0,0.0,3.0,,6.0,1129.921334,2161.527913,7.0,-2343.0,0.4418350543974811
1759796587,3.0,0.0,3.0,3968.2894038057752,6.0,1129.921334,2161.527913,7.0,-2343.0,0.4381397741343649
1759796592,3.0,0.0,3.0,3968.2894038057752,6.0,1129.921334,2161.527913,7.0,-2343.0,0.39652138084373956
1759796597,3.0,0.0,3.0,3968.2894038057752,6.0,1129.921334,2161.527913,7.0,-2343.0,0.3507046005842121
1759796602,3.0,0.0,3.0,3968.2894038057752,6.0,1129.921334,2161.527913,7.0,-2343.0,0.3197974790812557
1759796607,3.0,0.0,3.0,3968.2894038057752,6.0,4890.126622,4921.210426,7.0,-5103.0,0.25973397629285094
1759796612,3.0,0.0,3.0,3968.2894038057752,6.0,4890.126622,4921.210426,7.0,-5103.0,0.22573381129903564
1759796617,3.0,0.0,3.0,3968.2894038057752,6.0,4890.126622,4921.210426,7.0,-5103.0,0.22573381129903564
1759796622,3.0,0.0,3.0,3968.2894038057752,6.0,4890.126622,4921.210426,7.0,-5103.0,0.1478685712467535
1759796622,3.0,0.0,3.0,6.0,4890.126622,4921.210426,7.0,-5103.0,0.14294669352325817
1759796627,3.0,0.0,3.0,6.0,4890.126622,4921.210426,7.0,-5103.0,0.09510256973666269
1759796632,3.0,0.0,3.0,6.0,4890.126622,4921.210426,7.0,-5103.0,0.08800184655724846
1759796637,3.0,0.0,3.0,6.0,61.441791,0.0,7.0,-181.0,0.06943951219702518
1759796642,3.0,0.0,3.0,6.0,61.441791,0.0,7.0,-181.0,0.05368600821872524
1759796647,3.0,0.0,3.0,6.0,61.441791,0.0,7.0,-181.0,0.05463935599478249
1759796652,3.0,0.0,3.0,6.0,61.441791,0.0,7.0,-181.0,0.07506510066102715
1759796657,3.0,0.0,3.0,6.0,61.441791,0.0,7.0,-181.0,0.12137454459884095
1759796662,3.0,0.0,3.0,6.0,61.441791,0.0,7.0,-181.0,0.17962751126822324
1759796667,3.0,0.0,3.0,6.0,71.006404,0.0,7.0,-181.0,0.26064461025910324
1759796672,3.0,0.0,3.0,6.0,71.006404,0.0,7.0,-181.0,0.29063895708972987
1759796677,3.0,0.0,3.0,6.0,71.006404,0.0,7.0,-181.0,0.3302832852688172
1759796682,3.0,0.0,3.0,6.0,71.006404,0.0,7.0,-181.0,0.34454981332664697
1759796682,3.0,0.0,3.0,6.0,71.006404,0.0,7.0,-181.0,0.3707244323098699
1759796687,3.0,0.0,3.0,6.0,71.006404,0.0,7.0,-181.0,0.4406230010648424
1759796692,3.0,0.0,3.0,6.0,71.006404,0.0,7.0,-181.0,0.46260128935330863
1759796697,3.0,0.0,3.0,6.0,103.745049,0.0,7.0,-181.0,0.4751344272094928
1759796702,3.0,0.0,3.0,6.0,103.745049,0.0,7.0,-181.0,0.45512132179251136
1759796707,3.0,0.0,3.0,6.0,103.745049,0.0,7.0,-181.0,0.47409348094534653
1759796712,3.0,0.0,3.0,6.0,103.745049,0.0,7.0,-181.0,0.47540027062971474
1759796717,3.0,0.0,3.0,6.0,103.745049,0.0,7.0,-181.0,0.45404198238550986
1759796722,3.0,0.0,3.0,6.0,103.745049,0.0,7.0,-181.0,0.48353007740415177
1759796727,3.0,0.0,3.0,6.0,427.421609,0.0,7.0,-181.0,0.48630055226236835
1759796732,3.0,0.0,3.0,6.0,427.421609,0.0,7.0,-181.0,0.480546002552375
1759796737,3.0,0.0,3.0,6.0,427.421609,0.0,7.0,-181.0,0.48823473038263254
1759796742,3.0,0.0,3.0,6.0,427.421609,0.0,7.0,-181.0,0.47480834583375153
1759796742,3.0,0.0,3.0,6.0,427.421609,0.0,7.0,-181.0,0.4844199901716378
1759796747,3.0,0.0,3.0,6.0,427.421609,0.0,7.0,-181.0,0.4965570004046347
1759796752,3.0,0.0,3.0,6.0,427.421609,0.0,7.0,-181.0,0.46799186767632184
1759796757,3.0,0.0,3.0,6.0,294.693386,0.0,7.0,-181.0,0.4573023813740048
1759796762,3.0,0.0,3.0,6.0,294.693386,0.0,7.0,-181.0,0.4725970090816054
1759796767,3.0,0.0,3.0,6.0,294.693386,0.0,7.0,-181.0,0.4719999691881701
1759796772,3.0,0.0,3.0,6.0,294.693386,0.0,7.0,-181.0,0.4834390169883278
1759796777,3.0,0.0,3.0,6.0,294.693386,0.0,7.0,-181.0,0.4833676795168295
1759796782,3.0,0.0,3.0,6.0,294.693386,0.0,7.0,-181.0,0.45900380567626203
1759796787,3.0,0.0,3.0,6.0,407.324947,0.0,7.0,-181.0,0.45441626156881776
1759796792,3.0,0.0,3.0,6.0,407.324947,0.0,7.0,-181.0,0.4649222870425514
1759796797,3.0,0.0,3.0,6.0,407.324947,0.0,7.0,-181.0,0.43929636065273603
1759796802,3.0,0.0,3.0,6.0,407.324947,0.0,7.0,-181.0,0.42569896111371563
1759796802,3.0,0.0,3.0,6.0,407.324947,0.0,7.0,-181.0,0.4644470608121207
1759796807,3.0,0.0,3.0,6.0,407.324947,0.0,7.0,-181.0,0.4955177230321296
1759796812,3.0,0.0,3.0,6.0,407.324947,0.0,7.0,-181.0,0.49981587919834536
1759796817,3.0,0.0,3.0,6.0,714.723094,0.0,7.0,-181.0,0.4991051739994373
1759796822,3.0,0.0,3.0,6.0,714.723094,0.0,7.0,-181.0,0.5073936406964873
1759796827,3.0,0.0,3.0,6.0,714.723094,0.0,7.0,-181.0,0.45846444477175907
1759796832,3.0,0.0,3.0,6.0,714.723094,0.0,7.0,-181.0,0.5089539992867664
1759796837,3.0,0.0,3.0,6.0,714.723094,0.0,7.0,-181.0,0.5036890797971519
1759796842,3.0,0.0,3.0,6.0,714.723094,0.0,7.0,-181.0,0.5028068372785985
1759796847,3.0,0.0,3.0,6.0,306.01753,0.0,7.0,-181.0,0.5013298304788343
1759796852,3.0,0.0,3.0,6.0,306.01753,0.0,7.0,-181.0,0.4919265068629839
1759796857,3.0,0.0,3.0,6.0,306.01753,0.0,7.0,-181.0,0.46221343896042755
1759796862,3.0,0.0,3.0,6.0,306.01753,0.0,7.0,-181.0,0.3786340733944533
1759796862,3.0,0.0,3.0,6.0,306.01753,0.0,7.0,-181.0,0.4621687659577154
1759796867,3.0,0.0,3.0,6.0,306.01753,0.0,7.0,-181.0,0.4992029145867498
1759796872,3.0,0.0,3.0,6.0,306.01753,0.0,7.0,-181.0,0.5075757024725898
1759796877,3.0,0.0,3.0,6.0,485.943888,0.0,7.0,-181.0,0.4791708257033471
1759796882,3.0,0.0,3.0,6.0,485.943888,0.0,7.0,-181.0,0.5091149936876744
1759796887,3.0,0.0,3.0,6.0,485.943888,0.0,7.0,-181.0,0.5102555662474823
1759796892,3.0,0.0,3.0,6.0,485.943888,0.0,7.0,-181.0,0.5107271886532241
1759796897,3.0,0.0,3.0,6.0,485.943888,0.0,7.0,-181.0,0.5083670572663634
1759796902,3.0,0.0,3.0,6.0,485.943888,0.0,7.0,-181.0,0.4732225364385093
1759796907,3.0,0.0,3.0,6.0,630.971925,0.0,7.0,-181.0,0.469341057033423
1759796912,3.0,0.0,3.0,6.0,630.971925,0.0,7.0,-181.0,0.504108825416832
1759796917,3.0,0.0,3.0,6.0,630.971925,0.0,7.0,-181.0,0.4842377423545344
1759796922,3.0,0.0,3.0,6.0,630.971925,0.0,7.0,-181.0,0.4432468720481525
1759796922,3.0,0.0,3.0,,6.0,630.971925,0.0,7.0,-181.0,0.470564733961676
1759796927,3.0,0.0,3.0,,6.0,630.971925,0.0,7.0,-181.0,0.4982728643554781
1759796932,3.0,0.0,3.0,,6.0,630.971925,0.0,7.0,-181.0,0.5017151654509242
1759796937,3.0,0.0,3.0,,3.0,16.254266,0.0,7.0,-181.0,0.5123014791578989
1759796942,3.0,0.0,3.0,,3.0,16.254266,0.0,7.0,-181.0,0.4936527979134366
1759796947,3.0,0.0,3.0,698.627332129357,3.0,16.254266,0.0,7.0,-181.0,0.517258494065332
1759796952,3.0,0.0,3.0,698.627332129357,3.0,16.254266,0.0,7.0,-181.0,0.4826053737039706
1759796957,3.0,0.0,3.0,698.627332129357,3.0,16.254266,0.0,7.0,-181.0,0.4826053737039706
1759796962,3.0,0.0,3.0,698.627332129357,3.0,16.254266,0.0,7.0,-181.0,0.46684095632915007
1759796967,3.0,0.0,3.0,698.627332129357,6.0,2316.168872,3019.448821,7.0,-3201.0,0.434701829963711
1759796972,3.0,0.0,3.0,698.627332129357,6.0,2316.168872,3019.448821,7.0,-3201.0,0.43024492593014896
1759796977,3.0,0.0,3.0,1782.003195906846,6.0,2316.168872,3019.448821,7.0,-3201.0,0.4201839171220778
1759796982,3.0,0.0,3.0,1782.003195906846,6.0,2316.168872,3019.448821,7.0,-3201.0,0.35712434406220317
1759796982,3.0,0.0,3.0,1782.003195906846,6.0,2316.168872,3019.448821,7.0,-3201.0,0.37388285491036755
1759796987,3.0,0.0,3.0,1782.003195906846,6.0,2316.168872,3019.448821,7.0,-3201.0,0.336913882846245
1759796992,3.0,0.0,3.0,1782.003195906846,6.0,2316.168872,3019.448821,7.0,-3201.0,0.29809321953966955
1759796997,0.0,2.0,1.0,1782.003195906846,0.0,0.0,0.0,7.0,-201.0,0.2679197327710246
1759797002,0.0,2.0,1.0,1782.003195906846,0.0,0.0,0.0,7.0,-201.0,0.24802231543388648
1759797007,0.0,2.0,1.0,,0.0,0.0,0.0,7.0,-201.0,0.2063675777371461
1759797012,0.0,2.0,1.0,,0.0,0.0,0.0,7.0,-201.0,0.16045715604374491
1759797017,0.0,2.0,1.0,,0.0,0.0,0.0,7.0,-201.0,0.16194581127273833
1759797022,0.0,2.0,1.0,,0.0,0.0,0.0,7.0,-201.0,0.20152145602316363
1759797027,3.0,0.0,3.0,,5.0,34.296913,0.0,7.0,-181.0,0.1937071278261713
1759797032,3.0,0.0,3.0,,5.0,34.296913,0.0,7.0,-181.0,0.21017323121593554
1759797037,3.0,0.0,3.0,,5.0,34.296913,0.0,7.0,-181.0,0.2229076644562778
1759797042,3.0,0.0,3.0,,5.0,34.296913,0.0,7.0,-181.0,0.22152099798105507
1759797042,3.0,0.0,3.0,5.0,34.296913,0.0,7.0,-181.0,0.2617783697249651
1759797047,3.0,0.0,3.0,5.0,34.296913,0.0,7.0,-181.0,0.2999692596542725
1759797052,3.0,0.0,3.0,5.0,34.296913,0.0,7.0,-181.0,0.34194173874098266
1759797057,3.0,0.0,3.0,6.0,373.837487,0.0,7.0,-181.0,0.3636604317989405
1759797062,3.0,0.0,3.0,6.0,373.837487,0.0,7.0,-181.0,0.39167832819245574
1759797067,3.0,0.0,3.0,6.0,373.837487,0.0,7.0,-181.0,0.42029924189250567
1759797072,3.0,0.0,3.0,6.0,373.837487,0.0,7.0,-181.0,0.416715825309694
1759797077,3.0,0.0,3.0,6.0,373.837487,0.0,7.0,-181.0,0.41731076165670355
1759797082,3.0,0.0,3.0,6.0,373.837487,0.0,7.0,-181.0,0.4257899915580804
1759797087,3.0,0.0,3.0,5.0,28.500419,0.0,7.0,-181.0,0.4062847727582193
1759797092,3.0,0.0,3.0,5.0,28.500419,0.0,7.0,-181.0,0.43547824599252916
1759797097,3.0,0.0,3.0,5.0,28.500419,0.0,7.0,-181.0,0.4377419503472817
1759797102,3.0,0.0,3.0,5.0,28.500419,0.0,7.0,-181.0,0.43893917807354954
1759797102,3.0,0.0,3.0,5.0,28.500419,0.0,7.0,-181.0,0.43893917807354954
1759797107,3.0,0.0,3.0,5.0,28.500419,0.0,7.0,-181.0,0.42783488721344765
1759797112,3.0,0.0,3.0,5.0,28.500419,0.0,7.0,-181.0,0.4457016073640057
1759797117,3.0,0.0,3.0,3.0,13.67172,0.0,7.0,-181.0,0.47681711542942884
1759797122,3.0,0.0,3.0,3.0,13.67172,0.0,7.0,-181.0,0.47743926663333647
1759797127,3.0,0.0,3.0,3.0,13.67172,0.0,7.0,-181.0,0.45909517456116333
1759797132,3.0,0.0,3.0,3.0,13.67172,0.0,7.0,-181.0,0.459250060579103
1759797137,3.0,0.0,3.0,3.0,13.67172,0.0,7.0,-181.0,0.4560869806977088
1759797142,3.0,0.0,3.0,3.0,13.67172,0.0,7.0,-181.0,0.431125297670072
1759797147,3.0,0.0,3.0,6.0,300.343934,0.0,7.0,-181.0,0.4659623090118694
1759797152,3.0,0.0,3.0,6.0,300.343934,0.0,7.0,-181.0,0.4222834102236488
1759797157,3.0,0.0,3.0,6.0,300.343934,0.0,7.0,-181.0,0.4220957972302193
1759797162,3.0,0.0,3.0,6.0,300.343934,0.0,7.0,-181.0,0.4220957972302193
1759797162,3.0,0.0,3.0,6.0,300.343934,0.0,7.0,-181.0,0.4220957972302193
1759797167,3.0,0.0,3.0,6.0,300.343934,0.0,7.0,-181.0,0.40781348453982574
1759797172,3.0,0.0,3.0,6.0,300.343934,0.0,7.0,-181.0,0.4403325753550035
1759797177,3.0,0.0,3.0,6.0,416.790717,0.0,7.0,-181.0,0.4403325753550035
1759797182,3.0,0.0,3.0,6.0,416.790717,0.0,7.0,-181.0,0.42887149119784407
1759797187,3.0,0.0,3.0,6.0,416.790717,0.0,7.0,-181.0,0.3660961749905084
1759797192,3.0,0.0,3.0,6.0,416.790717,0.0,7.0,-181.0,0.4216464159314208
1759797197,3.0,0.0,3.0,6.0,416.790717,0.0,7.0,-181.0,0.4448510560748913
1759797202,3.0,0.0,3.0,6.0,416.790717,0.0,7.0,-181.0,0.45697738981463487
1759797207,3.0,0.0,3.0,6.0,522.741962,0.0,7.0,-181.0,0.45752810947565564
1759797212,3.0,0.0,3.0,6.0,522.741962,0.0,7.0,-181.0,0.45685583371827976
1759797217,3.0,0.0,3.0,6.0,522.741962,0.0,7.0,-181.0,0.46697920975230633
1759797222,3.0,0.0,3.0,6.0,522.741962,0.0,7.0,-181.0,0.46697920975230633
1759797222,3.0,0.0,3.0,6.0,522.741962,0.0,7.0,-181.0,0.46697920975230633
1759797227,3.0,0.0,3.0,6.0,522.741962,0.0,7.0,-181.0,0.46697920975230633
1759797232,3.0,0.0,3.0,6.0,522.741962,0.0,7.0,-181.0,0.4215876023069587
1759797237,3.0,0.0,3.0,6.0,58.441276,0.0,7.0,-181.0,0.4430403515423066
1759797242,3.0,0.0,3.0,6.0,58.441276,0.0,7.0,-181.0,0.42360422771755823
1759797247,3.0,0.0,3.0,6.0,58.441276,0.0,7.0,-181.0,0.4123978824582541
1759797252,3.0,0.0,3.0,6.0,58.441276,0.0,7.0,-181.0,0.45678364067525584
1759797257,3.0,0.0,3.0,6.0,58.441276,0.0,7.0,-181.0,0.45335934651357196
1759797262,3.0,0.0,3.0,6.0,58.441276,0.0,7.0,-181.0,0.45856941478264435
1759797267,3.0,0.0,3.0,6.0,421.642889,0.0,7.0,-181.0,0.44745583170427156
1759797272,3.0,0.0,3.0,6.0,421.642889,0.0,7.0,-181.0,0.4428733009581781
1759797277,3.0,0.0,3.0,6.0,421.642889,0.0,7.0,-181.0,0.4535001656199805
1759797282,3.0,0.0,3.0,6.0,421.642889,0.0,7.0,-181.0,0.4535001656199805
1759797282,3.0,0.0,3.0,,6.0,421.642889,0.0,7.0,-181.0,0.4386521111341186
1759797287,3.0,0.0,3.0,,6.0,421.642889,0.0,7.0,-181.0,0.4386521111341186
1759797292,3.0,0.0,3.0,,6.0,421.642889,0.0,7.0,-181.0,0.3920276559202198
1759797297,3.0,0.0,3.0,,6.0,855.749732,0.0,7.0,-181.0,0.4143667156543954
1759797302,3.0,0.0,3.0,,6.0,855.749732,0.0,7.0,-181.0,0.4220520109728361
1759797307,3.0,0.0,3.0,363.73777516936804,6.0,855.749732,0.0,7.0,-181.0,0.42257704300500387
1759797312,3.0,0.0,3.0,363.73777516936804,6.0,855.749732,0.0,7.0,-181.0,0.4182187248553851
1759797317,3.0,0.0,3.0,363.73777516936804,6.0,855.749732,0.0,7.0,-181.0,0.3924765296748223
1759797322,3.0,0.0,3.0,363.73777516936804,6.0,855.749732,0.0,7.0,-181.0,0.3775820894396802
1759797327,3.0,0.0,3.0,363.73777516936804,6.0,1516.841847,2369.729493,7.0,-2551.0,0.38596900721845795
1759797332,3.0,0.0,3.0,363.73777516936804,6.0,1516.841847,2369.729493,7.0,-2551.0,0.3573230803353725
1759797337,3.0,0.0,3.0,395.322235503311,6.0,1516.841847,2369.729493,7.0,-2551.0,0.3439867736845616
1759797342,3.0,0.0,3.0,395.322235503311,6.0,1516.841847,2369.729493,7.0,-2551.0,0.29222480735260387
1759797342,3.0,0.0,3.0,395.322235503311,6.0,1516.841847,2369.729493,7.0,-2551.0,0.2886624666657561
1759797347,3.0,0.0,3.0,395.322235503311,6.0,1516.841847,2369.729493,7.0,-2551.0,0.29952075267820755
1759797352,3.0,0.0,3.0,395.322235503311,6.0,1516.841847,2369.729493,7.0,-2551.0,0.2553025850831918
1759797357,3.0,2.0,1.0,395.322235503311,3.0,80.845924,0.0,7.0,-201.0,0.2553025850831918
1759797362,3.0,2.0,1.0,395.322235503311,3.0,80.845924,0.0,7.0,-201.0,0.20154280734831126
1759797367,3.0,2.0,1.0,,3.0,80.845924,0.0,7.0,-201.0,0.23104718084262169
1759797372,3.0,2.0,1.0,,3.0,80.845924,0.0,7.0,-201.0,0.24114660362236898
1759797377,3.0,2.0,1.0,,3.0,80.845924,0.0,7.0,-201.0,0.2536883787703164
1759797382,3.0,2.0,1.0,,3.0,80.845924,0.0,7.0,-201.0,0.2681783079511263
1759797387,3.0,0.0,3.0,,6.0,351.574589,0.0,7.0,-181.0,0.31617282182614215
1759797392,3.0,0.0,3.0,,6.0,351.574589,0.0,7.0,-181.0,0.2986423701048451
1759797397,3.0,0.0,3.0,,6.0,351.574589,0.0,7.0,-181.0,0.32596006624331575
1759797402,3.0,0.0,3.0,,6.0,351.574589,0.0,7.0,-181.0,0.37233340683298827
1759797402,3.0,0.0,3.0,6.0,351.574589,0.0,7.0,-181.0,0.37233340683298827
1759797407,3.0,0.0,3.0,6.0,351.574589,0.0,7.0,-181.0,0.3978942629988723
1759797412,3.0,0.0,3.0,6.0,351.574589,0.0,7.0,-181.0,0.41262022361751877
1759797417,3.0,0.0,3.0,6.0,718.813245,0.0,7.0,-181.0,0.43158996784636927
1759797422,3.0,0.0,3.0,6.0,718.813245,0.0,7.0,-181.0,0.3896232101637046
1759797427,3.0,0.0,3.0,6.0,718.813245,0.0,7.0,-181.0,0.41469710626594547
1759797432,3.0,0.0,3.0,6.0,718.813245,0.0,7.0,-181.0,0.4387305938527444
1759797437,3.0,0.0,3.0,6.0,718.813245,0.0,7.0,-181.0,0.4352996173847022
1759797442,3.0,0.0,3.0,6.0,718.813245,0.0,7.0,-181.0,0.42899222510206525
1759797447,3.0,0.0,3.0,6.0,903.892847,0.0,7.0,-181.0,0.43059881414617274
1759797452,3.0,0.0,3.0,6.0,903.892847,0.0,7.0,-181.0,0.3928647776210605
1759797457,3.0,0.0,3.0,6.0,903.892847,0.0,7.0,-181.0,0.438077486040477
1759797462,3.0,0.0,3.0,6.0,903.892847,0.0,7.0,-181.0,0.438077486040477
1759797462,3.0,0.0,3.0,6.0,903.892847,0.0,7.0,-181.0,0.438077486040477
1759797467,3.0,0.0,3.0,6.0,903.892847,0.0,7.0,-181.0,0.4052027120782293
1759797472,3.0,0.0,3.0,6.0,903.892847,0.0,7.0,-181.0,0.41794173527175466
1759797477,3.0,0.0,3.0,6.0,487.318898,0.0,7.0,-181.0,0.43290846575739483
1759797482,3.0,0.0,3.0,6.0,487.318898,0.0,7.0,-181.0,0.41108100541307896
1759797487,3.0,0.0,3.0,6.0,487.318898,0.0,7.0,-181.0,0.44689182236030267
1759797492,3.0,0.0,3.0,6.0,487.318898,0.0,7.0,-181.0,0.44689182236030267
1759797497,3.0,0.0,3.0,6.0,487.318898,0.0,7.0,-181.0,0.4201779998718783
1759797502,3.0,0.0,3.0,6.0,487.318898,0.0,7.0,-181.0,0.45634194887037693
1759797507,3.0,0.0,3.0,6.0,298.669376,0.0,7.0,-181.0,0.45634194887037693
1759797512,3.0,0.0,3.0,6.0,298.669376,0.0,7.0,-181.0,0.43451564458725817
1759797517,3.0,0.0,3.0,6.0,298.669376,0.0,7.0,-181.0,0.47894452301865376
1759797522,3.0,0.0,3.0,6.0,298.669376,0.0,7.0,-181.0,0.47894452301865376
1759797522,3.0,0.0,3.0,6.0,298.669376,0.0,7.0,-181.0,0.47589956091212104
1759797527,3.0,0.0,3.0,6.0,298.669376,0.0,7.0,-181.0,0.4643005643646426
1759797532,3.0,0.0,3.0,6.0,298.669376,0.0,7.0,-181.0,0.4643446369517682
1759797537,3.0,0.0,3.0,6.0,61.089169,0.0,7.0,-181.0,0.4540045533604233
1759797542,3.0,0.0,3.0,6.0,61.089169,0.0,7.0,-181.0,0.4741753929163298
1759797547,3.0,0.0,3.0,6.0,61.089169,0.0,7.0,-181.0,0.4669986877201985
1759797552,3.0,0.0,3.0,6.0,61.089169,0.0,7.0,-181.0,0.4840896757072581
1759797557,3.0,0.0,3.0,6.0,61.089169,0.0,7.0,-181.0,0.4595352953121456
1759797562,3.0,0.0,3.0,6.0,61.089169,0.0,7.0,-181.0,0.4567480598803897
1759797567,3.0,0.0,3.0,6.0,405.015526,0.0,7.0,-181.0,0.45702465428951644
1759797572,3.0,0.0,3.0,6.0,405.015526,0.0,7.0,-181.0,0.4588457012778741
1759797577,3.0,0.0,3.0,6.0,405.015526,0.0,7.0,-181.0,0.43487202689426274
1759797582,3.0,0.0,3.0,6.0,405.015526,0.0,7.0,-181.0,0.3738450368091909
1759797582,3.0,0.0,3.0,6.0,405.015526,0.0,7.0,-181.0,0.4445412007849613
1759797587,3.0,0.0,3.0,6.0,405.015526,0.0,7.0,-181.0,0.47245727415425476
1759797592,3.0,0.0,3.0,6.0,405.015526,0.0,7.0,-181.0,0.47245727415425476
1759797597,3.0,0.0,3.0,6.0,77.581043,0.0,7.0,-181.0,0.4304406447862385
1759797602,3.0,0.0,3.0,6.0,77.581043,0.0,7.0,-181.0,0.44650866718632154
1759797607,3.0,0.0,3.0,6.0,77.581043,0.0,7.0,-181.0,0.4551589839223526
1759797612,3.0,0.0,3.0,6.0,77.581043,0.0,7.0,-181.0,0.47521940713973104
1759797617,3.0,0.0,3.0,6.0,77.581043,0.0,7.0,-181.0,0.47729869402444325
1759797622,3.0,0.0,3.0,6.0,77.581043,0.0,7.0,-181.0,0.47729869402444325
1759797627,3.0,0.0,3.0,6.0,771.85605,0.0,7.0,-181.0,0.4544230964040435
1759797632,3.0,0.0,3.0,6.0,771.85605,0.0,7.0,-181.0,0.4467798281089759
1759797637,3.0,0.0,3.0,6.0,771.85605,0.0,7.0,-181.0,0.4847976013603873
1759797642,3.0,0.0,3.0,6.0,771.85605,0.0,7.0,-181.0,0.46136837091202876
1759797642,3.0,0.0,3.0,,6.0,771.85605,0.0,7.0,-181.0,0.4588134322966777
1759797647,3.0,0.0,3.0,,6.0,771.85605,0.0,7.0,-181.0,0.48739098384153173
1759797652,3.0,0.0,3.0,,6.0,771.85605,0.0,7.0,-181.0,0.4732464958814673
1759797657,3.0,0.0,3.0,,6.0,596.054867,0.0,7.0,-181.0,0.47127685372497385
1759797662,3.0,0.0,3.0,,6.0,596.054867,0.0,7.0,-181.0,0.44937589199240974
1759797667,3.0,0.0,3.0,588.5662593828448,6.0,596.054867,0.0,7.0,-181.0,0.4453929256773165
1759797672,3.0,0.0,3.0,588.5662593828448,6.0,596.054867,0.0,7.0,-181.0,0.44965992101961494
1759797677,3.0,0.0,3.0,588.5662593828448,6.0,596.054867,0.0,7.0,-181.0,0.3988931338245591
1759797682,3.0,0.0,3.0,588.5662593828448,6.0,596.054867,0.0,7.0,-181.0,0.4090290919919318
1759797687,3.0,0.0,3.0,588.5662593828448,6.0,3904.865116,4271.80779,7.0,-4453.0,0.3929805195258796
1759797692,3.0,0.0,3.0,588.5662593828448,6.0,3904.865116,4271.80779,7.0,-4453.0,0.3494913291806327
1759797697,3.0,0.0,3.0,4759.226777486175,6.0,3904.865116,4271.80779,7.0,-4453.0,0.3231402921507167
1759797702,3.0,0.0,3.0,4759.226777486175,6.0,3904.865116,4271.80779,7.0,-4453.0,0.28648598563816374
1759797702,3.0,0.0,3.0,4759.226777486175,6.0,3904.865116,4271.80779,7.0,-4453.0,0.28648598563816374
1759797707,3.0,0.0,3.0,4759.226777486175,6.0,3904.865116,4271.80779,7.0,-4453.0,0.2649766149355183
1759797712,3.0,0.0,3.0,4759.226777486175,6.0,3904.865116,4271.80779,7.0,-4453.0,0.2498438904498278
1759797717,1.0,2.0,1.0,4759.226777486175,0.0,0.0,0.0,7.0,-201.0,0.2446187513459407
1759797722,1.0,2.0,1.0,4759.226777486175,0.0,0.0,0.0,7.0,-201.0,0.2297040430227672
1759797727,1.0,2.0,1.0,,0.0,0.0,0.0,7.0,-201.0,0.13482186326263246
1759797732,1.0,2.0,1.0,,0.0,0.0,0.0,7.0,-201.0,0.1281828358854768
1759797737,1.0,2.0,1.0,,0.0,0.0,0.0,7.0,-201.0,0.09548922617081018
1759797742,1.0,2.0,1.0,,0.0,0.0,0.0,7.0,-201.0,0.08300042763327209
1759797747,3.0,0.0,3.0,,6.0,805.431337,0.0,7.0,-181.0,0.11113879269761794
1759797752,3.0,0.0,3.0,,6.0,805.431337,0.0,7.0,-181.0,0.08127801323151433
1759797757,3.0,0.0,3.0,,6.0,805.431337,0.0,7.0,-181.0,0.14395981490773405
1759797762,3.0,0.0,3.0,,6.0,805.431337,0.0,7.0,-181.0,0.160344560730663
1759797762,3.0,0.0,3.0,6.0,805.431337,0.0,7.0,-181.0,0.2035043803873269
1759797767,3.0,0.0,3.0,6.0,805.431337,0.0,7.0,-181.0,0.251738084436705
1759797772,3.0,0.0,3.0,6.0,805.431337,0.0,7.0,-181.0,0.2728441705529554
1759797777,3.0,0.0,3.0,6.0,984.989422,0.0,7.0,-181.0,0.3097161326375668
1759797782,3.0,0.0,3.0,6.0,984.989422,0.0,7.0,-181.0,0.3650530324841072
1759797787,3.0,0.0,3.0,6.0,984.989422,0.0,7.0,-181.0,0.38808336351384903
1759797792,3.0,0.0,3.0,6.0,984.989422,0.0,7.0,-181.0,0.40128965554911433
1759797797,3.0,0.0,3.0,6.0,984.989422,0.0,7.0,-181.0,0.3995954259384526
1759797802,3.0,0.0,3.0,6.0,984.989422,0.0,7.0,-181.0,0.4217170214101946
1759797807,3.0,0.0,3.0,4.0,21.366088,0.0,7.0,-181.0,0.4177326242279275
1759797812,3.0,0.0,3.0,4.0,21.366088,0.0,7.0,-181.0,0.4241110655804594
1759797817,3.0,0.0,3.0,4.0,21.366088,0.0,7.0,-181.0,0.40231251875409507
1759797822,3.0,0.0,3.0,4.0,21.366088,0.0,7.0,-181.0,0.4011719630523324
1759797822,3.0,0.0,3.0,4.0,21.366088,0.0,7.0,-181.0,0.4011719630523324
1759797827,3.0,0.0,3.0,4.0,21.366088,0.0,7.0,-181.0,0.41946662323977946
1759797832,3.0,0.0,3.0,4.0,21.366088,0.0,7.0,-181.0,0.40905086631248544
1759797837,3.0,0.0,3.0,6.0,49.315811,0.0,7.0,-181.0,0.394371451897314
1759797842,3.0,0.0,3.0,6.0,49.315811,0.0,7.0,-181.0,0.42182440790182474
1759797847,3.0,0.0,3.0,6.0,49.315811,0.0,7.0,-181.0,0.42348965045551046
1759797852,3.0,0.0,3.0,6.0,49.315811,0.0,7.0,-181.0,0.4198053323752299
1759797857,3.0,0.0,3.0,6.0,49.315811,0.0,7.0,-181.0,0.3896346324761017
1759797862,3.0,0.0,3.0,6.0,49.315811,0.0,7.0,-181.0,0.4157061696563172
1759797867,3.0,0.0,3.0,6.0,399.562971,0.0,7.0,-181.0,0.3704664660389656
1759797872,3.0,0.0,3.0,6.0,399.562971,0.0,7.0,-181.0,0.4117498740659698
1759797877,3.0,0.0,3.0,6.0,399.562971,0.0,7.0,-181.0,0.42741165386838764
1759797882,3.0,0.0,3.0,6.0,399.562971,0.0,7.0,-181.0,0.42741165386838764
