index,srv-geo_autoscaler_requested_pods,srv-geo_autoscaler_terminating_pods,srv-geo_autoscaler_actual_pods,srv-geo_autoscaler_desired_pods,srv-geo_autoscaler_stable_request_concurrency,srv-geo_autoscaler_panic_request_concurrency,srv-geo_autoscaler_target_concurrency_per_pod,srv-geo_autoscaler_excess_burst_capacity,srv-geo_container_cpu_usage_seconds_total
1759427602,3.0,0.0,3.0,3.0,10.379376,0.0,7.0,-181.0,0.671278682310894
1759427607,3.0,0.0,3.0,4.0,21.747786,78.096945,7.0,-260.0,0.7040985867656588
1759427612,3.0,0.0,3.0,4.0,21.747786,78.096945,7.0,-260.0,0.5531912549548039
1759427617,3.0,0.0,3.0,4.0,21.747786,78.096945,7.0,-260.0,0.5350460766819257
1759427622,3.0,0.0,3.0,4.0,21.747786,78.096945,7.0,-260.0,0.561535573679957
1759427627,3.0,0.0,3.0,4.0,21.747786,78.096945,7.0,-260.0,0.4459877958010874
1759427632,3.0,0.0,3.0,4.0,21.747786,78.096945,7.0,-260.0,0.4005241532345968
1759427637,3.0,0.0,3.0,1.0,0.0,0.0,7.0,-181.0,0.22988159698661076
1759427642,3.0,0.0,3.0,1.0,0.0,0.0,7.0,-181.0,0.19783790851539576
1759427647,3.0,0.0,3.0,1.0,0.0,0.0,7.0,-181.0,0.1281180086886201
1759427652,3.0,0.0,3.0,1.0,0.0,0.0,7.0,-181.0,0.10658168240209281
1759427657,3.0,0.0,3.0,1.0,0.0,0.0,7.0,-181.0,0.07392981782093125
1759427662,3.0,0.0,3.0,1.0,0.0,0.0,7.0,-181.0,0.05295408719078161
1759427662,,,,,,,,,0.011443616666666667
1759427667,3.0,0.0,2.0,3.0,4.65825,6.504417,35.0,-118.0,0.011443616666666667
1759427672,3.0,0.0,2.0,3.0,4.65825,6.504417,35.0,-118.0,0.06603723683185092
1759427677,3.0,0.0,2.0,3.0,4.65825,6.504417,35.0,-118.0,0.13175154533170622
1759427682,3.0,0.0,2.0,3.0,4.65825,6.504417,35.0,-118.0,0.15989588723051731
1759427687,3.0,0.0,2.0,3.0,4.65825,6.504417,35.0,-118.0,0.17783048429837292
1759427692,3.0,0.0,2.0,3.0,4.65825,6.504417,35.0,-118.0,0.22247082634661086
1759427697,3.0,0.0,3.0,3.0,3.83595,5.005314,35.0,-67.0,0.29125098594941695
1759427702,3.0,0.0,3.0,3.0,3.83595,5.005314,35.0,-67.0,0.312094075515163
1759427707,3.0,0.0,3.0,3.0,3.83595,5.005314,35.0,-67.0,0.340728417002408
1759427712,3.0,0.0,3.0,3.0,3.83595,5.005314,35.0,-67.0,0.3760553579356296
1759427717,3.0,0.0,3.0,3.0,3.83595,5.005314,35.0,-67.0,0.38004391470206905
1759427722,3.0,0.0,3.0,3.0,3.83595,5.005314,35.0,-67.0,0.3601514791822211
1759427722,3.0,0.0,3.0,3.0,3.83595,5.005314,35.0,-67.0,0.3876813492441875
1759427727,3.0,0.0,3.0,3.0,2.174488,1.575042,35.0,-63.0,0.38321806785024576
1759427732,3.0,0.0,3.0,3.0,2.174488,1.575042,35.0,-63.0,0.38504292651641964
1759427737,3.0,0.0,3.0,3.0,2.174488,1.575042,35.0,-63.0,0.35767751605291853
1759427742,3.0,0.0,3.0,3.0,2.174488,1.575042,35.0,-63.0,0.37443061961457413
1759427747,3.0,0.0,3.0,3.0,2.174488,1.575042,35.0,-63.0,0.36645971723910575
1759427752,3.0,0.0,3.0,3.0,2.174488,1.575042,35.0,-63.0,0.3573417296197197
1759427757,3.0,0.0,3.0,3.0,2.515368,2.644817,35.0,-64.0,0.3468072177130779
1759427762,3.0,0.0,3.0,3.0,2.515368,2.644817,35.0,-64.0,0.32790929711897804
1759427767,3.0,0.0,3.0,3.0,2.515368,2.644817,35.0,-64.0,0.3426837276542221
1759427772,3.0,0.0,3.0,3.0,2.515368,2.644817,35.0,-64.0,0.3589390047624992
1759427777,3.0,0.0,3.0,3.0,2.515368,2.644817,35.0,-64.0,0.35330800308635235
1759427782,3.0,0.0,3.0,3.0,2.515368,2.644817,35.0,-64.0,0.32441975720397537
1759427782,3.0,0.0,3.0,3.0,2.515368,2.644817,35.0,-64.0,0.3415221796331018
1759427787,3.0,0.0,3.0,3.0,4.316221,1.710028,35.0,-63.0,0.32455308800939836
1759427792,3.0,0.0,3.0,3.0,4.316221,1.710028,35.0,-63.0,0.32057610610735554
1759427797,3.0,0.0,3.0,3.0,4.316221,1.710028,35.0,-63.0,0.31793676014370464
1759427802,3.0,0.0,3.0,3.0,4.316221,1.710028,35.0,-63.0,0.32877627601084186
1759427807,3.0,0.0,3.0,3.0,4.316221,1.710028,35.0,-63.0,0.33652018591495847
1759427812,3.0,0.0,3.0,3.0,4.316221,1.710028,35.0,-63.0,0.31541975644300185
1759427817,3.0,0.0,3.0,3.0,2.957978,1.084789,35.0,-63.0,0.2978825206685972
1759427822,3.0,0.0,3.0,3.0,2.957978,1.084789,35.0,-63.0,0.2942893804044275
1759427827,3.0,0.0,3.0,3.0,2.957978,1.084789,35.0,-63.0,0.2939133474078409
1759427832,3.0,0.0,3.0,3.0,2.957978,1.084789,35.0,-63.0,0.2631409654322462
1759427837,3.0,0.0,3.0,3.0,2.957978,1.084789,35.0,-63.0,0.28747781209903833
1759427842,3.0,0.0,3.0,3.0,2.957978,1.084789,35.0,-63.0,0.2815988923808479
1759427842,3.0,0.0,3.0,3.0,2.957978,1.084789,35.0,-63.0,0.3096809103591575
1759427847,3.0,0.0,3.0,3.0,2.520264,1.584205,35.0,-63.0,0.2745733618436107
1759427852,3.0,0.0,3.0,3.0,2.520264,1.584205,35.0,-63.0,0.3050202681013027
1759427857,3.0,0.0,3.0,3.0,2.520264,1.584205,35.0,-63.0,0.3063924277484461
1759427862,3.0,0.0,3.0,3.0,2.520264,1.584205,35.0,-63.0,0.33290686958912236
1759427867,3.0,0.0,3.0,3.0,2.520264,1.584205,35.0,-63.0,0.31873227784710106
1759427872,3.0,0.0,3.0,3.0,2.520264,1.584205,35.0,-63.0,0.32758095579039015
1759427877,3.0,0.0,3.0,3.0,4.546033,1.97826,35.0,-63.0,0.3261637482427246
1759427882,3.0,0.0,3.0,3.0,4.546033,1.97826,35.0,-63.0,0.30705201467618015
1759427887,3.0,0.0,3.0,3.0,4.546033,1.97826,35.0,-63.0,0.33629192248569695
1759427892,3.0,0.0,3.0,3.0,4.546033,1.97826,35.0,-63.0,0.3239330933732384
1759427897,3.0,0.0,3.0,3.0,4.546033,1.97826,35.0,-63.0,0.3411669706997442
1759427902,3.0,0.0,3.0,3.0,4.546033,1.97826,35.0,-63.0,0.29718236307597296
1759427902,3.0,0.0,3.0,3.0,4.546033,1.97826,35.0,-63.0,0.31820304639012986
1759427907,3.0,0.0,3.0,3.0,1.469864,0.837025,35.0,-62.0,0.33683474936491115
1759427912,3.0,0.0,3.0,3.0,1.469864,0.837025,35.0,-62.0,0.33136237620428827
1759427917,3.0,0.0,3.0,3.0,1.469864,0.837025,35.0,-62.0,0.3159300743879112
1759427922,3.0,0.0,3.0,3.0,1.469864,0.837025,35.0,-62.0,0.31953011773819073
1759427927,3.0,0.0,3.0,3.0,1.469864,0.837025,35.0,-62.0,0.31953011773819073
1759427932,3.0,0.0,3.0,3.0,1.469864,0.837025,35.0,-62.0,0.31406964586707686
1759427937,3.0,0.0,3.0,3.0,1.35412,1.518643,35.0,-63.0,0.3441418965972115
1759427942,3.0,0.0,3.0,3.0,1.35412,1.518643,35.0,-63.0,0.3441418965972115
1759427947,3.0,0.0,3.0,3.0,1.35412,1.518643,35.0,-63.0,0.3087348564815409
1759427952,3.0,0.0,3.0,3.0,1.35412,1.518643,35.0,-63.0,0.3369419263287437
1759427957,3.0,0.0,3.0,3.0,1.35412,1.518643,35.0,-63.0,0.3369419263287437
1759427962,3.0,0.0,3.0,3.0,1.35412,1.518643,35.0,-63.0,0.3439846138375958
1759427962,3.0,0.0,3.0,,3.0,1.35412,1.518643,35.0,-63.0,0.3439846138375958
1759427967,3.0,0.0,3.0,,3.0,14.930297,16.049591,35.0,-78.0,0.3100463970232522
1759427972,3.0,0.0,3.0,,3.0,14.930297,16.049591,35.0,-78.0,0.324846167375762
1759427977,3.0,0.0,3.0,0.006328681887039392,3.0,14.930297,16.049591,35.0,-78.0,0.27854988785192947
1759427982,3.0,0.0,3.0,0.006328681887039392,3.0,14.930297,16.049591,35.0,-78.0,0.25660311452123835
1759427987,3.0,0.0,3.0,0.006328681887039392,3.0,14.930297,16.049591,35.0,-78.0,0.24927537220132687
1759427992,3.0,0.0,3.0,0.006328681887039392,3.0,14.930297,16.049591,35.0,-78.0,0.2291686724558769
1759427997,3.0,0.0,3.0,0.006328681887039392,3.0,9.000961,0.838612,35.0,-62.0,0.21431061156115533
1759428002,3.0,0.0,3.0,0.006328681887039392,3.0,9.000961,0.838612,35.0,-62.0,0.21431061156115533
1759428007,3.0,0.0,3.0,0.21453788641640334,3.0,9.000961,0.838612,35.0,-62.0,0.19479834680372204
1759428012,3.0,0.0,3.0,0.21453788641640334,3.0,9.000961,0.838612,35.0,-62.0,0.15822978048983533
1759428017,3.0,0.0,3.0,0.21453788641640334,3.0,9.000961,0.838612,35.0,-62.0,0.15440593646808792
1759428022,3.0,0.0,3.0,0.21453788641640334,3.0,9.000961,0.838612,35.0,-62.0,0.15440593646808792
1759428022,3.0,0.0,3.0,0.21453788641640334,3.0,9.000961,0.838612,35.0,-62.0,0.15456857162536053
1759428027,3.0,0.0,3.0,0.21453788641640334,3.0,6.533424,2.623451,35.0,-64.0,0.13946054001655372
1759428032,3.0,0.0,3.0,0.21453788641640334,3.0,6.533424,2.623451,35.0,-64.0,0.15084714727319726
1759428037,3.0,0.0,3.0,,3.0,6.533424,2.623451,35.0,-64.0,0.14664352120586827
1759428042,3.0,0.0,3.0,,3.0,6.533424,2.623451,35.0,-64.0,0.24921106086540679
1759428047,3.0,0.0,3.0,,3.0,6.533424,2.623451,35.0,-64.0,0.25778896854633127
1759428052,3.0,0.0,3.0,,3.0,6.533424,2.623451,35.0,-64.0,0.25778896854633127
1759428057,3.0,0.0,3.0,,3.0,3.087226,2.640231,35.0,-64.0,0.3346069816146511
1759428062,3.0,0.0,3.0,,3.0,3.087226,2.640231,35.0,-64.0,0.36322887499687273
1759428067,3.0,0.0,3.0,,3.0,3.087226,2.640231,35.0,-64.0,0.36254774982210647
1759428072,3.0,0.0,3.0,,3.0,3.087226,2.640231,35.0,-64.0,0.38032304104466097
1759428077,3.0,0.0,3.0,,3.0,3.087226,2.640231,35.0,-64.0,0.4260038560149055
1759428082,3.0,0.0,3.0,,3.0,3.087226,2.640231,35.0,-64.0,0.3685983068750908
1759428082,3.0,0.0,3.0,3.0,3.087226,2.640231,35.0,-64.0,0.3946833660445076
1759428087,3.0,0.0,3.0,3.0,1.830143,1.991127,35.0,-63.0,0.398162362912017
1759428092,3.0,0.0,3.0,3.0,1.830143,1.991127,35.0,-63.0,0.36808110802702243
1759428097,3.0,0.0,3.0,3.0,1.830143,1.991127,35.0,-63.0,0.3728177622179284
1759428102,3.0,0.0,3.0,3.0,1.830143,1.991127,35.0,-63.0,0.3684113434161591
1759428107,3.0,0.0,3.0,3.0,1.830143,1.991127,35.0,-63.0,0.36970329064790797
1759428112,3.0,0.0,3.0,3.0,1.830143,1.991127,35.0,-63.0,0.3484044227540917
1759428117,3.0,0.0,3.0,3.0,2.284472,2.592354,35.0,-64.0,0.35715940045033445
1759428122,3.0,0.0,3.0,3.0,2.284472,2.592354,35.0,-64.0,0.3511413115989587
1759428127,3.0,0.0,3.0,3.0,2.284472,2.592354,35.0,-64.0,0.34036733292140603
1759428132,3.0,0.0,3.0,3.0,2.284472,2.592354,35.0,-64.0,0.35527142334349054
1759428137,3.0,0.0,3.0,3.0,2.284472,2.592354,35.0,-64.0,0.34573138158328254
1759428142,3.0,0.0,3.0,3.0,2.284472,2.592354,35.0,-64.0,0.33493978414560643
1759428142,3.0,0.0,3.0,3.0,2.284472,2.592354,35.0,-64.0,0.3759083077009236
1759428147,3.0,0.0,3.0,3.0,3.372632,2.273566,35.0,-64.0,0.3761681338110435
1759428152,3.0,0.0,3.0,3.0,3.372632,2.273566,35.0,-64.0,0.372226199764783
1759428157,3.0,0.0,3.0,3.0,3.372632,2.273566,35.0,-64.0,0.33960662509242157
1759428162,3.0,0.0,3.0,3.0,3.372632,2.273566,35.0,-64.0,0.3814441326829635
1759428167,3.0,0.0,3.0,3.0,3.372632,2.273566,35.0,-64.0,0.36210064936962966
1759428172,3.0,0.0,3.0,3.0,3.372632,2.273566,35.0,-64.0,0.3763670510005573
1759428177,3.0,0.0,3.0,3.0,1.93712,3.692154,35.0,-65.0,0.35967529742779236
1759428182,3.0,0.0,3.0,3.0,1.93712,3.692154,35.0,-65.0,0.3195193181623078
1759428187,3.0,0.0,3.0,3.0,1.93712,3.692154,35.0,-65.0,0.3338301835081261
1759428192,3.0,0.0,3.0,3.0,1.93712,3.692154,35.0,-65.0,0.3493048437628635
1759428197,3.0,0.0,3.0,3.0,1.93712,3.692154,35.0,-65.0,0.35049602442305283
1759428202,3.0,0.0,3.0,3.0,1.93712,3.692154,35.0,-65.0,0.3280904811411264
1759428202,3.0,0.0,3.0,3.0,1.93712,3.692154,35.0,-65.0,0.33130822205743843
1759428207,3.0,0.0,3.0,3.0,3.040228,2.340735,35.0,-64.0,0.3776542338439149
1759428212,3.0,0.0,3.0,3.0,3.040228,2.340735,35.0,-64.0,0.38760753285167604
1759428217,3.0,0.0,3.0,3.0,3.040228,2.340735,35.0,-64.0,0.3946268040117381
1759428222,3.0,0.0,3.0,3.0,3.040228,2.340735,35.0,-64.0,0.3899202133688078
1759428227,3.0,0.0,3.0,3.0,3.040228,2.340735,35.0,-64.0,0.38451139317296895
1759428232,3.0,0.0,3.0,3.0,3.040228,2.340735,35.0,-64.0,0.36674200235035137
1759428237,3.0,0.0,3.0,3.0,2.105644,0.950063,35.0,-62.0,0.3757781733655584
1759428242,3.0,0.0,3.0,3.0,2.105644,0.950063,35.0,-62.0,0.3621060490120259
1759428247,3.0,0.0,3.0,3.0,2.105644,0.950063,35.0,-62.0,0.34673610290654866
1759428252,3.0,0.0,3.0,3.0,2.105644,0.950063,35.0,-62.0,0.3103280130466771
1759428257,3.0,0.0,3.0,3.0,2.105644,0.950063,35.0,-62.0,0.3435559538916715
1759428262,3.0,0.0,3.0,3.0,2.105644,0.950063,35.0,-62.0,0.3187718795060539
1759428262,3.0,0.0,3.0,3.0,2.105644,0.950063,35.0,-62.0,0.34140326051601555
1759428267,3.0,0.0,3.0,3.0,2.131461,2.437085,35.0,-64.0,0.3431165735990903
1759428272,3.0,0.0,3.0,3.0,2.131461,2.437085,35.0,-64.0,0.31204206102046783
1759428277,3.0,0.0,3.0,3.0,2.131461,2.437085,35.0,-64.0,0.3584040309073828
1759428282,3.0,0.0,3.0,3.0,2.131461,2.437085,35.0,-64.0,0.3439381884939516
1759428287,3.0,0.0,3.0,3.0,2.131461,2.437085,35.0,-64.0,0.3708142472625622
1759428292,3.0,0.0,3.0,3.0,2.131461,2.437085,35.0,-64.0,0.40205032724543804
1759428297,3.0,0.0,3.0,3.0,5.162642,6.529238,35.0,-68.0,0.40034751472361907
1759428302,3.0,0.0,3.0,3.0,5.162642,6.529238,35.0,-68.0,0.42666290584485744
1759428307,3.0,0.0,3.0,3.0,5.162642,6.529238,35.0,-68.0,0.42666290584485744
1759428312,3.0,0.0,3.0,3.0,5.162642,6.529238,35.0,-68.0,0.446928797715583
1759428317,3.0,0.0,3.0,3.0,5.162642,6.529238,35.0,-68.0,0.5043639088177747
1759428322,3.0,0.0,3.0,3.0,5.162642,6.529238,35.0,-68.0,0.5162129544375302
1759428322,3.0,0.0,3.0,,3.0,5.162642,6.529238,35.0,-68.0,0.5091815089852821
1759428327,3.0,0.0,3.0,,3.0,5.624942,3.428382,35.0,-65.0,0.4860594303871163
1759428332,3.0,0.0,3.0,,3.0,5.624942,3.428382,35.0,-65.0,0.4429011163994889
1759428337,3.0,0.0,3.0,91.44995601396978,3.0,5.624942,3.428382,35.0,-65.0,0.47148310761939927
1759428342,3.0,0.0,3.0,91.44995601396978,3.0,5.624942,3.428382,35.0,-65.0,0.47148310761939927
1759428347,3.0,0.0,3.0,91.44995601396978,3.0,5.624942,3.428382,35.0,-65.0,0.3756890599563337
1759428352,3.0,0.0,3.0,91.44995601396978,3.0,5.624942,3.428382,35.0,-65.0,0.3482826067082097
1759428357,3.0,0.0,3.0,91.44995601396978,3.0,25.204577,18.928335,35.0,-80.0,0.3482826067082097
1759428362,3.0,0.0,3.0,91.44995601396978,3.0,25.204577,18.928335,35.0,-80.0,0.28560208209677285
1759428367,3.0,0.0,3.0,0.0,3.0,25.204577,18.928335,35.0,-80.0,0.26464812289389145
1759428372,3.0,0.0,3.0,0.0,3.0,25.204577,18.928335,35.0,-80.0,0.2112060380016326
1759428377,3.0,0.0,3.0,0.0,3.0,25.204577,18.928335,35.0,-80.0,0.17435404785170366
1759428382,3.0,0.0,3.0,0.0,3.0,25.204577,18.928335,35.0,-80.0,0.1636556674525592
1759428382,3.0,0.0,3.0,0.0,3.0,25.204577,18.928335,35.0,-80.0,0.1636556674525592
1759428387,3.0,0.0,3.0,0.0,3.0,0.31375,-1e-06,35.0,-61.0,0.1343412973043609
1759428392,3.0,0.0,3.0,0.0,3.0,0.31375,-1e-06,35.0,-61.0,0.05184688738378974
1759428397,3.0,0.0,3.0,,3.0,0.31375,-1e-06,35.0,-61.0,0.053738039185795505
1759428402,3.0,0.0,3.0,,3.0,0.31375,-1e-06,35.0,-61.0,0.04334643454234279
1759428407,3.0,0.0,3.0,,3.0,0.31375,-1e-06,35.0,-61.0,0.035110138056990696
1759428412,3.0,0.0,3.0,,3.0,0.31375,-1e-06,35.0,-61.0,0.008681916397828582
1759428417,3.0,0.0,3.0,,3.0,0.036123,0.003047,35.0,-62.0,0.008323054682632903
1759428422,3.0,0.0,3.0,,3.0,0.036123,0.003047,35.0,-62.0,0.005075823119193086
1759428427,3.0,0.0,3.0,,3.0,0.036123,0.003047,35.0,-62.0,0.006033207847200418
1759428432,3.0,0.0,3.0,,3.0,0.036123,0.003047,35.0,-62.0,0.007130881870466486
1759428437,3.0,0.0,3.0,,3.0,0.036123,0.003047,35.0,-62.0,0.010586780480774072
1759428442,3.0,0.0,3.0,,3.0,0.036123,0.003047,35.0,-62.0,0.010233906936803566
1759428442,3.0,0.0,3.0,3.0,0.036123,0.003047,35.0,-62.0,0.010233906936803566
1759428447,3.0,0.0,3.0,3.0,0.088852,0.141628,35.0,-62.0,0.02390718870739199
1759428452,3.0,0.0,3.0,3.0,0.088852,0.141628,35.0,-62.0,0.024675432377993016
1759428457,3.0,0.0,3.0,3.0,0.088852,0.141628,35.0,-62.0,0.031588158148372264
1759428462,3.0,0.0,3.0,3.0,0.088852,0.141628,35.0,-62.0,0.0346988436553589
1759428467,3.0,0.0,3.0,3.0,0.088852,0.141628,35.0,-62.0,0.0346988436553589
1759428472,3.0,0.0,3.0,3.0,0.088852,0.141628,35.0,-62.0,0.04844237744633305
1759428477,3.0,0.0,3.0,3.0,0.300431,1.270137,35.0,-63.0,0.0490394795852024
1759428482,3.0,0.0,3.0,3.0,0.300431,1.270137,35.0,-63.0,0.06731862528797622
1759428487,3.0,0.0,3.0,3.0,0.300431,1.270137,35.0,-63.0,0.0849957690057371
1759428492,3.0,0.0,3.0,3.0,0.300431,1.270137,35.0,-63.0,0.1274767364238373
1759428497,3.0,0.0,3.0,3.0,0.300431,1.270137,35.0,-63.0,0.15740353659709416
1759428502,3.0,0.0,3.0,3.0,0.300431,1.270137,35.0,-63.0,0.16075739284375762
1759428502,3.0,0.0,3.0,3.0,0.300431,1.270137,35.0,-63.0,0.16075739284375762
1759428507,3.0,0.0,3.0,3.0,2.593192,0.794268,35.0,-62.0,0.23474165882296086
1759428512,3.0,0.0,3.0,3.0,2.593192,0.794268,35.0,-62.0,0.23603123642329712
1759428517,3.0,0.0,3.0,3.0,2.593192,0.794268,35.0,-62.0,0.261225792669604
1759428522,3.0,0.0,3.0,3.0,2.593192,0.794268,35.0,-62.0,0.27794845233373283
1759428527,3.0,0.0,3.0,3.0,2.593192,0.794268,35.0,-62.0,0.2735937228992872
1759428532,3.0,0.0,3.0,3.0,2.593192,0.794268,35.0,-62.0,0.259677588566743
1759428537,3.0,0.0,3.0,3.0,0.791267,0.837496,35.0,-62.0,0.25470139295531957
1759428542,3.0,0.0,3.0,3.0,0.791267,0.837496,35.0,-62.0,0.23507120530205255
1759428547,3.0,0.0,3.0,3.0,0.791267,0.837496,35.0,-62.0,0.21607095176314395
1759428552,3.0,0.0,3.0,3.0,0.791267,0.837496,35.0,-62.0,0.2238777961513821
1759428557,3.0,0.0,3.0,3.0,0.791267,0.837496,35.0,-62.0,0.2210730064258116
1759428562,3.0,0.0,3.0,3.0,0.791267,0.837496,35.0,-62.0,0.2096708647763315
1759428562,3.0,0.0,3.0,3.0,0.791267,0.837496,35.0,-62.0,0.22154468852210996
1759428567,3.0,0.0,3.0,3.0,0.559531,0.680458,35.0,-62.0,0.22690786721490636
1759428572,3.0,0.0,3.0,3.0,0.559531,0.680458,35.0,-62.0,0.22862175894959513
1759428577,3.0,0.0,3.0,3.0,0.559531,0.680458,35.0,-62.0,0.20683002850826432
1759428582,3.0,0.0,3.0,3.0,0.559531,0.680458,35.0,-62.0,0.2421492746384878
1759428587,3.0,0.0,3.0,3.0,0.559531,0.680458,35.0,-62.0,0.23046478000015808
1759428592,3.0,0.0,3.0,3.0,0.559531,0.680458,35.0,-62.0,0.23048867933057282
1759428597,3.0,0.0,3.0,3.0,0.844942,0.720666,35.0,-62.0,0.24909483925471132
1759428602,3.0,0.0,3.0,3.0,0.844942,0.720666,35.0,-62.0,0.23949935737342043
1759428607,3.0,0.0,3.0,3.0,0.844942,0.720666,35.0,-62.0,0.220592706648383
1759428612,3.0,0.0,3.0,3.0,0.844942,0.720666,35.0,-62.0,0.24931832731207323
1759428617,3.0,0.0,3.0,3.0,0.844942,0.720666,35.0,-62.0,0.2392922271218203
1759428622,3.0,0.0,3.0,3.0,0.844942,0.720666,35.0,-62.0,0.2202896587578268
1759428622,3.0,0.0,3.0,3.0,0.844942,0.720666,35.0,-62.0,0.2202896587578268
1759428627,3.0,0.0,3.0,3.0,1.175548,3.634245,35.0,-65.0,0.22920351166142322
1759428632,3.0,0.0,3.0,3.0,1.175548,3.634245,35.0,-65.0,0.23448993686040215
1759428637,3.0,0.0,3.0,3.0,1.175548,3.634245,35.0,-65.0,0.21809486984103646
1759428642,3.0,0.0,3.0,3.0,1.175548,3.634245,35.0,-65.0,0.21414007609079436
1759428647,3.0,0.0,3.0,3.0,1.175548,3.634245,35.0,-65.0,0.25821547366758446
1759428652,3.0,0.0,3.0,3.0,1.175548,3.634245,35.0,-65.0,0.2761229381145629
1759428657,3.0,0.0,3.0,3.0,3.567354,3.678395,35.0,-65.0,0.28337805110578773
1759428662,3.0,0.0,3.0,3.0,3.567354,3.678395,35.0,-65.0,0.2977731852931983
1759428667,3.0,0.0,3.0,3.0,3.567354,3.678395,35.0,-65.0,0.32045790713252365
1759428672,3.0,0.0,3.0,3.0,3.567354,3.678395,35.0,-65.0,0.3328803980193649
1759428677,3.0,0.0,3.0,3.0,3.567354,3.678395,35.0,-65.0,0.32998760875929634
1759428682,3.0,0.0,3.0,3.0,3.567354,3.678395,35.0,-65.0,0.32111344528463426
1759428682,3.0,0.0,3.0,3.0,3.567354,3.678395,35.0,-65.0,0.35686795284376516
1759428687,3.0,0.0,3.0,3.0,4.474053,4.798652,35.0,-66.0,0.3434019233385105
1759428692,3.0,0.0,3.0,3.0,4.474053,4.798652,35.0,-66.0,0.35718321691634736
1759428697,3.0,0.0,3.0,3.0,4.474053,4.798652,35.0,-66.0,0.37734240894080767
1759428702,3.0,0.0,3.0,3.0,4.474053,4.798652,35.0,-66.0,0.3788923141135905
1759428707,3.0,0.0,3.0,3.0,4.474053,4.798652,35.0,-66.0,0.3799808779432091
1759428712,3.0,0.0,3.0,3.0,4.474053,4.798652,35.0,-66.0,0.3730796588601609
1759428717,3.0,0.0,3.0,3.0,3.004788,2.692314,35.0,-64.0,0.3730796588601609
1759428722,3.0,0.0,3.0,3.0,3.004788,2.692314,35.0,-64.0,0.3711080320983047
1759428727,3.0,0.0,3.0,3.0,3.004788,2.692314,35.0,-64.0,0.364216409696673
1759428732,3.0,0.0,3.0,3.0,3.004788,2.692314,35.0,-64.0,0.36421640969667296
1759428737,3.0,0.0,3.0,3.0,3.004788,2.692314,35.0,-64.0,0.35995822181538006
1759428742,3.0,0.0,3.0,3.0,3.004788,2.692314,35.0,-64.0,0.3311149620566203
1759428742,3.0,0.0,3.0,3.0,3.004788,2.692314,35.0,-64.0,0.35774567155671494
1759428747,3.0,0.0,3.0,3.0,3.716402,2.157511,35.0,-64.0,0.35774567155671494
1759428752,3.0,0.0,3.0,3.0,3.716402,2.157511,35.0,-64.0,0.34863037077920167
1759428757,3.0,0.0,3.0,3.0,3.716402,2.157511,35.0,-64.0,0.3395019735159321
1759428762,3.0,0.0,3.0,3.0,3.716402,2.157511,35.0,-64.0,0.3395019735159321
1759428767,3.0,0.0,3.0,3.0,3.716402,2.157511,35.0,-64.0,0.3244416693856952
1759428772,3.0,0.0,3.0,3.0,3.716402,2.157511,35.0,-64.0,0.2942681491838075
1759428777,3.0,0.0,3.0,3.0,0.991286,1.026334,35.0,-63.0,0.30608832410954107
1759428782,3.0,0.0,3.0,3.0,0.991286,1.026334,35.0,-63.0,0.269423439052105
1759428787,3.0,0.0,3.0,3.0,0.991286,1.026334,35.0,-63.0,0.26988953717464004
1759428792,3.0,0.0,3.0,3.0,0.991286,1.026334,35.0,-63.0,0.2655075977049991
1759428797,3.0,0.0,3.0,3.0,0.991286,1.026334,35.0,-63.0,0.2726573283771809
1759428802,3.0,0.0,3.0,3.0,0.991286,1.026334,35.0,-63.0,0.26076520274318143
1759428802,3.0,0.0,3.0,3.0,0.991286,1.026334,35.0,-63.0,0.2635866190658008
1759428807,3.0,0.0,3.0,3.0,0.903468,0.770374,35.0,-62.0,0.2631465398011612
1759428812,3.0,0.0,3.0,3.0,0.903468,0.770374,35.0,-62.0,0.2445285040036282
1759428817,3.0,0.0,3.0,3.0,0.903468,0.770374,35.0,-62.0,0.262296594124311
1759428822,3.0,0.0,3.0,3.0,0.903468,0.770374,35.0,-62.0,0.2744998360614225
1759428827,3.0,0.0,3.0,3.0,0.903468,0.770374,35.0,-62.0,0.27214580003197686
1759428832,3.0,0.0,3.0,3.0,0.903468,0.770374,35.0,-62.0,0.2780090865603799
1759428837,3.0,0.0,3.0,3.0,1.942844,2.293362,35.0,-64.0,0.2556078490448028
1759428842,3.0,0.0,3.0,3.0,1.942844,2.293362,35.0,-64.0,0.29503448112109487
1759428847,3.0,0.0,3.0,3.0,1.942844,2.293362,35.0,-64.0,0.29758090690521877
1759428852,3.0,0.0,3.0,3.0,1.942844,2.293362,35.0,-64.0,0.31153047282314444
1759428857,3.0,0.0,3.0,3.0,1.942844,2.293362,35.0,-64.0,0.3202592453312785
1759428862,3.0,0.0,3.0,3.0,1.942844,2.293362,35.0,-64.0,0.30902327559299303
1759428862,3.0,0.0,3.0,3.0,1.942844,2.293362,35.0,-64.0,0.30902327559299303
1759428867,3.0,0.0,3.0,3.0,2.995134,4.571177,35.0,-66.0,0.32860131716096974
1759428872,3.0,0.0,3.0,3.0,2.995134,4.571177,35.0,-66.0,0.3378071425101612
1759428877,3.0,0.0,3.0,3.0,2.995134,4.571177,35.0,-66.0,0.3406356858253535
1759428882,3.0,0.0,3.0,3.0,2.995134,4.571177,35.0,-66.0,0.3298875158116961
1759428887,3.0,0.0,3.0,3.0,2.995134,4.571177,35.0,-66.0,0.3523369395363837
1759428892,3.0,0.0,3.0,3.0,2.995134,4.571177,35.0,-66.0,0.3369337602649808
1759428897,3.0,0.0,3.0,3.0,3.474436,2.238378,35.0,-64.0,0.35326652864003744
1759428902,3.0,0.0,3.0,3.0,3.474436,2.238378,35.0,-64.0,0.34106215409526874
1759428907,3.0,0.0,3.0,3.0,3.474436,2.238378,35.0,-64.0,0.3528240667189048
1759428912,3.0,0.0,3.0,3.0,3.474436,2.238378,35.0,-64.0,0.3255304238893059
1759428917,3.0,0.0,3.0,3.0,3.474436,2.238378,35.0,-64.0,0.33552487466397174
1759428922,3.0,0.0,3.0,3.0,3.474436,2.238378,35.0,-64.0,0.33247792160243206
1759428922,3.0,0.0,3.0,3.0,3.474436,2.238378,35.0,-64.0,0.33498274489456176
1759428927,3.0,0.0,3.0,3.0,2.805021,5.018609,35.0,-67.0,0.31429294828970494
1759428932,3.0,0.0,3.0,3.0,2.805021,5.018609,35.0,-67.0,0.31902415567455167
1759428937,3.0,0.0,3.0,3.0,2.805021,5.018609,35.0,-67.0,0.3017293994464574
1759428942,3.0,0.0,3.0,3.0,2.805021,5.018609,35.0,-67.0,0.31842236126302215
1759428947,3.0,0.0,3.0,3.0,2.805021,5.018609,35.0,-67.0,0.30188617484256897
1759428952,3.0,0.0,3.0,3.0,2.805021,5.018609,35.0,-67.0,0.318778002339836
1759428957,3.0,0.0,3.0,3.0,2.545446,3.279474,35.0,-65.0,0.3194684469859379
1759428962,3.0,0.0,3.0,3.0,2.545446,3.279474,35.0,-65.0,0.30180863034104244
1759428967,3.0,0.0,3.0,3.0,2.545446,3.279474,35.0,-65.0,0.3198206346404908
1759428972,3.0,0.0,3.0,3.0,2.545446,3.279474,35.0,-65.0,0.3028023566551425
1759428977,3.0,0.0,3.0,3.0,2.545446,3.279474,35.0,-65.0,0.33844991785414397
1759428982,3.0,0.0,3.0,3.0,2.545446,3.279474,35.0,-65.0,0.3185992276460954
1759428982,3.0,0.0,3.0,3.0,2.545446,3.279474,35.0,-65.0,0.3435389794608224
1759428987,3.0,0.0,3.0,3.0,4.322431,2.288964,35.0,-64.0,0.3468625643795249
1759428992,3.0,0.0,3.0,3.0,4.322431,2.288964,35.0,-64.0,0.345127983794948
1759428997,3.0,0.0,3.0,3.0,4.322431,2.288964,35.0,-64.0,0.34839263226117334
1759429002,3.0,0.0,3.0,3.0,4.322431,2.288964,35.0,-64.0,0.3553958477814444
1759429007,3.0,0.0,3.0,3.0,4.322431,2.288964,35.0,-64.0,0.34642545809233916
1759429012,3.0,0.0,3.0,3.0,4.322431,2.288964,35.0,-64.0,0.3734697095088234
1759429017,3.0,0.0,3.0,3.0,6.863766,10.411215,35.0,-72.0,0.37790235827227536
1759429022,3.0,0.0,3.0,3.0,6.863766,10.411215,35.0,-72.0,0.3826824872103176
1759429027,3.0,0.0,3.0,3.0,6.863766,10.411215,35.0,-72.0,0.38562726824796867
1759429032,3.0,0.0,3.0,3.0,6.863766,10.411215,35.0,-72.0,0.3886740986619093
1759429037,3.0,0.0,3.0,3.0,6.863766,10.411215,35.0,-72.0,0.3981893215614343
1759429042,3.0,0.0,3.0,3.0,6.863766,10.411215,35.0,-72.0,0.37934342368692286
1759429042,,,,,,,,,0.0008745630774462919
1759429047,,,,,,,,,0.0008750830407136754
1759429052,,,,,,,,,0.0007300623345776259
1759429057,,,,,,,,,0.02361929079368109
1759429062,,,,,,,,,0.02361929079368109
1759429067,,,,,,,,,0.04337108951886867
1759429072,,,,,,,,,0.08014467583275876
1759429077,6.0,0.0,4.0,6.0,39.35799,26.493844,3.5,-223.0,0.10943720725797122
1759429082,6.0,0.0,4.0,6.0,39.35799,26.493844,3.5,-223.0,0.13411136796952622
1759429087,6.0,0.0,4.0,6.0,39.35799,26.493844,3.5,-223.0,0.1391434424806185
1759429092,6.0,0.0,4.0,6.0,39.35799,26.493844,3.5,-223.0,0.16221300118257007
1759429097,6.0,0.0,4.0,6.0,39.35799,26.493844,3.5,-223.0,0.2141841839543663
1759429102,6.0,0.0,4.0,6.0,39.35799,26.493844,3.5,-223.0,0.2337935618161663
1759429102,6.0,0.0,4.0,,6.0,39.35799,26.493844,3.5,-223.0,0.23797704015212492
1759429107,10.0,0.0,10.0,,11.0,2.484486,1.424773,3.5,-163.0,0.25036471356147566
1759429112,10.0,0.0,10.0,,11.0,2.484486,1.424773,3.5,-163.0,0.2562068821597349
1759429117,10.0,0.0,10.0,3.8652581276948355,11.0,2.484486,1.424773,3.5,-163.0,0.24314995639938264
1759429122,10.0,0.0,10.0,3.8652581276948355,11.0,2.484486,1.424773,3.5,-163.0,0.2323195881239449
1759429127,10.0,0.0,10.0,3.8652581276948355,11.0,2.484486,1.424773,3.5,-163.0,0.23065908418386014
1759429132,10.0,0.0,10.0,3.8652581276948355,11.0,2.484486,1.424773,3.5,-163.0,0.2168533848119368
1759429137,5.0,5.0,5.0,3.8652581276948355,5.0,7.991639,18.183627,3.5,-180.0,0.20085715479111443
1759429142,5.0,5.0,5.0,3.8652581276948355,5.0,7.991639,18.183627,3.5,-180.0,0.16761357808853167
1759429147,5.0,5.0,5.0,0.47974915285341047,5.0,7.991639,18.183627,3.5,-180.0,0.1609706157932095
1759429152,5.0,5.0,5.0,0.47974915285341047,5.0,7.991639,18.183627,3.5,-180.0,0.19158341103327076
1759429157,5.0,5.0,5.0,0.47974915285341047,5.0,7.991639,18.183627,3.5,-180.0,0.18485630558984917
1759429162,5.0,5.0,5.0,0.47974915285341047,5.0,7.991639,18.183627,3.5,-180.0,0.1881991967192713
1759429162,5.0,5.0,5.0,0.47974915285341047,5.0,7.991639,18.183627,3.5,-180.0,0.20395781835350718
1759429167,10.0,0.0,10.0,0.47974915285341047,20.0,23.606144,80.747036,3.5,-242.0,0.23367192433452197
1759429172,10.0,0.0,10.0,0.47974915285341047,20.0,23.606144,80.747036,3.5,-242.0,0.23065682975381957
1759429177,10.0,0.0,10.0,2.84171194812908,20.0,23.606144,80.747036,3.5,-242.0,0.23533179720875838
1759429182,10.0,0.0,10.0,2.84171194812908,20.0,23.606144,80.747036,3.5,-242.0,0.2245496773892427
1759429187,10.0,0.0,10.0,2.84171194812908,20.0,23.606144,80.747036,3.5,-242.0,0.20953517048812903
1759429192,10.0,0.0,10.0,2.84171194812908,20.0,23.606144,80.747036,3.5,-242.0,0.20531115153357643
1759429197,10.0,0.0,10.0,2.84171194812908,20.0,16.223736,71.679821,3.5,-233.0,0.21201181316526738
1759429202,10.0,0.0,10.0,2.84171194812908,20.0,16.223736,71.679821,3.5,-233.0,0.18120685614703916
1759429207,10.0,0.0,10.0,0.0,20.0,16.223736,71.679821,3.5,-233.0,0.17042262226219118
1759429212,10.0,0.0,10.0,0.0,20.0,16.223736,71.679821,3.5,-233.0,0.11842175008796628
1759429217,10.0,0.0,10.0,0.0,20.0,16.223736,71.679821,3.5,-233.0,0.11175905383756594
1759429222,10.0,0.0,10.0,0.0,20.0,16.223736,71.679821,3.5,-233.0,0.1085483083070893
1759429222,10.0,0.0,10.0,0.0,20.0,16.223736,71.679821,3.5,-233.0,0.11043869620482648
1759429227,10.0,0.0,10.0,0.0,20.0,14.815679,6.708418,3.5,-168.0,0.10321837579439092
1759429232,10.0,0.0,10.0,0.0,20.0,14.815679,6.708418,3.5,-168.0,0.10082325398276203
1759429237,10.0,0.0,10.0,0.31364481833167895,20.0,14.815679,6.708418,3.5,-168.0,0.12093240231559897
1759429242,10.0,0.0,10.0,0.31364481833167895,20.0,14.815679,6.708418,3.5,-168.0,0.12205237799660289
1759429247,10.0,0.0,10.0,0.31364481833167895,20.0,14.815679,6.708418,3.5,-168.0,0.11492855773526967
1759429252,10.0,0.0,10.0,0.31364481833167895,20.0,14.815679,6.708418,3.5,-168.0,0.10658741978588684
1759429257,10.0,0.0,10.0,0.31364481833167895,20.0,20.503784,0.0,3.5,-161.0,0.08999073410891456
1759429262,10.0,0.0,10.0,0.31364481833167895,20.0,20.503784,0.0,3.5,-161.0,0.08181394916889677
1759429267,10.0,0.0,10.0,26.936932594396136,20.0,20.503784,0.0,3.5,-161.0,0.06974686993143045
1759429272,10.0,0.0,10.0,26.936932594396136,20.0,20.503784,0.0,3.5,-161.0,0.06897754965254452
1759429277,10.0,0.0,10.0,26.936932594396136,20.0,20.503784,0.0,3.5,-161.0,0.04861933121284531
1759429282,10.0,0.0,10.0,26.936932594396136,20.0,20.503784,0.0,3.5,-161.0,0.04360278016489286
1759429282,10.0,0.0,10.0,26.936932594396136,20.0,20.503784,0.0,3.5,-161.0,0.04735732368299614
1759429287,10.0,0.0,10.0,26.936932594396136,20.0,4.984162,0.0,3.5,-161.0,0.03830121170592602
1759429292,10.0,0.0,10.0,26.936932594396136,20.0,4.984162,0.0,3.5,-161.0,0.036458497041840024
1759429297,10.0,0.0,10.0,,20.0,4.984162,0.0,3.5,-161.0,0.034437273721729014
1759429302,10.0,0.0,10.0,,20.0,4.984162,0.0,3.5,-161.0,0.03636331924125243
1759429307,10.0,0.0,10.0,,20.0,4.984162,0.0,3.5,-161.0,0.035582559568838115
1759429312,10.0,0.0,10.0,,20.0,4.984162,0.0,3.5,-161.0,0.037441613665164845
1759429317,10.0,0.0,10.0,,5.0,0.03066,0.068986,3.5,-162.0,0.0281405601804363
1759429322,10.0,0.0,10.0,,5.0,0.03066,0.068986,3.5,-162.0,0.02835109096510033
1759429327,10.0,0.0,10.0,,5.0,0.03066,0.068986,3.5,-162.0,0.03050684036071602
1759429332,10.0,0.0,10.0,,5.0,0.03066,0.068986,3.5,-162.0,0.0366823315791753
1759429337,10.0,0.0,10.0,,5.0,0.03066,0.068986,3.5,-162.0,0.043018191319473986
1759429342,10.0,0.0,10.0,,5.0,0.03066,0.068986,3.5,-162.0,0.04443649918158811
1759429342,10.0,0.0,10.0,5.0,0.03066,0.068986,3.5,-162.0,0.051811856195864585
1759429347,10.0,0.0,10.0,5.0,1.296224,0.408741,3.5,-162.0,0.07596097340467561
1759429352,10.0,0.0,10.0,5.0,1.296224,0.408741,3.5,-162.0,0.08481352436527889
1759429357,10.0,0.0,10.0,5.0,1.296224,0.408741,3.5,-162.0,0.09727079402784998
1759429362,10.0,0.0,10.0,5.0,1.296224,0.408741,3.5,-162.0,0.10236127880730646
1759429367,10.0,0.0,10.0,5.0,1.296224,0.408741,3.5,-162.0,0.12054632096775525
1759429372,10.0,0.0,10.0,5.0,1.296224,0.408741,3.5,-162.0,0.12066986768418433
1759429377,10.0,0.0,10.0,5.0,0.337336,0.570587,3.5,-162.0,0.12282981956561152
1759429382,10.0,0.0,10.0,5.0,0.337336,0.570587,3.5,-162.0,0.1340313190497951
1759429387,10.0,0.0,10.0,5.0,0.337336,0.570587,3.5,-162.0,0.1416240916664833
1759429392,10.0,0.0,10.0,5.0,0.337336,0.570587,3.5,-162.0,0.14347136301257948
1759429397,10.0,0.0,10.0,5.0,0.337336,0.570587,3.5,-162.0,0.1400374504248961
1759429402,10.0,0.0,10.0,5.0,0.337336,0.570587,3.5,-162.0,0.13307151097741587
1759429402,10.0,0.0,10.0,5.0,0.337336,0.570587,3.5,-162.0,0.1361189544790529
1759429407,10.0,0.0,10.0,5.0,0.610972,1.835005,3.5,-163.0,0.1457809900146153
1759429412,10.0,0.0,10.0,5.0,0.610972,1.835005,3.5,-163.0,0.15785520115162077
1759429417,10.0,0.0,10.0,5.0,0.610972,1.835005,3.5,-163.0,0.17482797179681803
1759429422,10.0,0.0,10.0,5.0,0.610972,1.835005,3.5,-163.0,0.17882499397581006
1759429427,10.0,0.0,10.0,5.0,0.610972,1.835005,3.5,-163.0,0.19040626574466663
1759429432,10.0,0.0,10.0,5.0,0.610972,1.835005,3.5,-163.0,0.19921169230786984
1759429437,10.0,0.0,10.0,5.0,0.712498,0.522407,3.5,-162.0,0.2028139752496774
1759429442,10.0,0.0,10.0,5.0,0.712498,0.522407,3.5,-162.0,0.21157366916854783
1759429447,10.0,0.0,10.0,5.0,0.712498,0.522407,3.5,-162.0,0.23346736051252417
1759429452,10.0,0.0,10.0,5.0,0.712498,0.522407,3.5,-162.0,0.2272197661162345
1759429457,10.0,0.0,10.0,5.0,0.712498,0.522407,3.5,-162.0,0.23034628766620885
1759429462,10.0,0.0,10.0,5.0,0.712498,0.522407,3.5,-162.0,0.21168119662781398
1759429462,10.0,0.0,10.0,,5.0,0.712498,0.522407,3.5,-162.0,0.23998561571933685
1759429467,5.0,5.0,5.0,,5.0,0.946083,0.957761,3.5,-187.0,0.2494329079180822
1759429472,5.0,5.0,5.0,,5.0,0.946083,0.957761,3.5,-187.0,0.2460022053002526
1759429477,5.0,5.0,5.0,0.07762685959328511,5.0,0.946083,0.957761,3.5,-187.0,0.23915768111902252
1759429482,5.0,5.0,5.0,0.07762685959328511,5.0,0.946083,0.957761,3.5,-187.0,0.22256150883681164
1759429487,5.0,5.0,5.0,0.07762685959328511,5.0,0.946083,0.957761,3.5,-187.0,0.20736107196047432
1759429492,5.0,5.0,5.0,0.07762685959328511,5.0,0.946083,0.957761,3.5,-187.0,0.20058911880253483
1759429497,10.0,0.0,6.0,0.07762685959328511,10.0,13.569227,0.998533,3.5,-182.0,0.18039443646637285
1759429502,10.0,0.0,6.0,0.07762685959328511,10.0,13.569227,0.998533,3.5,-182.0,0.19094042426404353
1759429507,10.0,0.0,6.0,0.5481599200981268,10.0,13.569227,0.998533,3.5,-182.0,0.1794265405568371
1759429512,10.0,0.0,6.0,0.5481599200981268,10.0,13.569227,0.998533,3.5,-182.0,0.20260149129505325
1759429517,10.0,0.0,6.0,0.5481599200981268,10.0,13.569227,0.998533,3.5,-182.0,0.19569075045008824
1759429522,10.0,0.0,6.0,0.5481599200981268,10.0,13.569227,0.998533,3.5,-182.0,0.1684689344792059
1759429522,10.0,0.0,6.0,0.5481599200981268,10.0,13.569227,0.998533,3.5,-182.0,0.19089051943457425
1759429527,10.0,0.0,10.0,0.5481599200981268,10.0,0.141813,0.0,3.5,-161.0,0.1632855869187996
1759429532,10.0,0.0,10.0,0.5481599200981268,10.0,0.141813,0.0,3.5,-161.0,0.16393821530048022
1759429537,10.0,0.0,10.0,0.050878420085315776,10.0,0.141813,0.0,3.5,-161.0,0.14475319450451393
1759429542,10.0,0.0,10.0,0.050878420085315776,10.0,0.141813,0.0,3.5,-161.0,0.1416925604634632
1759429547,10.0,0.0,10.0,0.050878420085315776,10.0,0.141813,0.0,3.5,-161.0,0.14387254571189426
1759429552,10.0,0.0,10.0,0.050878420085315776,10.0,0.141813,0.0,3.5,-161.0,0.10949668737484097
1759429557,10.0,5.0,7.0,0.050878420085315776,14.0,34.22516,110.475561,3.5,-287.0,0.11802709038903285
1759429562,10.0,5.0,7.0,0.050878420085315776,14.0,34.22516,110.475561,3.5,-287.0,0.06215634770855008
1759429567,10.0,5.0,7.0,0.06600968860895223,14.0,34.22516,110.475561,3.5,-287.0,0.09985443601549965
1759429572,10.0,5.0,7.0,0.06600968860895223,14.0,34.22516,110.475561,3.5,-287.0,0.1310106486917072
1759429577,10.0,5.0,7.0,0.06600968860895223,14.0,34.22516,110.475561,3.5,-287.0,0.1532767457090554
1759429582,10.0,5.0,7.0,0.06600968860895223,14.0,34.22516,110.475561,3.5,-287.0,0.15957725301588152
1759429582,10.0,5.0,7.0,0.06600968860895223,14.0,34.22516,110.475561,3.5,-287.0,0.16594927872199108
1759429587,10.0,0.0,10.0,0.06600968860895223,14.0,0.387283,0.002017,3.5,-162.0,0.1764791316679807
1759429592,10.0,0.0,10.0,0.06600968860895223,14.0,0.387283,0.002017,3.5,-162.0,0.16155102939323243
1759429597,10.0,0.0,10.0,0.01980746957184575,14.0,0.387283,0.002017,3.5,-162.0,0.14716459210895208
1759429602,10.0,0.0,10.0,0.01980746957184575,14.0,0.387283,0.002017,3.5,-162.0,0.13631792585177196
1759429607,10.0,0.0,10.0,0.01980746957184575,14.0,0.387283,0.002017,3.5,-162.0,0.11040074802335371
1759429612,10.0,0.0,10.0,0.01980746957184575,14.0,0.387283,0.002017,3.5,-162.0,0.06624783196609907
1759429617,5.0,5.0,5.0,0.01980746957184575,5.0,0.055662,0.0,3.5,-161.0,0.06404525994407254
1759429622,5.0,5.0,5.0,0.01980746957184575,5.0,0.055662,0.0,3.5,-161.0,0.0340632075727028
1759429627,5.0,5.0,5.0,0.0,5.0,0.055662,0.0,3.5,-161.0,0.014590302266475442
1759429632,5.0,5.0,5.0,0.0,5.0,0.055662,0.0,3.5,-161.0,0.016772649176356673
1759429637,5.0,5.0,5.0,0.0,5.0,0.055662,0.0,3.5,-161.0,0.016569482455931556
1759429642,5.0,5.0,5.0,0.0,5.0,0.055662,0.0,3.5,-161.0,0.0151838237234129
1759429642,5.0,5.0,5.0,0.0,5.0,0.055662,0.0,3.5,-161.0,0.021768720891753655
1759429647,3.0,2.0,3.0,0.0,3.0,0.525141,0.776832,3.5,-187.0,0.0304685114748967
1759429652,3.0,2.0,3.0,0.0,3.0,0.525141,0.776832,3.5,-187.0,0.030761072566395212
1759429657,3.0,2.0,3.0,,3.0,0.525141,0.776832,3.5,-187.0,0.03147898520635373
1759429662,3.0,2.0,3.0,,3.0,0.525141,0.776832,3.5,-187.0,0.033120874241652803
1759429667,3.0,2.0,3.0,,3.0,0.525141,0.776832,3.5,-187.0,0.029784845345385988
1759429672,3.0,2.0,3.0,,3.0,0.525141,0.776832,3.5,-187.0,0.030871614920167396
1759429677,7.0,0.0,6.0,,7.0,21.385362,0.0,3.5,-181.0,0.02873783591385134
1759429682,7.0,0.0,6.0,,7.0,21.385362,0.0,3.5,-181.0,0.022416943245475142
1759429687,7.0,0.0,6.0,,7.0,21.385362,0.0,3.5,-181.0,0.04918369407627522
1759429692,7.0,0.0,6.0,,7.0,21.385362,0.0,3.5,-181.0,0.08151724821422852
1759429697,7.0,0.0,6.0,,7.0,21.385362,0.0,3.5,-181.0,0.09280985740942671
1759429702,7.0,0.0,6.0,,7.0,21.385362,0.0,3.5,-181.0,0.10565086655193047
1759429702,7.0,0.0,6.0,7.0,21.385362,0.0,3.5,-181.0,0.10074572389284296
1759429707,10.0,0.0,8.0,16.0,55.725695,0.592528,3.5,-172.0,0.15857011407480065
1759429712,10.0,0.0,8.0,16.0,55.725695,0.592528,3.5,-172.0,0.19211126565677952
1759429717,10.0,0.0,8.0,16.0,55.725695,0.592528,3.5,-172.0,0.21772020171848727
1759429722,10.0,0.0,8.0,16.0,55.725695,0.592528,3.5,-172.0,0.2156735039698915
1759429727,10.0,0.0,8.0,16.0,55.725695,0.592528,3.5,-172.0,0.2466141347123049
1759429732,10.0,0.0,8.0,16.0,55.725695,0.592528,3.5,-172.0,0.24552666824958203
1759429737,10.0,0.0,10.0,20.0,58.58426,0.755944,3.5,-162.0,0.24803758540189233
1759429742,10.0,0.0,10.0,20.0,58.58426,0.755944,3.5,-162.0,0.25485382733339934
1759429747,10.0,0.0,10.0,20.0,58.58426,0.755944,3.5,-162.0,0.25808894404616395
1759429752,10.0,0.0,10.0,20.0,58.58426,0.755944,3.5,-162.0,0.22791823648012968
1759429757,10.0,0.0,10.0,20.0,58.58426,0.755944,3.5,-162.0,0.2319390988309481
1759429762,10.0,0.0,10.0,20.0,58.58426,0.755944,3.5,-162.0,0.21789797310712336
1759429762,10.0,0.0,10.0,,20.0,58.58426,0.755944,3.5,-162.0,0.22938289616107746
1759429767,10.0,0.0,10.0,,50.0,150.213116,0.733982,3.5,-162.0,0.20965212897327457
1759429772,10.0,0.0,10.0,,50.0,150.213116,0.733982,3.5,-162.0,0.2100682243460002
1759429777,10.0,0.0,10.0,,50.0,150.213116,0.733982,3.5,-162.0,0.200639870098641
1759429782,10.0,0.0,10.0,,50.0,150.213116,0.733982,3.5,-162.0,0.19799884071572257
1759429787,10.0,0.0,10.0,,50.0,150.213116,0.733982,3.5,-162.0,0.1882288111372197
1759429792,10.0,0.0,10.0,,50.0,150.213116,0.733982,3.5,-162.0,0.1804886437617613
1759429797,10.0,0.0,10.0,,50.0,0.724984,0.263555,3.5,-162.0,0.16813376188341828
1759429802,10.0,0.0,10.0,,50.0,0.724984,0.263555,3.5,-162.0,0.15548367766501262
1759429807,10.0,0.0,10.0,0.0,50.0,0.724984,0.263555,3.5,-162.0,0.15869537300874387
1759429812,10.0,0.0,10.0,0.0,50.0,0.724984,0.263555,3.5,-162.0,0.15803430477062516
1759429817,10.0,0.0,10.0,0.0,50.0,0.724984,0.263555,3.5,-162.0,0.14810066954196055
1759429822,10.0,0.0,10.0,0.0,50.0,0.724984,0.263555,3.5,-162.0,0.13983246074342612
1759429822,10.0,0.0,10.0,0.0,50.0,0.724984,0.263555,3.5,-162.0,0.14999640176921308
1759429827,5.0,5.0,5.0,0.0,5.0,1.794706,0.849638,3.5,-187.0,0.1504756033421144
1759429832,5.0,5.0,5.0,0.0,5.0,1.794706,0.849638,3.5,-187.0,0.1556987713696667
1759429837,5.0,5.0,5.0,,5.0,1.794706,0.849638,3.5,-187.0,0.1597711881344393
1759429842,5.0,5.0,5.0,,5.0,1.794706,0.849638,3.5,-187.0,0.1521522804113669
1759429847,5.0,5.0,5.0,,5.0,1.794706,0.849638,3.5,-187.0,0.15966891239339467
1759429852,5.0,5.0,5.0,,5.0,1.794706,0.849638,3.5,-187.0,0.14972221992547427
1759429857,10.0,0.0,6.0,,24.0,34.80411,64.776043,3.5,-246.0,0.14838941565197947
1759429862,10.0,0.0,6.0,,24.0,34.80411,64.776043,3.5,-246.0,0.1495453017953029
1759429867,10.0,0.0,6.0,294.17700935576164,24.0,34.80411,64.776043,3.5,-246.0,0.16554955303191735
1759429872,10.0,0.0,6.0,294.17700935576164,24.0,34.80411,64.776043,3.5,-246.0,0.19169625017296293
1759429877,10.0,0.0,6.0,294.17700935576164,24.0,34.80411,64.776043,3.5,-246.0,0.2132541697006171
1759429882,10.0,0.0,6.0,294.17700935576164,24.0,34.80411,64.776043,3.5,-246.0,0.20824238541170137
1759429882,10.0,0.0,6.0,294.17700935576164,24.0,34.80411,64.776043,3.5,-246.0,0.19949456578048416
1759429887,10.0,0.0,10.0,294.17700935576164,50.0,92.396225,2.740603,3.5,-164.0,0.1881322919025408
1759429892,10.0,0.0,10.0,294.17700935576164,50.0,92.396225,2.740603,3.5,-164.0,0.18622957644372545
1759429897,10.0,0.0,10.0,2.314329804586465,50.0,92.396225,2.740603,3.5,-164.0,0.18194346843807507
1759429902,10.0,0.0,10.0,2.314329804586465,50.0,92.396225,2.740603,3.5,-164.0,0.1799674071596664
1759429907,10.0,0.0,10.0,2.314329804586465,50.0,92.396225,2.740603,3.5,-164.0,0.16541445065193905
1759429912,10.0,0.0,10.0,2.314329804586465,50.0,92.396225,2.740603,3.5,-164.0,0.16625610740470423
1759429917,10.0,0.0,10.0,2.314329804586465,50.0,12.688321,25.284338,3.5,-187.0,0.1664304167050245
1759429922,10.0,0.0,10.0,2.314329804586465,50.0,12.688321,25.284338,3.5,-187.0,0.14337437147476917
1759429927,10.0,0.0,10.0,2.1817999785377933,50.0,12.688321,25.284338,3.5,-187.0,0.13489149761722039
1759429932,10.0,0.0,10.0,2.1817999785377933,50.0,12.688321,25.284338,3.5,-187.0,0.14531504131921988
1759429937,10.0,0.0,10.0,2.1817999785377933,50.0,12.688321,25.284338,3.5,-187.0,0.15630897783643913
1759429942,10.0,0.0,10.0,2.1817999785377933,50.0,12.688321,25.284338,3.5,-187.0,0.15993295304164476
1759429942,10.0,0.0,10.0,2.1817999785377933,50.0,12.688321,25.284338,3.5,-187.0,0.1617611640168981
1759429947,10.0,0.0,10.0,2.1817999785377933,50.0,106.71724,189.442523,3.5,-351.0,0.15769884790807429
1759429952,10.0,0.0,10.0,2.1817999785377933,50.0,106.71724,189.442523,3.5,-351.0,0.1536260094978797
1759429957,10.0,0.0,10.0,,50.0,106.71724,189.442523,3.5,-351.0,0.1453575220670726
1759429962,10.0,0.0,10.0,,50.0,106.71724,189.442523,3.5,-351.0,0.13613638430196207
1759429967,10.0,0.0,10.0,,50.0,106.71724,189.442523,3.5,-351.0,0.1239852167649812
1759429972,10.0,0.0,10.0,,50.0,106.71724,189.442523,3.5,-351.0,0.11766689330569668
1759429977,10.0,0.0,10.0,,50.0,2.321281,0.829831,3.5,-162.0,0.12110862006457421
1759429982,10.0,0.0,10.0,,50.0,2.321281,0.829831,3.5,-162.0,0.12480606642144876
1759429987,10.0,0.0,10.0,,50.0,2.321281,0.829831,3.5,-162.0,0.12467790603525779
1759429992,10.0,0.0,10.0,,50.0,2.321281,0.829831,3.5,-162.0,0.12056472146392833
1759429997,10.0,0.0,10.0,,50.0,2.321281,0.829831,3.5,-162.0,0.11051414642158093
1759430002,10.0,0.0,10.0,,50.0,2.321281,0.829831,3.5,-162.0,0.11366148747802333
1759430002,10.0,0.0,10.0,50.0,2.321281,0.829831,3.5,-162.0,0.11289592355596526
1759430007,10.0,0.0,10.0,50.0,0.367161,0.626703,3.5,-162.0,0.11282631253671123
1759430012,10.0,0.0,10.0,50.0,0.367161,0.626703,3.5,-162.0,0.12011275015516697
1759430017,10.0,0.0,10.0,50.0,0.367161,0.626703,3.5,-162.0,0.11909948962628632
1759430022,10.0,0.0,10.0,50.0,0.367161,0.626703,3.5,-162.0,0.11698975271116856
1759430027,10.0,0.0,10.0,50.0,0.367161,0.626703,3.5,-162.0,0.0980963630845549
1759430032,10.0,0.0,10.0,50.0,0.367161,0.626703,3.5,-162.0,0.08407030066385324
1759430037,5.0,5.0,5.0,5.0,0.240331,0.629673,3.5,-187.0,0.09235857551965088
1759430042,5.0,5.0,5.0,5.0,0.240331,0.629673,3.5,-187.0,0.09658359879584724
1759430047,5.0,5.0,5.0,5.0,0.240331,0.629673,3.5,-187.0,0.11416632357307266
1759430052,5.0,5.0,5.0,5.0,0.240331,0.629673,3.5,-187.0,0.10508330510070026
1759430057,5.0,5.0,5.0,5.0,0.240331,0.629673,3.5,-187.0,0.09974084002713819
1759430062,5.0,5.0,5.0,5.0,0.240331,0.629673,3.5,-187.0,0.09456930424182991
1759430062,5.0,5.0,5.0,,5.0,0.240331,0.629673,3.5,-187.0,0.10202091543583627
1759430067,9.0,2.0,4.0,,9.0,10.274435,8.990236,3.5,-200.0,0.11214047480313548
1759430072,9.0,2.0,4.0,,9.0,10.274435,8.990236,3.5,-200.0,0.14996711103725702
1759430077,9.0,2.0,4.0,3.863915732531157,9.0,10.274435,8.990236,3.5,-200.0,0.20547543700867812
1759430082,9.0,2.0,4.0,3.863915732531157,9.0,10.274435,8.990236,3.5,-200.0,0.2228223876823318
1759430087,9.0,2.0,4.0,3.863915732531157,9.0,10.274435,8.990236,3.5,-200.0,0.21471120670119276
1759430092,9.0,2.0,4.0,3.863915732531157,9.0,10.274435,8.990236,3.5,-200.0,0.22140768661059296
1759430097,9.0,0.0,9.0,3.863915732531157,9.0,10.090275,8.14862,3.5,-175.0,0.20693487183380244
1759430102,9.0,0.0,9.0,3.863915732531157,9.0,10.090275,8.14862,3.5,-175.0,0.20890208656986872
1759430107,9.0,0.0,9.0,4.539787654950905,9.0,10.090275,8.14862,3.5,-175.0,0.20406800689757407
1759430112,9.0,0.0,9.0,4.539787654950905,9.0,10.090275,8.14862,3.5,-175.0,0.21062494613440894
1759430117,9.0,0.0,9.0,4.539787654950905,9.0,10.090275,8.14862,3.5,-175.0,0.1792656197957733
1759430122,9.0,0.0,9.0,4.539787654950905,9.0,10.090275,8.14862,3.5,-175.0,0.18401216368375573
1759430122,9.0,0.0,9.0,4.539787654950905,9.0,10.090275,8.14862,3.5,-175.0,0.18566179335060845
1759430127,4.0,5.0,4.0,4.539787654950905,4.0,4.726866,6.78263,3.5,-198.0,0.15557918051801814
1759430132,4.0,5.0,4.0,4.539787654950905,4.0,4.726866,6.78263,3.5,-198.0,0.1519962962280458
1759430137,4.0,5.0,4.0,32.00732005662591,4.0,4.726866,6.78263,3.5,-198.0,0.1459659570707893
1759430142,4.0,5.0,4.0,32.00732005662591,4.0,4.726866,6.78263,3.5,-198.0,0.15063432811693883
1759430147,4.0,5.0,4.0,32.00732005662591,4.0,4.726866,6.78263,3.5,-198.0,0.1616447510787331
1759430152,4.0,5.0,4.0,32.00732005662591,4.0,4.726866,6.78263,3.5,-198.0,0.17864402733033433
1759430157,10.0,0.0,9.0,32.00732005662591,30.0,69.7164,66.670658,3.5,-248.0,0.2211933149613673
1759430162,10.0,0.0,9.0,32.00732005662591,30.0,69.7164,66.670658,3.5,-248.0,0.2351612489338637
1759430167,10.0,0.0,9.0,,30.0,69.7164,66.670658,3.5,-248.0,0.22541410620295044
1759430172,10.0,0.0,9.0,,30.0,69.7164,66.670658,3.5,-248.0,0.21194210810200861
1759430177,10.0,0.0,9.0,,30.0,69.7164,66.670658,3.5,-248.0,0.21409083993030506
1759430182,10.0,0.0,9.0,,30.0,69.7164,66.670658,3.5,-248.0,0.21229897013263058
1759430182,10.0,0.0,9.0,30.0,69.7164,66.670658,3.5,-248.0,0.21507786784536437
1759430187,10.0,0.0,10.0,30.0,2.067758,1.040336,3.5,-163.0,0.2121795983606224
1759430192,10.0,0.0,10.0,30.0,2.067758,1.040336,3.5,-163.0,0.21995548737761897
1759430197,10.0,0.0,10.0,30.0,2.067758,1.040336,3.5,-163.0,0.18919362709726475
1759430202,10.0,0.0,10.0,30.0,2.067758,1.040336,3.5,-163.0,0.19153984482599362
1759430207,10.0,0.0,10.0,30.0,2.067758,1.040336,3.5,-163.0,0.1747913764207784
1759430212,10.0,0.0,10.0,30.0,2.067758,1.040336,3.5,-163.0,0.18701175255826638
1759430217,5.0,5.0,5.0,5.0,0.839074,0.871605,3.5,-162.0,0.19671218185133715
1759430222,5.0,5.0,5.0,5.0,0.839074,0.871605,3.5,-162.0,0.19814592421178442
1759430227,5.0,5.0,5.0,5.0,0.839074,0.871605,3.5,-162.0,0.203559475877655
1759430232,5.0,5.0,5.0,5.0,0.839074,0.871605,3.5,-162.0,0.21685243290190837
1759430237,5.0,5.0,5.0,5.0,0.839074,0.871605,3.5,-162.0,0.20582862287729412
1759430242,5.0,5.0,5.0,5.0,0.839074,0.871605,3.5,-162.0,0.20123378826143723
1759430242,5.0,5.0,5.0,5.0,0.839074,0.871605,3.5,-162.0,0.20633079737965476
1759430247,3.0,6.0,3.0,3.0,0.849852,0.668147,3.5,-187.0,0.19666964110637625
1759430252,3.0,6.0,3.0,3.0,0.849852,0.668147,3.5,-187.0,0.2013978330738617
1759430257,3.0,6.0,3.0,3.0,0.849852,0.668147,3.5,-187.0,0.18093743567341683
1759430262,3.0,6.0,3.0,3.0,0.849852,0.668147,3.5,-187.0,0.19719666935699043
1759430267,3.0,6.0,3.0,3.0,0.849852,0.668147,3.5,-187.0,0.17272591116955724
1759430272,3.0,6.0,3.0,3.0,0.849852,0.668147,3.5,-187.0,0.1633807508032377
1759430277,3.0,0.0,3.0,3.0,0.726327,0.881138,3.5,-197.0,0.16127086394903362
1759430282,3.0,0.0,3.0,3.0,0.726327,0.881138,3.5,-197.0,0.1780448935243241
1759430287,3.0,0.0,3.0,3.0,0.726327,0.881138,3.5,-197.0,0.15716100594945276
1759430292,3.0,0.0,3.0,3.0,0.726327,0.881138,3.5,-197.0,0.17810637231681273
1759430297,3.0,0.0,3.0,3.0,0.726327,0.881138,3.5,-197.0,0.1784811977927112
1759430302,3.0,0.0,3.0,3.0,0.726327,0.881138,3.5,-197.0,0.17240488337387316
1759430302,3.0,0.0,3.0,,3.0,0.726327,0.881138,3.5,-197.0,0.1737951757288714
1759430307,3.0,0.0,3.0,,3.0,1.546558,1.778152,3.5,-198.0,0.1766270868077664
1759430312,3.0,0.0,3.0,,3.0,1.546558,1.778152,3.5,-198.0,0.17841599013001472
1759430317,3.0,0.0,3.0,,3.0,1.546558,1.778152,3.5,-198.0,0.1780854167725859
1759430322,3.0,0.0,3.0,,3.0,1.546558,1.778152,3.5,-198.0,0.1634026887329306
1759430327,3.0,0.0,3.0,,3.0,1.546558,1.778152,3.5,-198.0,0.17789458624999144
1759430332,3.0,0.0,3.0,,3.0,1.546558,1.778152,3.5,-198.0,0.17323521264203084
1759430337,10.0,0.0,4.0,,10.0,8.945552,33.910341,3.5,-225.0,0.15674728791974885
1759430342,10.0,0.0,4.0,,10.0,8.945552,33.910341,3.5,-225.0,0.15554638412083177
1759430347,10.0,0.0,4.0,66.5649173133635,10.0,8.945552,33.910341,3.5,-225.0,0.17981731149175986
1759430352,10.0,0.0,4.0,66.5649173133635,10.0,8.945552,33.910341,3.5,-225.0,0.1844740968102544
1759430357,10.0,0.0,4.0,66.5649173133635,10.0,8.945552,33.910341,3.5,-225.0,0.18928440855284112
1759430362,10.0,0.0,4.0,66.5649173133635,10.0,8.945552,33.910341,3.5,-225.0,0.18606669335493325
1759430362,10.0,0.0,4.0,66.5649173133635,10.0,8.945552,33.910341,3.5,-225.0,0.1960835658459391
1759430367,10.0,0.0,10.0,66.5649173133635,21.0,53.538656,56.752412,3.5,-218.0,0.22907664566589
1759430372,10.0,0.0,10.0,66.5649173133635,21.0,53.538656,56.752412,3.5,-218.0,0.22709250353539917
1759430377,10.0,0.0,10.0,27.63151779911574,21.0,53.538656,56.752412,3.5,-218.0,0.22096408919531565
1759430382,10.0,0.0,10.0,27.63151779911574,21.0,53.538656,56.752412,3.5,-218.0,0.22123345765739513
1759430387,10.0,0.0,10.0,27.63151779911574,21.0,53.538656,56.752412,3.5,-218.0,0.2152102554980379
1759430392,10.0,0.0,10.0,27.63151779911574,21.0,53.538656,56.752412,3.5,-218.0,0.2185838323702432
1759430397,10.0,0.0,10.0,27.63151779911574,33.0,58.549063,112.862415,3.5,-274.0,0.19845239966295555
1759430402,10.0,0.0,10.0,27.63151779911574,33.0,58.549063,112.862415,3.5,-274.0,0.1965561842425636
1759430407,10.0,0.0,10.0,,33.0,58.549063,112.862415,3.5,-274.0,0.1387190200660267
1759430412,10.0,0.0,10.0,,33.0,58.549063,112.862415,3.5,-274.0,0.14576217289849375
1759430417,10.0,0.0,10.0,,33.0,58.549063,112.862415,3.5,-274.0,0.15228622537601835
1759430422,10.0,0.0,10.0,,33.0,58.549063,112.862415,3.5,-274.0,0.14280029262189
1759430422,10.0,0.0,10.0,33.0,58.549063,112.862415,3.5,-274.0,0.156269508576339
1759430427,10.0,0.0,10.0,33.0,2.49349,1.09589,3.5,-163.0,0.16602840510946362
1759430432,10.0,0.0,10.0,33.0,2.49349,1.09589,3.5,-163.0,0.1679942724864751
1759430437,10.0,0.0,10.0,33.0,2.49349,1.09589,3.5,-163.0,0.18538327875514668
1759430442,10.0,0.0,10.0,33.0,2.49349,1.09589,3.5,-163.0,0.18448369919407942
1759430447,10.0,0.0,10.0,33.0,2.49349,1.09589,3.5,-163.0,0.19322750551313034
1759430452,10.0,0.0,10.0,33.0,2.49349,1.09589,3.5,-163.0,0.19953740552816077
1759430457,10.0,0.0,10.0,33.0,0.828237,0.718383,3.5,-162.0,0.21093180866387526
1759430462,10.0,0.0,10.0,33.0,0.828237,0.718383,3.5,-162.0,0.20481340705970008
1759430467,10.0,0.0,10.0,33.0,0.828237,0.718383,3.5,-162.0,0.20305525775717742
1759430472,10.0,0.0,10.0,33.0,0.828237,0.718383,3.5,-162.0,0.19828004865173945
1759430477,10.0,0.0,10.0,33.0,0.828237,0.718383,3.5,-162.0,0.19375578847933864
1759430482,10.0,0.0,10.0,33.0,0.828237,0.718383,3.5,-162.0,0.189546637181012
1759430482,10.0,0.0,10.0,33.0,0.828237,0.718383,3.5,-162.0,0.19238846254791603
1759430487,5.0,5.0,5.0,5.0,0.923769,0.96373,3.5,-187.0,0.17959410260341685
1759430492,5.0,5.0,5.0,5.0,0.923769,0.96373,3.5,-187.0,0.1903895528385064
1759430497,5.0,5.0,5.0,5.0,0.923769,0.96373,3.5,-187.0,0.17152547504878543
1759430502,5.0,5.0,5.0,5.0,0.923769,0.96373,3.5,-187.0,0.1725035228389422
1759430507,5.0,5.0,5.0,5.0,0.923769,0.96373,3.5,-187.0,0.17369917718944508
1759430512,5.0,5.0,5.0,5.0,0.923769,0.96373,3.5,-187.0,0.17444122326510464
1759430517,3.0,2.0,3.0,3.0,0.884574,1.235825,3.5,-198.0,0.18225942184636246
1759430522,3.0,2.0,3.0,3.0,0.884574,1.235825,3.5,-198.0,0.18269005012999048
1759430527,3.0,2.0,3.0,3.0,0.884574,1.235825,3.5,-198.0,0.17828852706773293
1759430532,3.0,2.0,3.0,3.0,0.884574,1.235825,3.5,-198.0,0.16660358436992156
1759430537,3.0,2.0,3.0,3.0,0.884574,1.235825,3.5,-198.0,0.17709147450631849
1759430542,3.0,2.0,3.0,3.0,0.884574,1.235825,3.5,-198.0,0.15583312997283436
1759430542,3.0,2.0,3.0,3.0,0.884574,1.235825,3.5,-198.0,0.16807911401165154
1759430547,3.0,0.0,3.0,3.0,1.122518,1.31096,3.5,-198.0,0.16243315983245638
1759430552,3.0,0.0,3.0,3.0,1.122518,1.31096,3.5,-198.0,0.17434545487330425
1759430557,3.0,0.0,3.0,3.0,1.122518,1.31096,3.5,-198.0,0.17423798098441537
1759430562,3.0,0.0,3.0,3.0,1.122518,1.31096,3.5,-198.0,0.16817962964437289
1759430567,3.0,0.0,3.0,3.0,1.122518,1.31096,3.5,-198.0,0.174112113374809
1759430572,3.0,0.0,3.0,3.0,1.122518,1.31096,3.5,-198.0,0.174112113374809
1759430577,3.0,0.0,3.0,3.0,0.854846,0.805996,3.5,-197.0,0.16761489184092743
1759430582,3.0,0.0,3.0,3.0,0.854846,0.805996,3.5,-197.0,0.17887293654575082
1759430587,3.0,0.0,3.0,3.0,0.854846,0.805996,3.5,-197.0,0.17952775852083924
1759430592,3.0,0.0,3.0,3.0,0.854846,0.805996,3.5,-197.0,0.1693973050896186
1759430597,3.0,0.0,3.0,3.0,0.854846,0.805996,3.5,-197.0,0.17907296325345623
1759430602,3.0,0.0,3.0,3.0,0.854846,0.805996,3.5,-197.0,0.16142936042375586
1759430602,3.0,0.0,3.0,3.0,0.854846,0.805996,3.5,-197.0,0.16976900955625343
1759430607,3.0,0.0,3.0,3.0,0.985597,1.029541,3.5,-198.0,0.17858765214119554
1759430612,3.0,0.0,3.0,3.0,0.985597,1.029541,3.5,-198.0,0.17946858090255013
1759430617,3.0,0.0,3.0,3.0,0.985597,1.029541,3.5,-198.0,0.18229823346964008
1759430622,3.0,0.0,3.0,3.0,0.985597,1.029541,3.5,-198.0,0.1742026570555577
1759430627,3.0,0.0,3.0,3.0,0.985597,1.029541,3.5,-198.0,0.1845476264355695
1759430632,3.0,0.0,3.0,3.0,0.985597,1.029541,3.5,-198.0,0.185564567440067
1759430637,3.0,0.0,3.0,3.0,1.508753,0.489566,3.5,-197.0,0.18691847868379677
1759430642,3.0,0.0,3.0,3.0,1.508753,0.489566,3.5,-197.0,0.18059007873945904
1759430647,3.0,0.0,3.0,3.0,1.508753,0.489566,3.5,-197.0,0.1799803921559727
1759430652,3.0,0.0,3.0,3.0,1.508753,0.489566,3.5,-197.0,0.1721598528888045
1759430657,3.0,0.0,3.0,3.0,1.508753,0.489566,3.5,-197.0,0.1768105823005661
1759430662,3.0,0.0,3.0,3.0,1.508753,0.489566,3.5,-197.0,0.1677999552060533
1759430662,3.0,0.0,3.0,3.0,1.508753,0.489566,3.5,-197.0,0.1677999552060533
1759430667,3.0,0.0,3.0,3.0,0.845892,0.923437,3.5,-197.0,0.16940290750444098
1759430672,3.0,0.0,3.0,3.0,0.845892,0.923437,3.5,-197.0,0.1525199495350393
1759430677,3.0,0.0,3.0,3.0,0.845892,0.923437,3.5,-197.0,0.16737183989934748
1759430682,3.0,0.0,3.0,3.0,0.845892,0.923437,3.5,-197.0,0.1670661566772915
1759430687,3.0,0.0,3.0,3.0,0.845892,0.923437,3.5,-197.0,0.1677677699411484
1759430692,3.0,0.0,3.0,3.0,0.845892,0.923437,3.5,-197.0,0.17181318954195426
1759430697,3.0,0.0,3.0,3.0,1.579734,2.894862,3.5,-199.0,0.17181318954195426
1759430702,3.0,0.0,3.0,3.0,1.579734,2.894862,3.5,-199.0,0.17622475694007572
1759430707,3.0,0.0,3.0,3.0,1.579734,2.894862,3.5,-199.0,0.17622475694007572
1759430712,3.0,0.0,3.0,3.0,1.579734,2.894862,3.5,-199.0,0.17733654588714332
1759430717,3.0,0.0,3.0,3.0,1.579734,2.894862,3.5,-199.0,0.15020027951622786
1759430722,3.0,0.0,3.0,3.0,1.579734,2.894862,3.5,-199.0,0.16719774097617265
1759430722,3.0,0.0,3.0,,3.0,1.579734,2.894862,3.5,-199.0,0.16719774097617265
1759430727,10.0,0.0,5.0,,21.0,18.895467,52.634909,3.5,-239.0,0.15488780588388879
1759430732,10.0,0.0,5.0,,21.0,18.895467,52.634909,3.5,-239.0,0.14842709664944517
1759430737,10.0,0.0,5.0,88.32144882167445,21.0,18.895467,52.634909,3.5,-239.0,0.17740658274637836
1759430742,10.0,0.0,5.0,88.32144882167445,21.0,18.895467,52.634909,3.5,-239.0,0.20362059383960138
1759430747,10.0,0.0,5.0,88.32144882167445,21.0,18.895467,52.634909,3.5,-239.0,0.2368143161603579
1759430752,10.0,0.0,5.0,88.32144882167445,21.0,18.895467,52.634909,3.5,-239.0,0.22261896844662765
1759430757,10.0,0.0,10.0,88.32144882167445,21.0,48.761369,62.865874,3.5,-224.0,0.2460755333077025
1759430762,10.0,0.0,10.0,88.32144882167445,21.0,48.761369,62.865874,3.5,-224.0,0.21234849948712986
1759430767,10.0,0.0,10.0,,21.0,48.761369,62.865874,3.5,-224.0,0.22370445923551127
1759430772,10.0,0.0,10.0,,21.0,48.761369,62.865874,3.5,-224.0,0.22104285722396586
1759430777,10.0,0.0,10.0,,21.0,48.761369,62.865874,3.5,-224.0,0.22329525454017676
1759430782,10.0,0.0,10.0,,21.0,48.761369,62.865874,3.5,-224.0,0.18124304668856817
1759430782,10.0,0.0,10.0,21.0,48.761369,62.865874,3.5,-224.0,0.20448324086318442
1759430787,10.0,0.0,10.0,21.0,1.402011,1.196496,3.5,-163.0,0.22103520959743808
1759430792,10.0,0.0,10.0,21.0,1.402011,1.196496,3.5,-163.0,0.2197460396145794
1759430797,10.0,0.0,10.0,21.0,1.402011,1.196496,3.5,-163.0,0.18764168377498988
1759430802,10.0,0.0,10.0,21.0,1.402011,1.196496,3.5,-163.0,0.194445052558018
1759430807,10.0,0.0,10.0,21.0,1.402011,1.196496,3.5,-163.0,0.20508319663355495
1759430812,10.0,0.0,10.0,21.0,1.402011,1.196496,3.5,-163.0,0.21273217028910002
1759430817,5.0,5.0,5.0,5.0,1.084561,1.321785,3.5,-188.0,0.2189580980750753
1759430822,5.0,5.0,5.0,5.0,1.084561,1.321785,3.5,-188.0,0.202483858672781
1759430827,5.0,5.0,5.0,5.0,1.084561,1.321785,3.5,-188.0,0.21076505746304544
1759430832,5.0,5.0,5.0,5.0,1.084561,1.321785,3.5,-188.0,0.21142942828035324
1759430837,5.0,5.0,5.0,5.0,1.084561,1.321785,3.5,-188.0,0.2126181793142875
1759430842,5.0,5.0,5.0,5.0,1.084561,1.321785,3.5,-188.0,0.18597927290635768
1759430842,5.0,5.0,5.0,5.0,1.084561,1.321785,3.5,-188.0,0.18894372423975148
1759430847,3.0,2.0,3.0,3.0,1.382566,1.857372,3.5,-198.0,0.19640763659338997
1759430852,3.0,2.0,3.0,3.0,1.382566,1.857372,3.5,-198.0,0.1975958641841766
1759430857,3.0,2.0,3.0,3.0,1.382566,1.857372,3.5,-198.0,0.1912982178029281
1759430862,3.0,2.0,3.0,3.0,1.382566,1.857372,3.5,-198.0,0.19290709513419663
1759430867,3.0,2.0,3.0,3.0,1.382566,1.857372,3.5,-198.0,0.1778562577524721
1759430872,3.0,2.0,3.0,3.0,1.382566,1.857372,3.5,-198.0,0.1684754637349927
1759430877,3.0,0.0,3.0,3.0,1.192272,1.021326,3.5,-198.0,0.186482286053558
1759430882,3.0,0.0,3.0,3.0,1.192272,1.021326,3.5,-198.0,0.18908796229468702
1759430887,3.0,0.0,3.0,3.0,1.192272,1.021326,3.5,-198.0,0.14349091748007026
1759430892,3.0,0.0,3.0,3.0,1.192272,1.021326,3.5,-198.0,0.1787928561422182
1759430897,3.0,0.0,3.0,3.0,1.192272,1.021326,3.5,-198.0,0.1796157651749021
1759430902,3.0,0.0,3.0,3.0,1.192272,1.021326,3.5,-198.0,0.18037129065204405
1759430902,3.0,0.0,3.0,3.0,1.192272,1.021326,3.5,-198.0,0.18037129065204405
1759430907,3.0,0.0,3.0,3.0,1.012929,0.912401,3.5,-197.0,0.1804896193330962
1759430912,3.0,0.0,3.0,3.0,1.012929,0.912401,3.5,-197.0,0.18055573463974336
1759430917,3.0,0.0,3.0,3.0,1.012929,0.912401,3.5,-197.0,0.16975092383985338
1759430922,3.0,0.0,3.0,3.0,1.012929,0.912401,3.5,-197.0,0.18192276807603164
1759430927,3.0,0.0,3.0,3.0,1.012929,0.912401,3.5,-197.0,0.18192276807603164
1759430932,3.0,0.0,3.0,3.0,1.012929,0.912401,3.5,-197.0,0.16474256018035902
1759430937,3.0,0.0,3.0,3.0,1.515362,1.13323,3.5,-198.0,0.1810298306763395
1759430942,3.0,0.0,3.0,3.0,1.515362,1.13323,3.5,-198.0,0.17769605160765106
1759430947,3.0,0.0,3.0,3.0,1.515362,1.13323,3.5,-198.0,0.17769605160765106
1759430952,3.0,0.0,3.0,3.0,1.515362,1.13323,3.5,-198.0,0.17863090363319015
1759430957,3.0,0.0,3.0,3.0,1.515362,1.13323,3.5,-198.0,0.17863090363319015
1759430962,3.0,0.0,3.0,3.0,1.515362,1.13323,3.5,-198.0,0.16658041928190817
1759430962,3.0,0.0,3.0,3.0,1.515362,1.13323,3.5,-198.0,0.17936840148312808
1759430967,3.0,0.0,3.0,3.0,1.042762,1.04145,3.5,-198.0,0.1752597142213136
1759430972,3.0,0.0,3.0,3.0,1.042762,1.04145,3.5,-198.0,0.1780728450374942
1759430977,3.0,0.0,3.0,3.0,1.042762,1.04145,3.5,-198.0,0.16039067978543087
1759430982,3.0,0.0,3.0,3.0,1.042762,1.04145,3.5,-198.0,0.1593880000235498
1759430987,3.0,0.0,3.0,3.0,1.042762,1.04145,3.5,-198.0,0.18252480559404746
1759430992,3.0,0.0,3.0,3.0,1.042762,1.04145,3.5,-198.0,0.18208287479611532
1759430997,3.0,0.0,3.0,3.0,1.107891,1.260395,3.5,-198.0,0.18145612371165562
1759431002,3.0,0.0,3.0,3.0,1.107891,1.260395,3.5,-198.0,0.17351717745405787
1759431007,3.0,0.0,3.0,3.0,1.107891,1.260395,3.5,-198.0,0.18124146589414414
1759431012,3.0,0.0,3.0,3.0,1.107891,1.260395,3.5,-198.0,0.16867497833189188
1759431017,3.0,0.0,3.0,3.0,1.107891,1.260395,3.5,-198.0,0.1724967545209751
1759431022,3.0,0.0,3.0,3.0,1.107891,1.260395,3.5,-198.0,0.15011353871088667
1759431022,3.0,0.0,3.0,,3.0,1.107891,1.260395,3.5,-198.0,0.15817654771930648
1759431027,3.0,0.0,3.0,,3.0,1.249994,1.195111,3.5,-198.0,0.1772265087793128
1759431032,3.0,0.0,3.0,,3.0,1.249994,1.195111,3.5,-198.0,0.17620547213938761
1759431037,3.0,0.0,3.0,,3.0,1.249994,1.195111,3.5,-198.0,0.17649489370910756
1759431042,3.0,0.0,3.0,,3.0,1.249994,1.195111,3.5,-198.0,0.16525622092173836
1759431047,3.0,0.0,3.0,,3.0,1.249994,1.195111,3.5,-198.0,0.17478400778886083
1759431052,3.0,0.0,3.0,,3.0,1.249994,1.195111,3.5,-198.0,0.1740305216936083
1759431057,3.0,0.0,3.0,,3.0,1.042711,1.212918,3.5,-198.0,0.17355921203835123
1759431062,3.0,0.0,3.0,,3.0,1.042711,1.212918,3.5,-198.0,0.17426608154671008
1759431067,3.0,0.0,3.0,2.9716003516553933,3.0,1.042711,1.212918,3.5,-198.0,0.1677071345126357
1759431072,3.0,0.0,3.0,2.9716003516553933,3.0,1.042711,1.212918,3.5,-198.0,0.16882919584192801
1759431077,3.0,0.0,3.0,2.9716003516553933,3.0,1.042711,1.212918,3.5,-198.0,0.168829195841928
1759431082,3.0,0.0,3.0,2.9716003516553933,3.0,1.042711,1.212918,3.5,-198.0,0.16040876488511568
1759431082,3.0,0.0,3.0,2.9716003516553933,3.0,1.042711,1.212918,3.5,-198.0,0.15450710121145944
1759431087,10.0,0.0,6.0,2.9716003516553933,14.0,19.156425,34.287567,3.5,-216.0,0.1657422161686028
1759431092,10.0,0.0,6.0,2.9716003516553933,14.0,19.156425,34.287567,3.5,-216.0,0.19676904269649198
1759431097,10.0,0.0,6.0,51.45083672804678,14.0,19.156425,34.287567,3.5,-216.0,0.21755616007823977
1759431102,10.0,0.0,6.0,51.45083672804678,14.0,19.156425,34.287567,3.5,-216.0,0.24315306836740316
1759431107,10.0,0.0,6.0,51.45083672804678,14.0,19.156425,34.287567,3.5,-216.0,0.2594593456611617
1759431112,10.0,0.0,6.0,51.45083672804678,14.0,19.156425,34.287567,3.5,-216.0,0.22458370196707916
1759431117,10.0,0.0,10.0,51.45083672804678,38.0,60.613305,2.635655,3.5,-164.0,0.21509137343522716
1759431122,10.0,0.0,10.0,51.45083672804678,38.0,60.613305,2.635655,3.5,-164.0,0.22060477537382817
1759431127,10.0,0.0,10.0,,38.0,60.613305,2.635655,3.5,-164.0,0.22156935946976378
1759431132,10.0,0.0,10.0,,38.0,60.613305,2.635655,3.5,-164.0,0.23998405406142734
1759431137,10.0,0.0,10.0,,38.0,60.613305,2.635655,3.5,-164.0,0.21151550509178865
1759431142,10.0,0.0,10.0,,38.0,60.613305,2.635655,3.5,-164.0,0.1803470638473879
1759431142,10.0,0.0,10.0,38.0,60.613305,2.635655,3.5,-164.0,0.1990920454835009
1759431147,10.0,0.0,10.0,38.0,1.81133,1.176621,3.5,-163.0,0.18346685014217717
1759431152,10.0,0.0,10.0,38.0,1.81133,1.176621,3.5,-163.0,0.18523923590965535
1759431157,10.0,0.0,10.0,38.0,1.81133,1.176621,3.5,-163.0,0.198593738639723
1759431162,10.0,0.0,10.0,38.0,1.81133,1.176621,3.5,-163.0,0.19425263559440306
1759431167,10.0,0.0,10.0,38.0,1.81133,1.176621,3.5,-163.0,0.19948350343848964
1759431172,10.0,0.0,10.0,38.0,1.81133,1.176621,3.5,-163.0,0.206890851778569
1759431177,5.0,5.0,5.0,5.0,0.861598,1.391168,3.5,-188.0,0.20280505957815367
1759431182,5.0,5.0,5.0,5.0,0.861598,1.391168,3.5,-188.0,0.19301147026687743
1759431187,5.0,5.0,5.0,5.0,0.861598,1.391168,3.5,-188.0,0.19153053544848966
1759431192,5.0,5.0,5.0,5.0,0.861598,1.391168,3.5,-188.0,0.2071898969745235
1759431197,5.0,5.0,5.0,5.0,0.861598,1.391168,3.5,-188.0,0.1962806281674993
1759431202,5.0,5.0,5.0,5.0,0.861598,1.391168,3.5,-188.0,0.18536789135638068
