index,srv-rate_autoscaler_requested_pods,srv-rate_autoscaler_terminating_pods,srv-rate_autoscaler_actual_pods,srv-rate_autoscaler_desired_pods,srv-rate_autoscaler_stable_request_concurrency,srv-rate_autoscaler_panic_request_concurrency,srv-rate_autoscaler_target_concurrency_per_pod,srv-rate_autoscaler_excess_burst_capacity,srv-rate_container_cpu_usage_seconds_total
1759427602,3.0,0.0,1.0,3.0,528.838093,0.0,7.0,-211.0,
1759427607,3.0,0.0,1.0,4.0,2370.82719,167.536114,7.0,-369.0,
1759427612,3.0,0.0,1.0,4.0,2370.82719,167.536114,7.0,-369.0,
1759427617,3.0,0.0,1.0,4.0,2370.82719,167.536114,7.0,-369.0,
1759427622,3.0,0.0,1.0,4.0,2370.82719,167.536114,7.0,-369.0,
1759427627,3.0,0.0,1.0,4.0,2370.82719,167.536114,7.0,-369.0,
1759427632,3.0,0.0,1.0,4.0,2370.82719,167.536114,7.0,-369.0,
1759427637,3.0,0.0,0.0,0.0,0.0,0.0,7.0,-201.0,0.0015277748487140693
1759427642,3.0,0.0,0.0,0.0,0.0,0.0,7.0,-201.0,0.0018571999621785173
1759427647,3.0,0.0,0.0,0.0,0.0,0.0,7.0,-201.0,0.0016549
1759427652,3.0,0.0,0.0,0.0,0.0,0.0,7.0,-201.0,0.0016549
1759427657,3.0,0.0,0.0,0.0,0.0,0.0,7.0,-201.0,0.0016549
1759427662,3.0,0.0,0.0,0.0,0.0,0.0,7.0,-201.0,0.0016549
1759427662,3.0,0.0,0.0,0.0,0.0,0.0,7.0,-201.0,0.0016549
1759427667,3.0,2.0,0.0,5.0,1211.283237,0.0,7.0,-211.0,0.0018121583333333335
1759427672,3.0,2.0,0.0,5.0,1211.283237,0.0,7.0,-211.0,0.0017742507186081693
1759427677,3.0,2.0,0.0,5.0,1211.283237,0.0,7.0,-211.0,0.0014448256051437214
1759427682,3.0,2.0,0.0,5.0,1211.283237,0.0,7.0,-211.0,
1759427687,3.0,2.0,0.0,5.0,1211.283237,0.0,7.0,-211.0,
1759427692,3.0,2.0,0.0,5.0,1211.283237,0.0,7.0,-211.0,
1759427697,3.0,0.0,0.0,5.0,1120.267427,0.0,7.0,-211.0,
1759427702,3.0,0.0,0.0,5.0,1120.267427,0.0,7.0,-211.0,
1759427707,3.0,0.0,0.0,5.0,1120.267427,0.0,7.0,-211.0,
1759427712,3.0,0.0,0.0,5.0,1120.267427,0.0,7.0,-211.0,
1759427717,3.0,0.0,0.0,5.0,1120.267427,0.0,7.0,-211.0,
1759427722,3.0,0.0,0.0,5.0,1120.267427,0.0,7.0,-211.0,
1759427722,3.0,0.0,0.0,5.0,1120.267427,0.0,7.0,-211.0,0.1329927418157193
1759427727,3.0,0.0,0.0,0.0,0.0,0.0,7.0,-211.0,0.10675763971297411
1759427732,3.0,0.0,0.0,0.0,0.0,0.0,7.0,-211.0,0.10764912422226726
1759427737,3.0,0.0,0.0,0.0,0.0,0.0,7.0,-211.0,0.09435234494625978
1759427742,3.0,0.0,0.0,0.0,0.0,0.0,7.0,-211.0,0.0807750950644129
1759427747,3.0,0.0,0.0,0.0,0.0,0.0,7.0,-211.0,0.07447602627177241
1759427752,3.0,0.0,0.0,0.0,0.0,0.0,7.0,-211.0,0.1037742513298923
1759427757,3.0,2.0,0.0,5.0,191.180393,0.0,7.0,-201.0,0.1037742513298923
1759427762,3.0,2.0,0.0,5.0,191.180393,0.0,7.0,-201.0,0.10229770746466613
1759427767,3.0,2.0,0.0,5.0,191.180393,0.0,7.0,-201.0,0.13170595038552668
1759427772,3.0,2.0,0.0,5.0,191.180393,0.0,7.0,-201.0,0.15659562283089645
1759427777,3.0,2.0,0.0,5.0,191.180393,0.0,7.0,-201.0,0.17439715121946378
1759427782,3.0,2.0,0.0,5.0,191.180393,0.0,7.0,-201.0,0.16265575198473597
1759427782,3.0,2.0,0.0,5.0,191.180393,0.0,7.0,-201.0,
1759427787,3.0,2.0,0.0,5.0,372.337731,0.0,7.0,-211.0,0.0011370546594934232
1759427792,3.0,2.0,0.0,5.0,372.337731,0.0,7.0,-211.0,0.0013381502256100818
1759427797,3.0,2.0,0.0,5.0,372.337731,0.0,7.0,-211.0,0.0015392457917267402
1759427802,3.0,2.0,0.0,5.0,372.337731,0.0,7.0,-211.0,0.0017403413578433993
1759427807,3.0,2.0,0.0,5.0,372.337731,0.0,7.0,-211.0,0.0019414369239600581
1759427812,3.0,2.0,0.0,5.0,372.337731,0.0,7.0,-211.0,0.001718091666666667
1759427817,3.0,2.0,0.0,5.0,245.291138,0.0,7.0,-211.0,0.001575885403873196
1759427822,3.0,2.0,0.0,5.0,245.291138,0.0,7.0,-211.0,0.001374789837756537
1759427827,3.0,2.0,0.0,5.0,245.291138,0.0,7.0,-211.0,0.0011736942716398782
1759427832,3.0,2.0,0.0,5.0,245.291138,0.0,7.0,-211.0,
1759427837,3.0,2.0,0.0,5.0,245.291138,0.0,7.0,-211.0,
1759427842,3.0,2.0,0.0,5.0,245.291138,0.0,7.0,-211.0,
1759427842,3.0,2.0,0.0,5.0,245.291138,0.0,7.0,-211.0,0.0008542709454228759
1759427847,3.0,2.0,0.0,5.0,1041.505685,0.0,7.0,-211.0,0.0010208247161473452
1759427852,3.0,2.0,0.0,5.0,1041.505685,0.0,7.0,-211.0,0.0011873784868718146
1759427857,3.0,2.0,0.0,5.0,1041.505685,0.0,7.0,-211.0,0.0010327
1759427862,3.0,2.0,0.0,5.0,1041.505685,0.0,7.0,-211.0,0.0010327
1759427867,3.0,2.0,0.0,5.0,1041.505685,0.0,7.0,-211.0,0.0010327
1759427872,3.0,2.0,0.0,5.0,1041.505685,0.0,7.0,-211.0,0.0011708583333333335
1759427877,3.0,2.0,0.0,0.0,0.0,0.0,7.0,-211.0,0.0010111979081994708
1759427882,3.0,2.0,0.0,0.0,0.0,0.0,7.0,-211.0,0.0008446441374750015
1759427887,3.0,2.0,0.0,0.0,0.0,0.0,7.0,-211.0,
1759427892,3.0,2.0,0.0,0.0,0.0,0.0,7.0,-211.0,
1759427897,3.0,2.0,0.0,0.0,0.0,0.0,7.0,-211.0,
1759427902,3.0,2.0,0.0,0.0,0.0,0.0,7.0,-211.0,
1759427902,3.0,2.0,0.0,0.0,0.0,0.0,7.0,-211.0,
1759427907,3.0,2.0,0.0,5.0,43.087842,0.0,7.0,-201.0,
1759427912,3.0,2.0,0.0,5.0,43.087842,0.0,7.0,-201.0,
1759427917,3.0,2.0,0.0,5.0,43.087842,0.0,7.0,-201.0,
1759427922,3.0,2.0,0.0,5.0,43.087842,0.0,7.0,-201.0,
1759427927,3.0,2.0,0.0,5.0,43.087842,0.0,7.0,-201.0,
1759427932,3.0,2.0,0.0,5.0,43.087842,0.0,7.0,-201.0,
1759427937,3.0,2.0,0.0,4.0,26.880534,0.0,7.0,-201.0,
1759427942,3.0,2.0,0.0,4.0,26.880534,0.0,7.0,-201.0,
1759427947,3.0,2.0,0.0,4.0,26.880534,0.0,7.0,-201.0,
1759427952,3.0,2.0,0.0,4.0,26.880534,0.0,7.0,-201.0,
1759427957,3.0,2.0,0.0,4.0,26.880534,0.0,7.0,-201.0,0.001138613736194779
1759427962,3.0,2.0,0.0,4.0,26.880534,0.0,7.0,-201.0,0.001456957423443775
1759427962,3.0,2.0,0.0,,4.0,26.880534,0.0,7.0,-201.0,0.001456957423443775
1759427967,3.0,3.0,2.0,,15.0,636.587348,715.295181,7.0,-907.0,0.001019590324712101
1759427972,3.0,3.0,2.0,,15.0,636.587348,715.295181,7.0,-907.0,0.0011953029922597694
1759427977,3.0,3.0,2.0,2253.5921383425316,15.0,636.587348,715.295181,7.0,-907.0,0.0011168999999999999
1759427982,3.0,3.0,2.0,2253.5921383425316,15.0,636.587348,715.295181,7.0,-907.0,0.0011168999999999999
1759427987,3.0,3.0,2.0,2253.5921383425316,15.0,636.587348,715.295181,7.0,-907.0,0.0011168999999999999
1759427992,3.0,3.0,2.0,2253.5921383425316,15.0,636.587348,715.295181,7.0,-907.0,0.001196083333333333
1759427997,3.0,0.0,0.0,2253.5921383425316,15.0,2108.614486,2443.505168,7.0,-2655.0,0.0011515856805739096
1759428002,3.0,0.0,0.0,2253.5921383425316,15.0,2108.614486,2443.505168,7.0,-2655.0,0.0009758730130262411
1759428007,3.0,0.0,0.0,2477.169380752804,15.0,2108.614486,2443.505168,7.0,-2655.0,0.00014686137511043788
1759428012,3.0,0.0,0.0,2477.169380752804,15.0,2108.614486,2443.505168,7.0,-2655.0,0.00011458982393032933
1759428017,3.0,0.0,0.0,2477.169380752804,15.0,2108.614486,2443.505168,7.0,-2655.0,
1759428022,3.0,0.0,0.0,2477.169380752804,15.0,2108.614486,2443.505168,7.0,-2655.0,
1759428022,3.0,0.0,0.0,2477.169380752804,15.0,2108.614486,2443.505168,7.0,-2655.0,0.1697548626455804
1759428027,3.0,0.0,0.0,2477.169380752804,0.0,0.0,0.0,7.0,-211.0,0.17196912067729705
1759428032,3.0,0.0,0.0,2477.169380752804,0.0,0.0,0.0,7.0,-211.0,0.10643667407887641
1759428037,3.0,0.0,0.0,,0.0,0.0,0.0,7.0,-211.0,0.09470700249703211
1759428042,3.0,0.0,0.0,,0.0,0.0,0.0,7.0,-211.0,0.09232094165470718
1759428047,3.0,0.0,0.0,,0.0,0.0,0.0,7.0,-211.0,0.10055438131388968
1759428052,3.0,0.0,0.0,,0.0,0.0,0.0,7.0,-211.0,0.08721248320178807
1759428057,3.0,2.0,2.0,,5.0,285.726652,0.0,7.0,-211.0,0.04749719056419676
1759428062,3.0,2.0,2.0,,5.0,285.726652,0.0,7.0,-211.0,0.03919803461758923
1759428067,3.0,2.0,2.0,,5.0,285.726652,0.0,7.0,-211.0,0.07305503728874643
1759428072,3.0,2.0,2.0,,5.0,285.726652,0.0,7.0,-211.0,0.10803347735969497
1759428077,3.0,2.0,2.0,,5.0,285.726652,0.0,7.0,-211.0,0.1374598631212693
1759428082,3.0,2.0,2.0,,5.0,285.726652,0.0,7.0,-211.0,0.1345942815911471
1759428082,3.0,2.0,2.0,5.0,285.726652,0.0,7.0,-211.0,0.14554095427396846
1759428087,3.0,2.0,2.0,5.0,167.709693,0.0,7.0,-201.0,0.15021970723336392
1759428092,3.0,2.0,2.0,5.0,167.709693,0.0,7.0,-201.0,0.16580615123210632
1759428097,3.0,2.0,2.0,5.0,167.709693,0.0,7.0,-201.0,0.233160045944015
1759428102,3.0,2.0,2.0,5.0,167.709693,0.0,7.0,-201.0,0.2545658209723363
1759428107,3.0,2.0,2.0,5.0,167.709693,0.0,7.0,-201.0,0.2561140860926402
1759428112,3.0,2.0,2.0,5.0,167.709693,0.0,7.0,-201.0,0.25117565427905586
1759428117,3.0,2.0,0.0,5.0,389.104982,0.0,7.0,-211.0,0.18484002188778795
1759428122,3.0,2.0,0.0,5.0,389.104982,0.0,7.0,-211.0,0.25526219279242396
1759428127,3.0,2.0,0.0,5.0,389.104982,0.0,7.0,-211.0,0.2661660806769179
1759428132,3.0,2.0,0.0,5.0,389.104982,0.0,7.0,-211.0,0.28234041826241607
1759428137,3.0,2.0,0.0,5.0,389.104982,0.0,7.0,-211.0,0.24513673047929346
1759428142,3.0,2.0,0.0,5.0,389.104982,0.0,7.0,-211.0,0.19211189330924178
1759428142,3.0,2.0,0.0,5.0,389.104982,0.0,7.0,-211.0,0.19211189330924178
1759428147,3.0,2.0,0.0,5.0,1080.179803,0.0,7.0,-211.0,0.31192184368798953
1759428152,3.0,2.0,0.0,5.0,1080.179803,0.0,7.0,-211.0,0.2903458146870485
1759428157,3.0,2.0,0.0,5.0,1080.179803,0.0,7.0,-211.0,0.2385489692635994
1759428162,3.0,2.0,0.0,5.0,1080.179803,0.0,7.0,-211.0,0.27618582436134176
1759428167,3.0,2.0,0.0,5.0,1080.179803,0.0,7.0,-211.0,0.2695101463202582
1759428172,3.0,2.0,0.0,5.0,1080.179803,0.0,7.0,-211.0,0.26583857759042184
1759428177,3.0,2.0,0.0,5.0,823.271416,0.0,7.0,-211.0,0.2902907833616154
1759428182,3.0,2.0,0.0,5.0,823.271416,0.0,7.0,-211.0,0.2264578831747101
1759428187,3.0,2.0,0.0,5.0,823.271416,0.0,7.0,-211.0,0.2653936995777927
1759428192,3.0,2.0,0.0,5.0,823.271416,0.0,7.0,-211.0,0.21050978874112924
1759428197,3.0,2.0,0.0,5.0,823.271416,0.0,7.0,-211.0,0.22037645534877556
1759428202,3.0,2.0,0.0,5.0,823.271416,0.0,7.0,-211.0,0.22147770591100355
1759428202,3.0,2.0,0.0,5.0,823.271416,0.0,7.0,-211.0,0.21671363934356966
1759428207,3.0,0.0,0.0,5.0,66.702536,0.0,7.0,-201.0,0.20105535532980545
1759428212,3.0,0.0,0.0,5.0,66.702536,0.0,7.0,-201.0,0.18709450966378224
1759428217,3.0,0.0,0.0,5.0,66.702536,0.0,7.0,-201.0,0.15073978562194024
1759428222,3.0,0.0,0.0,5.0,66.702536,0.0,7.0,-201.0,0.1598249105116362
1759428227,3.0,0.0,0.0,5.0,66.702536,0.0,7.0,-201.0,0.10679385009379208
1759428232,3.0,0.0,0.0,5.0,66.702536,0.0,7.0,-201.0,0.19418913624259168
1759428237,3.0,2.0,0.0,5.0,1498.512205,0.0,7.0,-211.0,0.19696732387486549
1759428242,3.0,2.0,0.0,5.0,1498.512205,0.0,7.0,-211.0,0.20586364015564898
1759428247,3.0,2.0,0.0,5.0,1498.512205,0.0,7.0,-211.0,0.20221479580036017
1759428252,3.0,2.0,0.0,5.0,1498.512205,0.0,7.0,-211.0,0.2153585333961309
1759428257,3.0,2.0,0.0,5.0,1498.512205,0.0,7.0,-211.0,0.24174802505343884
1759428262,3.0,2.0,0.0,5.0,1498.512205,0.0,7.0,-211.0,0.1907504051042707
1759428262,3.0,2.0,0.0,5.0,1498.512205,0.0,7.0,-211.0,0.20212454005385525
1759428267,3.0,0.0,0.0,5.0,423.099997,0.0,7.0,-201.0,0.20654466437815067
1759428272,3.0,0.0,0.0,5.0,423.099997,0.0,7.0,-201.0,0.22044353647597936
1759428277,3.0,0.0,0.0,5.0,423.099997,0.0,7.0,-201.0,0.20587371114976907
1759428282,3.0,0.0,0.0,5.0,423.099997,0.0,7.0,-201.0,0.1752542302321892
1759428287,3.0,0.0,0.0,5.0,423.099997,0.0,7.0,-201.0,0.1750414476858701
1759428292,3.0,0.0,0.0,5.0,423.099997,0.0,7.0,-201.0,0.16562228569563062
1759428297,3.0,0.0,0.0,0.0,0.0,0.0,7.0,-211.0,0.13969693947525705
1759428302,3.0,0.0,0.0,0.0,0.0,0.0,7.0,-211.0,0.1425922458990429
1759428307,3.0,0.0,0.0,0.0,0.0,0.0,7.0,-211.0,0.14122478819728904
1759428312,3.0,0.0,0.0,0.0,0.0,0.0,7.0,-211.0,0.0992337008183822
1759428317,3.0,0.0,0.0,0.0,0.0,0.0,7.0,-211.0,0.0992337008183822
1759428322,3.0,0.0,0.0,0.0,0.0,0.0,7.0,-211.0,0.08578866002184052
1759428322,3.0,0.0,0.0,,0.0,0.0,0.0,7.0,-211.0,0.08578866002184052
1759428327,3.0,2.0,1.0,,5.0,417.890826,0.0,7.0,-201.0,0.08991309648018225
1759428332,3.0,2.0,1.0,,5.0,417.890826,0.0,7.0,-201.0,0.21287602261675734
1759428337,3.0,2.0,1.0,301.92486393773646,5.0,417.890826,0.0,7.0,-201.0,0.25040046605575017
1759428342,3.0,2.0,1.0,301.92486393773646,5.0,417.890826,0.0,7.0,-201.0,0.20786228731698547
1759428347,3.0,2.0,1.0,301.92486393773646,5.0,417.890826,0.0,7.0,-201.0,0.1946751257027003
1759428352,3.0,2.0,1.0,301.92486393773646,5.0,417.890826,0.0,7.0,-201.0,0.23392119664467326
1759428357,3.0,0.0,0.0,301.92486393773646,5.0,899.623335,1574.30511,7.0,-1786.0,0.26852833150074196
1759428362,3.0,0.0,0.0,301.92486393773646,5.0,899.623335,1574.30511,7.0,-1786.0,0.27262018688858536
1759428367,3.0,0.0,0.0,2523.0,5.0,899.623335,1574.30511,7.0,-1786.0,0.24713838717950454
1759428372,3.0,0.0,0.0,2523.0,5.0,899.623335,1574.30511,7.0,-1786.0,0.22529700205702882
1759428377,3.0,0.0,0.0,2523.0,5.0,899.623335,1574.30511,7.0,-1786.0,0.1458959296103805
1759428382,3.0,0.0,0.0,2523.0,5.0,899.623335,1574.30511,7.0,-1786.0,0.12276094243820891
1759428382,3.0,0.0,0.0,2523.0,5.0,899.623335,1574.30511,7.0,-1786.0,
1759428387,1.0,2.0,1.0,2523.0,0.0,0.0,0.0,7.0,-201.0,
1759428392,1.0,2.0,1.0,2523.0,0.0,0.0,0.0,7.0,-201.0,0.0011344207292004762
1759428397,1.0,2.0,1.0,,0.0,0.0,0.0,7.0,-201.0,0.0014196230444660826
1759428402,1.0,2.0,1.0,,0.0,0.0,0.0,7.0,-201.0,0.0017048253597316885
1759428407,1.0,2.0,1.0,,0.0,0.0,0.0,7.0,-201.0,0.003225098983507996
1759428412,1.0,2.0,1.0,,0.0,0.0,0.0,7.0,-201.0,0.003676294297307573
1759428417,1.0,2.0,1.0,,3.0,0.016733,0.0,7.0,-201.0,0.00412748961110715
1759428422,1.0,2.0,1.0,,3.0,0.016733,0.0,7.0,-201.0,0.00379735
1759428427,1.0,2.0,1.0,,3.0,0.016733,0.0,7.0,-201.0,0.009937709686807928
1759428432,1.0,2.0,1.0,,3.0,0.016733,0.0,7.0,-201.0,0.010888847308762797
1759428437,1.0,2.0,1.0,,3.0,0.016733,0.0,7.0,-201.0,0.011413651463458435
1759428442,1.0,2.0,1.0,,3.0,0.016733,0.0,7.0,-201.0,0.10613952322422954
1759428442,1.0,2.0,1.0,3.0,0.016733,0.0,7.0,-201.0,0.10613952322422954
1759428447,1.0,2.0,1.0,5.0,46.09766,0.0,7.0,-201.0,0.11633055404250797
1759428452,1.0,2.0,1.0,5.0,46.09766,0.0,7.0,-201.0,0.19931408641116213
1759428457,1.0,2.0,1.0,5.0,46.09766,0.0,7.0,-201.0,0.22078389684328273
1759428462,1.0,2.0,1.0,5.0,46.09766,0.0,7.0,-201.0,0.24225370727540324
1759428467,1.0,2.0,1.0,5.0,46.09766,0.0,7.0,-201.0,0.22093320189783924
1759428472,1.0,2.0,1.0,5.0,46.09766,0.0,7.0,-201.0,0.24490539163590225
1759428477,1.0,2.0,1.0,0.0,0.0,0.0,7.0,-211.0,0.2688775813739653
1759428482,1.0,2.0,1.0,0.0,0.0,0.0,7.0,-211.0,0.2876662768567563
1759428487,1.0,2.0,1.0,0.0,0.0,0.0,7.0,-211.0,0.19594627405389206
1759428492,1.0,2.0,1.0,0.0,0.0,0.0,7.0,-211.0,0.1749374367665022
1759428497,1.0,2.0,1.0,0.0,0.0,0.0,7.0,-211.0,0.15392859947911236
1759428502,1.0,2.0,1.0,0.0,0.0,0.0,7.0,-211.0,0.06162186075058566
1759428502,1.0,2.0,1.0,0.0,0.0,0.0,7.0,-211.0,0.06162186075058566
1759428507,1.0,2.0,1.0,5.0,2083.816374,2083.816374,7.0,-2295.0,0.05235792305694098
1759428512,1.0,2.0,1.0,5.0,2083.816374,2083.816374,7.0,-2295.0,
1759428517,1.0,2.0,1.0,5.0,2083.816374,2083.816374,7.0,-2295.0,
1759428522,1.0,2.0,1.0,5.0,2083.816374,2083.816374,7.0,-2295.0,
1759428527,1.0,2.0,1.0,5.0,2083.816374,2083.816374,7.0,-2295.0,
1759428532,1.0,2.0,1.0,5.0,2083.816374,2083.816374,7.0,-2295.0,
1759428537,1.0,2.0,1.0,5.0,551.458424,0.0,7.0,-211.0,
1759428542,1.0,2.0,1.0,5.0,551.458424,0.0,7.0,-211.0,
1759428547,1.0,2.0,1.0,5.0,551.458424,0.0,7.0,-211.0,
1759428552,1.0,2.0,1.0,5.0,551.458424,0.0,7.0,-211.0,
1759428557,1.0,2.0,1.0,5.0,551.458424,0.0,7.0,-211.0,
1759428562,1.0,2.0,1.0,5.0,551.458424,0.0,7.0,-211.0,
1759428562,1.0,2.0,1.0,5.0,551.458424,0.0,7.0,-211.0,0.03395102466134073
1759428567,1.0,2.0,1.0,5.0,551.458424,0.0,7.0,-211.0,0.025056123842768244
1759428572,1.0,2.0,1.0,5.0,551.458424,0.0,7.0,-211.0,0.020069609251001454
1759428577,1.0,2.0,1.0,5.0,551.458424,0.0,7.0,-211.0,0.009525563511005034
1759428582,1.0,2.0,1.0,5.0,551.458424,0.0,7.0,-211.0,0.009525563511005034
1759428587,1.0,2.0,1.0,5.0,551.458424,0.0,7.0,-211.0,0.009573524075099801
1759428592,1.0,2.0,1.0,5.0,551.458424,0.0,7.0,-211.0,0.010937503610004088
1759428597,1.0,2.0,1.0,5.0,551.458424,0.0,7.0,-211.0,0.010937503610004088
1759428602,1.0,2.0,1.0,5.0,551.458424,0.0,7.0,-211.0,0.01027047870214977
1759428607,1.0,2.0,1.0,5.0,551.458424,0.0,7.0,-211.0,0.01027047870214977
1759428612,1.0,2.0,1.0,5.0,551.458424,0.0,7.0,-211.0,0.007735346473580931
1759428617,1.0,2.0,1.0,5.0,551.458424,0.0,7.0,-211.0,0.007653414095700439
1759428622,1.0,2.0,1.0,5.0,551.458424,0.0,7.0,-211.0,0.006884817680311223
1759428622,1.0,2.0,1.0,5.0,551.458424,0.0,7.0,-211.0,0.02907686813859525
1759428627,1.0,2.0,1.0,5.0,429.018908,0.0,7.0,-211.0,0.02907686813859525
1759428632,1.0,2.0,1.0,5.0,429.018908,0.0,7.0,-211.0,0.02967038746154484
1759428637,1.0,2.0,1.0,5.0,429.018908,0.0,7.0,-211.0,0.02967038746154484
1759428642,1.0,2.0,1.0,5.0,429.018908,0.0,7.0,-211.0,0.02967038746154484
1759428647,1.0,2.0,1.0,5.0,429.018908,0.0,7.0,-211.0,0.03953390245395019
1759428652,1.0,2.0,1.0,5.0,429.018908,0.0,7.0,-211.0,0.029096442720369767
1759428657,1.0,2.0,1.0,5.0,429.018908,0.0,7.0,-211.0,0.02909644272036977
1759428662,1.0,2.0,1.0,5.0,429.018908,0.0,7.0,-211.0,0.007807715205398171
1759428667,1.0,2.0,1.0,5.0,429.018908,0.0,7.0,-211.0,0.009190292614955896
1759428672,1.0,2.0,1.0,5.0,429.018908,0.0,7.0,-211.0,0.00958968095619909
1759428677,1.0,2.0,1.0,5.0,429.018908,0.0,7.0,-211.0,0.00958968095619909
1759428682,1.0,2.0,1.0,5.0,429.018908,0.0,7.0,-211.0,0.009273094282848553
1759428682,1.0,2.0,1.0,5.0,429.018908,0.0,7.0,-211.0,0.009273094282848553
1759428687,1.0,2.0,1.0,5.0,429.018908,0.0,7.0,-211.0,0.007956108825922218
1759428692,1.0,2.0,1.0,5.0,429.018908,0.0,7.0,-211.0,0.007825676911013234
1759428697,1.0,2.0,1.0,5.0,429.018908,0.0,7.0,-211.0,0.009172237864895422
1759428702,1.0,2.0,1.0,5.0,429.018908,0.0,7.0,-211.0,0.009172237864895422
1759428707,1.0,2.0,1.0,5.0,429.018908,0.0,7.0,-211.0,0.008871590850504377
1759428712,1.0,2.0,1.0,5.0,429.018908,0.0,7.0,-211.0,0.008577071204657394
1759428717,1.0,2.0,1.0,5.0,429.018908,0.0,7.0,-211.0,0.008577071204657394
1759428722,1.0,2.0,1.0,5.0,429.018908,0.0,7.0,-211.0,0.00868792978259939
1759428727,1.0,2.0,1.0,5.0,429.018908,0.0,7.0,-211.0,0.00868792978259939
1759428732,1.0,2.0,1.0,5.0,429.018908,0.0,7.0,-211.0,0.008365351002746496
1759428737,1.0,2.0,1.0,5.0,429.018908,0.0,7.0,-211.0,0.010096611339985243
1759428742,1.0,2.0,1.0,5.0,429.018908,0.0,7.0,-211.0,0.010096611339985243
1759428742,1.0,2.0,1.0,5.0,429.018908,0.0,7.0,-211.0,0.010096611339985243
1759428747,1.0,2.0,1.0,5.0,429.018908,0.0,7.0,-211.0,0.010969159571198723
1759428752,1.0,2.0,1.0,5.0,429.018908,0.0,7.0,-211.0,0.012194255577673794
1759428757,1.0,2.0,1.0,5.0,429.018908,0.0,7.0,-211.0,0.012194255577673794
1759428762,1.0,2.0,1.0,5.0,429.018908,0.0,7.0,-211.0,0.011300673148840685
1759428767,1.0,2.0,1.0,5.0,429.018908,0.0,7.0,-211.0,0.011339796294023808
1759428772,1.0,2.0,1.0,5.0,429.018908,0.0,7.0,-211.0,0.011339796294023808
1759428777,1.0,2.0,1.0,5.0,429.018908,0.0,7.0,-211.0,0.01079444805822685
1759428782,1.0,2.0,1.0,5.0,429.018908,0.0,7.0,-211.0,0.010561173998508795
1759428787,1.0,2.0,1.0,5.0,429.018908,0.0,7.0,-211.0,0.010561173998508795
1759428792,1.0,2.0,1.0,5.0,429.018908,0.0,7.0,-211.0,0.01643277097296051
1759428797,1.0,2.0,1.0,5.0,429.018908,0.0,7.0,-211.0,0.01643277097296051
1759428802,1.0,2.0,1.0,5.0,429.018908,0.0,7.0,-211.0,0.01643277097296051
1759428802,1.0,2.0,1.0,5.0,429.018908,0.0,7.0,-211.0,0.01643277097296051
1759428807,1.0,2.0,1.0,0.0,0.0,0.0,7.0,-211.0,0.029777030011146424
1759428812,1.0,2.0,1.0,0.0,0.0,0.0,7.0,-211.0,0.029777030011146424
1759428817,1.0,2.0,1.0,0.0,0.0,0.0,7.0,-211.0,0.029777030011146424
1759428822,1.0,2.0,1.0,0.0,0.0,0.0,7.0,-211.0,0.029974734012767387
1759428827,1.0,2.0,1.0,0.0,0.0,0.0,7.0,-211.0,0.029974734012767387
1759428832,1.0,2.0,1.0,0.0,0.0,0.0,7.0,-211.0,0.026451368081098037
1759428837,1.0,2.0,1.0,0.0,0.0,0.0,7.0,-211.0,0.024144101382488462
1759428842,1.0,2.0,1.0,0.0,0.0,0.0,7.0,-211.0,0.024144101382488462
1759428847,1.0,2.0,1.0,0.0,0.0,0.0,7.0,-211.0,0.021064855198087547
1759428852,1.0,2.0,1.0,0.0,0.0,0.0,7.0,-211.0,0.00753952495520841
1759428857,1.0,2.0,1.0,0.0,0.0,0.0,7.0,-211.0,0.0076319183769117975
1759428862,1.0,2.0,1.0,0.0,0.0,0.0,7.0,-211.0,0.009995875154681677
1759428862,1.0,2.0,1.0,0.0,0.0,0.0,7.0,-211.0,0.009995875154681677
1759428867,1.0,2.0,1.0,0.0,0.0,0.0,7.0,-211.0,0.011533931367605263
1759428872,1.0,2.0,1.0,0.0,0.0,0.0,7.0,-211.0,0.01002353101631911
1759428877,1.0,2.0,1.0,0.0,0.0,0.0,7.0,-211.0,0.010277179201387049
1759428882,1.0,2.0,1.0,0.0,0.0,0.0,7.0,-211.0,0.009791385116545263
1759428887,1.0,2.0,1.0,0.0,0.0,0.0,7.0,-211.0,0.009791385116545263
1759428892,1.0,2.0,1.0,0.0,0.0,0.0,7.0,-211.0,0.010529659300598586
1759428897,1.0,2.0,1.0,0.0,0.0,0.0,7.0,-211.0,0.010529659300598584
1759428902,1.0,2.0,1.0,0.0,0.0,0.0,7.0,-211.0,0.01082832828291992
1759428907,1.0,2.0,1.0,0.0,0.0,0.0,7.0,-211.0,0.0101374464567521
1759428912,1.0,2.0,1.0,0.0,0.0,0.0,7.0,-211.0,0.0101374464567521
1759428917,1.0,2.0,1.0,0.0,0.0,0.0,7.0,-211.0,0.01032385713758626
1759428922,1.0,2.0,1.0,0.0,0.0,0.0,7.0,-211.0,0.009971016565176665
1759428922,1.0,2.0,1.0,0.0,0.0,0.0,7.0,-211.0,0.009971016565176665
1759428927,1.0,2.0,1.0,0.0,0.0,0.0,7.0,-211.0,0.009927382004537185
1759428932,1.0,2.0,1.0,0.0,0.0,0.0,7.0,-211.0,0.011983214709371264
1759428937,1.0,2.0,1.0,0.0,0.0,0.0,7.0,-211.0,0.011861982277976886
1759428942,1.0,2.0,1.0,0.0,0.0,0.0,7.0,-211.0,0.01108372717194701
1759428947,1.0,2.0,1.0,0.0,0.0,0.0,7.0,-211.0,0.01108372717194701
1759428952,1.0,2.0,1.0,0.0,0.0,0.0,7.0,-211.0,0.010531245863822885
1759428957,1.0,2.0,1.0,0.0,0.0,0.0,7.0,-211.0,0.010531245863822885
1759428962,1.0,2.0,1.0,0.0,0.0,0.0,7.0,-211.0,0.010415211647064937
1759428967,1.0,2.0,1.0,0.0,0.0,0.0,7.0,-211.0,0.008697511797316216
1759428972,1.0,2.0,1.0,0.0,0.0,0.0,7.0,-211.0,0.010473021837776502
1759428977,1.0,2.0,1.0,0.0,0.0,0.0,7.0,-211.0,0.00966163405990582
1759428982,1.0,2.0,1.0,0.0,0.0,0.0,7.0,-211.0,0.00966163405990582
1759428982,1.0,2.0,1.0,0.0,0.0,0.0,7.0,-211.0,0.00966163405990582
1759428987,1.0,2.0,1.0,0.0,0.0,0.0,7.0,-211.0,0.010095885313297403
1759428992,1.0,2.0,1.0,0.0,0.0,0.0,7.0,-211.0,0.010542054833927086
1759428997,1.0,2.0,1.0,0.0,0.0,0.0,7.0,-211.0,0.010542054833927086
1759429002,1.0,2.0,1.0,0.0,0.0,0.0,7.0,-211.0,0.010055267221412024
1759429007,1.0,2.0,1.0,0.0,0.0,0.0,7.0,-211.0,0.010055267221412024
1759429012,1.0,2.0,1.0,0.0,0.0,0.0,7.0,-211.0,0.0076642337270290415
1759429017,1.0,2.0,1.0,0.0,0.0,0.0,7.0,-211.0,0.009077678738099712
1759429022,1.0,2.0,1.0,0.0,0.0,0.0,7.0,-211.0,0.009077678738099712
1759429027,1.0,2.0,1.0,0.0,0.0,0.0,7.0,-211.0,0.009131265696494337
1759429032,1.0,2.0,1.0,0.0,0.0,0.0,7.0,-211.0,0.008371701631701693
1759429037,1.0,2.0,1.0,0.0,0.0,0.0,7.0,-211.0,0.008371701631701693
1759429042,1.0,2.0,1.0,0.0,0.0,0.0,7.0,-211.0,0.008371701631701693
1759429042,,,,,,,,,0.000862325439046433
1759429047,,,,,,,,,0.0010565447839574027
1759429052,,,,,,,,,0.0010565447839574024
1759429057,,,,,,,,,0.0008913275933660637
1759429062,,,,,,,,,0.0007197065615384612
1759429067,,,,,,,,,0.0006409644800904974
1759429072,,,,,,,,,0.0005622223986425336
1759429077,8.0,0.0,4.0,8.0,270.827047,84.069321,35.0,-96.0,0.0005289908186431628
1759429082,8.0,0.0,4.0,8.0,270.827047,84.069321,35.0,-96.0,0.3082630427054526
1759429087,8.0,0.0,4.0,8.0,270.827047,84.069321,35.0,-96.0,0.38268420803714276
1759429092,8.0,0.0,4.0,8.0,270.827047,84.069321,35.0,-96.0,0.569524377651456
1759429097,8.0,0.0,4.0,8.0,270.827047,84.069321,35.0,-96.0,0.6054046205452338
1759429102,8.0,0.0,4.0,8.0,270.827047,84.069321,35.0,-96.0,0.7035710308305171
1759429102,8.0,0.0,4.0,,8.0,270.827047,84.069321,35.0,-96.0,0.7035710308305171
1759429107,10.0,0.0,7.0,,10.0,75.22621,31.647342,35.0,107.0,0.8060917566639342
1759429112,10.0,0.0,7.0,,10.0,75.22621,31.647342,35.0,107.0,0.8752379726242834
1759429117,10.0,0.0,7.0,22.726216579475683,10.0,75.22621,31.647342,35.0,107.0,0.9719916970744574
1759429122,10.0,0.0,7.0,22.726216579475683,10.0,75.22621,31.647342,35.0,107.0,0.9224298635340485
1759429127,10.0,0.0,7.0,22.726216579475683,10.0,75.22621,31.647342,35.0,107.0,0.9922509250456181
1759429132,10.0,0.0,7.0,22.726216579475683,10.0,75.22621,31.647342,35.0,107.0,1.055299642950197
1759429137,10.0,0.0,6.0,22.726216579475683,10.0,129.751931,275.228008,35.0,-187.0,1.1026034760387513
1759429142,10.0,0.0,6.0,22.726216579475683,10.0,129.751931,275.228008,35.0,-187.0,1.1604556435845463
1759429147,10.0,0.0,6.0,1.0,10.0,129.751931,275.228008,35.0,-187.0,1.2261420882979535
1759429152,10.0,0.0,6.0,1.0,10.0,129.751931,275.228008,35.0,-187.0,1.2223980749286647
1759429157,10.0,0.0,6.0,1.0,10.0,129.751931,275.228008,35.0,-187.0,1.1578236579066294
1759429162,10.0,0.0,6.0,1.0,10.0,129.751931,275.228008,35.0,-187.0,1.1250262399133995
1759429162,10.0,0.0,6.0,1.0,10.0,129.751931,275.228008,35.0,-187.0,1.1791896253816996
1759429167,5.0,5.0,4.0,1.0,5.0,104.838937,2.287104,35.0,-14.0,1.2284975550224306
1759429172,5.0,5.0,4.0,1.0,5.0,104.838937,2.287104,35.0,-14.0,1.178425020830389
1759429177,5.0,5.0,4.0,7.715760691318558,5.0,104.838937,2.287104,35.0,-14.0,1.2339731430578527
1759429182,5.0,5.0,4.0,7.715760691318558,5.0,104.838937,2.287104,35.0,-14.0,1.1907209676023462
1759429187,5.0,5.0,4.0,7.715760691318558,5.0,104.838937,2.287104,35.0,-14.0,1.145860796153452
1759429192,5.0,5.0,4.0,7.715760691318558,5.0,104.838937,2.287104,35.0,-14.0,0.9510208470487662
1759429197,6.0,2.0,3.0,7.715760691318558,6.0,39.703355,265.226141,35.0,-327.0,0.8930465246157868
1759429202,6.0,2.0,3.0,7.715760691318558,6.0,39.703355,265.226141,35.0,-327.0,0.9468414877762138
1759429207,6.0,2.0,3.0,0.0,6.0,39.703355,265.226141,35.0,-327.0,0.8646410675617647
1759429212,6.0,2.0,3.0,0.0,6.0,39.703355,265.226141,35.0,-327.0,0.8656263869554218
1759429217,6.0,2.0,3.0,0.0,6.0,39.703355,265.226141,35.0,-327.0,0.776865340214115
1759429222,6.0,2.0,3.0,0.0,6.0,39.703355,265.226141,35.0,-327.0,0.6434943877699012
1759429222,6.0,2.0,3.0,0.0,6.0,39.703355,265.226141,35.0,-327.0,0.6597823742796584
1759429227,10.0,0.0,7.0,0.0,10.0,63.995368,57.928663,35.0,81.0,0.7553865171982219
1759429232,10.0,0.0,7.0,0.0,10.0,63.995368,57.928663,35.0,81.0,0.7647695016339251
1759429237,10.0,0.0,7.0,2.0,10.0,63.995368,57.928663,35.0,81.0,0.8392658708032473
1759429242,10.0,0.0,7.0,2.0,10.0,63.995368,57.928663,35.0,81.0,0.8643164837012747
1759429247,10.0,0.0,7.0,2.0,10.0,63.995368,57.928663,35.0,81.0,0.8074960180060291
1759429252,10.0,0.0,7.0,2.0,10.0,63.995368,57.928663,35.0,81.0,0.6830184091784484
1759429257,8.0,2.0,8.0,2.0,8.0,46.623785,-1e-06,35.0,239.0,0.6718649621238109
1759429262,8.0,2.0,8.0,2.0,8.0,46.623785,-1e-06,35.0,239.0,0.6352549062298601
1759429267,8.0,2.0,8.0,0.0,8.0,46.623785,-1e-06,35.0,239.0,0.5528543264367798
1759429272,8.0,2.0,8.0,0.0,8.0,46.623785,-1e-06,35.0,239.0,0.4874421010549152
1759429277,8.0,2.0,8.0,0.0,8.0,46.623785,-1e-06,35.0,239.0,0.49156753910744294
1759429282,8.0,2.0,8.0,0.0,8.0,46.623785,-1e-06,35.0,239.0,0.4775318769872281
1759429282,8.0,2.0,8.0,0.0,8.0,46.623785,-1e-06,35.0,239.0,0.49008292055600916
1759429287,8.0,2.0,5.0,0.0,8.0,16.793255,-1e-06,35.0,89.0,0.25263173835949126
1759429292,8.0,2.0,5.0,0.0,8.0,16.793255,-1e-06,35.0,89.0,0.23560977189802454
1759429297,8.0,2.0,5.0,,8.0,16.793255,-1e-06,35.0,89.0,0.24770631870223347
1759429302,8.0,2.0,5.0,,8.0,16.793255,-1e-06,35.0,89.0,0.22018624350186639
1759429307,8.0,2.0,5.0,,8.0,16.793255,-1e-06,35.0,89.0,0.24504692674122416
1759429312,8.0,2.0,5.0,,8.0,16.793255,-1e-06,35.0,89.0,0.17178800201498393
1759429317,8.0,2.0,5.0,,4.0,1.666357,2.504138,35.0,186.0,0.17885857813118114
1759429322,8.0,2.0,5.0,,4.0,1.666357,2.504138,35.0,186.0,0.15050545342800728
1759429327,8.0,2.0,5.0,,4.0,1.666357,2.504138,35.0,186.0,0.15504704016533577
1759429332,8.0,2.0,5.0,,4.0,1.666357,2.504138,35.0,186.0,0.20230736274487884
1759429337,8.0,2.0,5.0,,4.0,1.666357,2.504138,35.0,186.0,0.30211395086010223
1759429342,8.0,2.0,5.0,,4.0,1.666357,2.504138,35.0,186.0,0.3173792559605938
1759429342,8.0,2.0,5.0,4.0,1.666357,2.504138,35.0,186.0,0.3173792559605938
1759429347,8.0,2.0,5.0,4.0,11.802249,19.453201,35.0,169.0,0.5052894910141816
1759429352,8.0,2.0,5.0,4.0,11.802249,19.453201,35.0,169.0,0.6462978232650612
1759429357,8.0,2.0,5.0,4.0,11.802249,19.453201,35.0,169.0,0.759909317646049
1759429362,8.0,2.0,5.0,4.0,11.802249,19.453201,35.0,169.0,1.0533216353252204
1759429367,8.0,2.0,5.0,4.0,11.802249,19.453201,35.0,169.0,1.1512937841632398
1759429372,8.0,2.0,5.0,4.0,11.802249,19.453201,35.0,169.0,1.2395840328139438
1759429377,8.0,2.0,5.0,4.0,20.72451,21.676947,35.0,167.0,1.3538793415411765
1759429382,8.0,2.0,5.0,4.0,20.72451,21.676947,35.0,167.0,1.602078278159333
1759429387,8.0,2.0,5.0,4.0,20.72451,21.676947,35.0,167.0,1.6034206267506024
1759429392,8.0,2.0,5.0,4.0,20.72451,21.676947,35.0,167.0,1.7509697711997327
1759429397,8.0,2.0,5.0,4.0,20.72451,21.676947,35.0,167.0,1.6965187238227497
1759429402,8.0,2.0,5.0,4.0,20.72451,21.676947,35.0,167.0,1.6645923728427763
1759429402,8.0,2.0,5.0,4.0,20.72451,21.676947,35.0,167.0,1.7037251986831825
1759429407,8.0,2.0,5.0,4.0,83.16356,167.204579,35.0,-79.0,1.7470462718851543
1759429412,8.0,2.0,5.0,4.0,83.16356,167.204579,35.0,-79.0,1.665467957392409
1759429417,8.0,2.0,5.0,4.0,83.16356,167.204579,35.0,-79.0,1.6961942774482055
1759429422,8.0,2.0,5.0,4.0,83.16356,167.204579,35.0,-79.0,1.6338626757750925
1759429427,8.0,2.0,5.0,4.0,83.16356,167.204579,35.0,-79.0,1.7474985895957102
1759429432,8.0,2.0,5.0,4.0,83.16356,167.204579,35.0,-79.0,1.7440060403132782
1759429437,8.0,2.0,5.0,4.0,74.082665,60.654133,35.0,28.0,1.9679667443671083
1759429442,8.0,2.0,5.0,4.0,74.082665,60.654133,35.0,28.0,1.8813746940610614
1759429447,8.0,2.0,5.0,4.0,74.082665,60.654133,35.0,28.0,1.9415412206238174
1759429452,8.0,2.0,5.0,4.0,74.082665,60.654133,35.0,28.0,2.3456658993544686
1759429457,8.0,2.0,5.0,4.0,74.082665,60.654133,35.0,28.0,2.339241289303543
1759429462,8.0,2.0,5.0,4.0,74.082665,60.654133,35.0,28.0,2.3050441931692864
1759429462,8.0,2.0,5.0,,4.0,74.082665,60.654133,35.0,28.0,2.3807184126497054
1759429467,4.0,4.0,4.0,,4.0,137.994928,195.365477,35.0,-207.0,2.4845151376409826
1759429472,4.0,4.0,4.0,,4.0,137.994928,195.365477,35.0,-207.0,2.3422091902420177
1759429477,4.0,4.0,4.0,1.2519710670072335,4.0,137.994928,195.365477,35.0,-207.0,2.2795832655310715
1759429482,4.0,4.0,4.0,1.2519710670072335,4.0,137.994928,195.365477,35.0,-207.0,2.0738011653076276
1759429487,4.0,4.0,4.0,1.2519710670072335,4.0,137.994928,195.365477,35.0,-207.0,1.9381236472957564
1759429492,4.0,4.0,4.0,1.2519710670072335,4.0,137.994928,195.365477,35.0,-207.0,1.9208606421543095
1759429497,6.0,0.0,4.0,1.2519710670072335,6.0,41.924256,0.837842,35.0,-12.0,1.3361481116211145
1759429502,6.0,0.0,4.0,1.2519710670072335,6.0,41.924256,0.837842,35.0,-12.0,1.2354763271105034
1759429507,6.0,0.0,4.0,0.8744454534658712,6.0,41.924256,0.837842,35.0,-12.0,1.1637883791825279
1759429512,6.0,0.0,4.0,0.8744454534658712,6.0,41.924256,0.837842,35.0,-12.0,0.8021944588747452
1759429517,6.0,0.0,4.0,0.8744454534658712,6.0,41.924256,0.837842,35.0,-12.0,0.6299872770839382
1759429522,6.0,0.0,4.0,0.8744454534658712,6.0,41.924256,0.837842,35.0,-12.0,0.5061663662544227
1759429522,6.0,0.0,4.0,0.8744454534658712,6.0,41.924256,0.837842,35.0,-12.0,0.4723308796226624
1759429527,6.0,0.0,5.0,0.8744454534658712,6.0,0.578631,-1e-06,35.0,39.0,0.4270124976776075
1759429532,6.0,0.0,5.0,0.8744454534658712,6.0,0.578631,-1e-06,35.0,39.0,0.3535182777585951
1759429537,6.0,0.0,5.0,3.0597605463866713,6.0,0.578631,-1e-06,35.0,39.0,0.2917917352016895
1759429542,6.0,0.0,5.0,3.0597605463866713,6.0,0.578631,-1e-06,35.0,39.0,0.07030378024628758
1759429547,6.0,0.0,5.0,3.0597605463866713,6.0,0.578631,-1e-06,35.0,39.0,0.06818840853923441
1759429552,6.0,0.0,5.0,3.0597605463866713,6.0,0.578631,-1e-06,35.0,39.0,0.04457661396485871
1759429557,10.0,3.0,6.0,3.0597605463866713,12.0,301.696418,622.065821,35.0,-534.0,0.008237868154993331
1759429562,10.0,3.0,6.0,3.0597605463866713,12.0,301.696418,622.065821,35.0,-534.0,0.09143090308962577
1759429567,10.0,3.0,6.0,8.0,12.0,301.696418,622.065821,35.0,-534.0,0.2378876624509252
1759429572,10.0,3.0,6.0,8.0,12.0,301.696418,622.065821,35.0,-534.0,0.2588500164405143
1759429577,10.0,3.0,6.0,8.0,12.0,301.696418,622.065821,35.0,-534.0,0.2628527044072896
1759429582,10.0,3.0,6.0,8.0,12.0,301.696418,622.065821,35.0,-534.0,0.2943151792946622
1759429582,10.0,3.0,6.0,8.0,12.0,301.696418,622.065821,35.0,-534.0,0.29273929920095343
1759429587,10.0,0.0,8.0,8.0,12.0,36.12344,-1e-06,35.0,189.0,0.23126113297870785
1759429592,10.0,0.0,8.0,8.0,12.0,36.12344,-1e-06,35.0,189.0,0.23692362510784115
1759429597,10.0,0.0,8.0,0.0,12.0,36.12344,-1e-06,35.0,189.0,0.2417507583252074
1759429602,10.0,0.0,8.0,0.0,12.0,36.12344,-1e-06,35.0,189.0,0.21902753055342633
1759429607,10.0,0.0,8.0,0.0,12.0,36.12344,-1e-06,35.0,189.0,0.16498931187467578
1759429612,10.0,0.0,8.0,0.0,12.0,36.12344,-1e-06,35.0,189.0,0.07799877701859748
1759429617,4.0,6.0,4.0,0.0,4.0,0.423119,-1e-06,35.0,-11.0,0.06120276740776785
1759429622,4.0,6.0,4.0,0.0,4.0,0.423119,-1e-06,35.0,-11.0,0.05615615478493166
1759429627,4.0,6.0,4.0,0.0,4.0,0.423119,-1e-06,35.0,-11.0,0.049666420574251746
1759429632,4.0,6.0,4.0,0.0,4.0,0.423119,-1e-06,35.0,-11.0,0.051666537190147896
1759429637,4.0,6.0,4.0,0.0,4.0,0.423119,-1e-06,35.0,-11.0,0.05058249077161978
1759429642,4.0,6.0,4.0,0.0,4.0,0.423119,-1e-06,35.0,-11.0,0.07566549068722182
1759429642,4.0,6.0,4.0,0.0,4.0,0.423119,-1e-06,35.0,-11.0,0.1283451616170434
1759429647,3.0,1.0,3.0,0.0,3.0,6.567459,17.581319,35.0,-79.0,0.17709116868428185
1759429652,3.0,1.0,3.0,0.0,3.0,6.567459,17.581319,35.0,-79.0,0.17728282906052614
1759429657,3.0,1.0,3.0,,3.0,6.567459,17.581319,35.0,-79.0,0.20505878028465283
1759429662,3.0,1.0,3.0,,3.0,6.567459,17.581319,35.0,-79.0,0.2227391599300527
1759429667,3.0,1.0,3.0,,3.0,6.567459,17.581319,35.0,-79.0,0.1904607765961185
1759429672,3.0,1.0,3.0,,3.0,6.567459,17.581319,35.0,-79.0,0.19146335424987254
1759429677,3.0,0.0,3.0,,3.0,0.144528,-1e-06,35.0,-61.0,0.18867965042235824
1759429682,3.0,0.0,3.0,,3.0,0.144528,-1e-06,35.0,-61.0,0.14829058225027394
1759429687,3.0,0.0,3.0,,3.0,0.144528,-1e-06,35.0,-61.0,0.115903946307722
1759429692,3.0,0.0,3.0,,3.0,0.144528,-1e-06,35.0,-61.0,0.08567079849365256
1759429697,3.0,0.0,3.0,,3.0,0.144528,-1e-06,35.0,-61.0,0.13329762544733037
1759429702,3.0,0.0,3.0,,3.0,0.144528,-1e-06,35.0,-61.0,0.2185017728626969
1759429702,3.0,0.0,3.0,3.0,0.144528,-1e-06,35.0,-61.0,0.2185017728626969
1759429707,3.0,0.0,3.0,3.0,23.244615,85.472855,35.0,-147.0,0.4442209640291976
1759429712,3.0,0.0,3.0,3.0,23.244615,85.472855,35.0,-147.0,0.5669046257060102
1759429717,3.0,0.0,3.0,3.0,23.244615,85.472855,35.0,-147.0,0.8012944796797653
1759429722,3.0,0.0,3.0,3.0,23.244615,85.472855,35.0,-147.0,0.8965989829168867
1759429727,3.0,0.0,3.0,3.0,23.244615,85.472855,35.0,-147.0,1.0978337130746159
1759429732,3.0,0.0,3.0,3.0,23.244615,85.472855,35.0,-147.0,1.1995125543347822
1759429737,10.0,0.0,4.0,11.0,82.891484,196.938179,35.0,-208.0,1.461579430551846
1759429742,10.0,0.0,4.0,11.0,82.891484,196.938179,35.0,-208.0,1.50419682686946
1759429747,10.0,0.0,4.0,11.0,82.891484,196.938179,35.0,-208.0,1.5257872454310122
1759429752,10.0,0.0,4.0,11.0,82.891484,196.938179,35.0,-208.0,1.7267019593198185
1759429757,10.0,0.0,4.0,11.0,82.891484,196.938179,35.0,-208.0,1.6658811424837627
1759429762,10.0,0.0,4.0,11.0,82.891484,196.938179,35.0,-208.0,1.4826610208020918
1759429762,10.0,0.0,4.0,,11.0,82.891484,196.938179,35.0,-208.0,1.600983720591815
1759429767,10.0,0.0,6.0,,11.0,140.617407,151.036671,35.0,-63.0,1.7289529612018029
1759429772,10.0,0.0,6.0,,11.0,140.617407,151.036671,35.0,-63.0,1.5988834633162894
1759429777,10.0,0.0,6.0,,11.0,140.617407,151.036671,35.0,-63.0,1.6225810676819648
1759429782,10.0,0.0,6.0,,11.0,140.617407,151.036671,35.0,-63.0,1.7306850437913035
1759429787,10.0,0.0,6.0,,11.0,140.617407,151.036671,35.0,-63.0,1.7379040255892189
1759429792,10.0,0.0,6.0,,11.0,140.617407,151.036671,35.0,-63.0,1.7646021097570246
1759429797,4.0,5.0,5.0,,4.0,74.291136,2.08166,35.0,36.0,1.7796047813856684
1759429802,4.0,5.0,5.0,,4.0,74.291136,2.08166,35.0,36.0,1.655326092937465
1759429807,4.0,5.0,5.0,0.0,4.0,74.291136,2.08166,35.0,36.0,1.6570056065898637
1759429812,4.0,5.0,5.0,0.0,4.0,74.291136,2.08166,35.0,36.0,1.599904077546838
1759429817,4.0,5.0,5.0,0.0,4.0,74.291136,2.08166,35.0,36.0,1.592297307698046
1759429822,4.0,5.0,5.0,0.0,4.0,74.291136,2.08166,35.0,36.0,1.5419568779021013
1759429822,4.0,5.0,5.0,0.0,4.0,74.291136,2.08166,35.0,36.0,1.6028558722574298
1759429827,3.0,2.0,3.0,0.0,3.0,31.523848,12.055386,35.0,-74.0,1.459870512917714
1759429832,3.0,2.0,3.0,0.0,3.0,31.523848,12.055386,35.0,-74.0,1.3750098956542736
1759429837,3.0,2.0,3.0,,3.0,31.523848,12.055386,35.0,-74.0,1.441871403447601
1759429842,3.0,2.0,3.0,,3.0,31.523848,12.055386,35.0,-74.0,1.5617613836827744
1759429847,3.0,2.0,3.0,,3.0,31.523848,12.055386,35.0,-74.0,1.5627220064323177
1759429852,3.0,2.0,3.0,,3.0,31.523848,12.055386,35.0,-74.0,1.6561249044816593
1759429857,10.0,0.0,4.0,,10.0,77.648218,41.308992,35.0,-3.0,1.8687961441033398
1759429862,10.0,0.0,4.0,,10.0,77.648218,41.308992,35.0,-3.0,1.9636728581185856
1759429867,10.0,0.0,4.0,231.11612291152503,10.0,77.648218,41.308992,35.0,-3.0,1.8914248640595468
1759429872,10.0,0.0,4.0,231.11612291152503,10.0,77.648218,41.308992,35.0,-3.0,2.109623100996435
1759429877,10.0,0.0,4.0,231.11612291152503,10.0,77.648218,41.308992,35.0,-3.0,1.9885213264558839
1759429882,10.0,0.0,4.0,231.11612291152503,10.0,77.648218,41.308992,35.0,-3.0,2.0554275925512964
1759429882,10.0,0.0,4.0,231.11612291152503,10.0,77.648218,41.308992,35.0,-3.0,2.0554275925512964
1759429887,10.0,0.0,5.0,231.11612291152503,10.0,137.526916,25.157576,35.0,13.0,1.9556712139194807
1759429892,10.0,0.0,5.0,231.11612291152503,10.0,137.526916,25.157576,35.0,13.0,1.8737739819169534
1759429897,10.0,0.0,5.0,0.0,10.0,137.526916,25.157576,35.0,13.0,1.770161748747314
1759429902,10.0,0.0,5.0,0.0,10.0,137.526916,25.157576,35.0,13.0,1.744791492054076
1759429907,10.0,0.0,5.0,0.0,10.0,137.526916,25.157576,35.0,13.0,1.6456844936160793
1759429912,10.0,0.0,5.0,0.0,10.0,137.526916,25.157576,35.0,13.0,1.5867723457156468
1759429917,9.0,1.0,6.0,0.0,9.0,70.873118,128.991564,35.0,-40.0,1.354794253519144
1759429922,9.0,1.0,6.0,0.0,9.0,70.873118,128.991564,35.0,-40.0,1.333893825280829
1759429927,9.0,1.0,6.0,35.22780580390627,9.0,70.873118,128.991564,35.0,-40.0,1.342491021276727
1759429932,9.0,1.0,6.0,35.22780580390627,9.0,70.873118,128.991564,35.0,-40.0,1.4476474075123307
1759429937,9.0,1.0,6.0,35.22780580390627,9.0,70.873118,128.991564,35.0,-40.0,1.4144058341037529
1759429942,9.0,1.0,6.0,35.22780580390627,9.0,70.873118,128.991564,35.0,-40.0,1.3884619416344843
1759429942,9.0,1.0,6.0,35.22780580390627,9.0,70.873118,128.991564,35.0,-40.0,1.5399341188127051
1759429947,10.0,6.0,6.0,35.22780580390627,14.0,129.517403,138.43692,35.0,0.0,1.5454624875109437
1759429952,10.0,6.0,6.0,35.22780580390627,14.0,129.517403,138.43692,35.0,0.0,1.6879778520564424
1759429957,10.0,6.0,6.0,,14.0,129.517403,138.43692,35.0,0.0,1.6086782974000307
1759429962,10.0,6.0,6.0,,14.0,129.517403,138.43692,35.0,0.0,1.5561021816714515
1759429967,10.0,6.0,6.0,,14.0,129.517403,138.43692,35.0,0.0,1.5746404990886738
1759429972,10.0,6.0,6.0,,14.0,129.517403,138.43692,35.0,0.0,1.6197039763246555
1759429977,10.0,0.0,7.0,,14.0,132.64374,317.329723,35.0,-179.0,1.4024625256182657
1759429982,10.0,0.0,7.0,,14.0,132.64374,317.329723,35.0,-179.0,1.4418604689145753
1759429987,10.0,0.0,7.0,,14.0,132.64374,317.329723,35.0,-179.0,1.5754415782957962
1759429992,10.0,0.0,7.0,,14.0,132.64374,317.329723,35.0,-179.0,1.59195929119659
1759429997,10.0,0.0,7.0,,14.0,132.64374,317.329723,35.0,-179.0,1.3592610466808026
1759430002,10.0,0.0,7.0,,14.0,132.64374,317.329723,35.0,-179.0,1.2454258657081976
1759430002,10.0,0.0,7.0,14.0,132.64374,317.329723,35.0,-179.0,1.1885726194971031
1759430007,5.0,5.0,5.0,5.0,47.718249,5.46128,35.0,33.0,1.2109046548368514
1759430012,5.0,5.0,5.0,5.0,47.718249,5.46128,35.0,33.0,1.1230551137841802
1759430017,5.0,5.0,5.0,5.0,47.718249,5.46128,35.0,33.0,1.169681066032403
1759430022,5.0,5.0,5.0,5.0,47.718249,5.46128,35.0,33.0,0.8281943654160683
1759430027,5.0,5.0,5.0,5.0,47.718249,5.46128,35.0,33.0,0.6902965586298107
1759430032,5.0,5.0,5.0,5.0,47.718249,5.46128,35.0,33.0,0.6956625967153638
1759430037,3.0,2.0,3.0,3.0,16.272413,85.608402,35.0,-147.0,0.6450441642702857
1759430042,3.0,2.0,3.0,3.0,16.272413,85.608402,35.0,-147.0,0.8409742988389737
1759430047,3.0,2.0,3.0,3.0,16.272413,85.608402,35.0,-147.0,0.911467155399207
1759430052,3.0,2.0,3.0,3.0,16.272413,85.608402,35.0,-147.0,0.9175086433057728
1759430057,3.0,2.0,3.0,3.0,16.272413,85.608402,35.0,-147.0,0.8973910336370677
1759430062,3.0,2.0,3.0,3.0,16.272413,85.608402,35.0,-147.0,0.864502183893318
1759430062,3.0,2.0,3.0,,3.0,16.272413,85.608402,35.0,-147.0,0.9004622623170939
1759430067,10.0,0.0,6.0,,15.0,285.869468,48.738535,35.0,40.0,0.9390857895193333
1759430072,10.0,0.0,6.0,,15.0,285.869468,48.738535,35.0,40.0,1.0071442621097284
1759430077,10.0,0.0,6.0,0.0,15.0,285.869468,48.738535,35.0,40.0,1.1321294955314092
1759430082,10.0,0.0,6.0,0.0,15.0,285.869468,48.738535,35.0,40.0,1.2366157683331842
1759430087,10.0,0.0,6.0,0.0,15.0,285.869468,48.738535,35.0,40.0,1.2539017873747835
1759430092,10.0,0.0,6.0,0.0,15.0,285.869468,48.738535,35.0,40.0,1.4287144831291656
1759430097,10.0,0.0,8.0,0.0,15.0,135.843946,85.396649,35.0,103.0,1.435360631086439
1759430102,10.0,0.0,8.0,0.0,15.0,135.843946,85.396649,35.0,103.0,1.4369985171312165
1759430107,10.0,0.0,8.0,0.0,15.0,135.843946,85.396649,35.0,103.0,1.722470274608248
1759430112,10.0,0.0,8.0,0.0,15.0,135.843946,85.396649,35.0,103.0,1.7937772018473843
1759430117,10.0,0.0,8.0,0.0,15.0,135.843946,85.396649,35.0,103.0,1.8227422195292264
1759430122,10.0,0.0,8.0,0.0,15.0,135.843946,85.396649,35.0,103.0,1.7408205879175338
1759430122,10.0,0.0,8.0,0.0,15.0,135.843946,85.396649,35.0,103.0,1.910510468276332
1759430127,4.0,6.0,4.0,0.0,4.0,50.377265,16.460357,35.0,-28.0,1.8889619252556762
1759430132,4.0,6.0,4.0,0.0,4.0,50.377265,16.460357,35.0,-28.0,1.8649728096323144
1759430137,4.0,6.0,4.0,43.489697021951585,4.0,50.377265,16.460357,35.0,-28.0,1.7627491900341195
1759430142,4.0,6.0,4.0,43.489697021951585,4.0,50.377265,16.460357,35.0,-28.0,1.8491655440531118
1759430147,4.0,6.0,4.0,43.489697021951585,4.0,50.377265,16.460357,35.0,-28.0,1.7377827717351253
1759430152,4.0,6.0,4.0,43.489697021951585,4.0,50.377265,16.460357,35.0,-28.0,1.639321704710323
1759430157,3.0,1.0,3.0,43.489697021951585,3.0,83.374154,48.430462,35.0,-110.0,1.5940200635773027
1759430162,3.0,1.0,3.0,43.489697021951585,3.0,83.374154,48.430462,35.0,-110.0,1.6143639357459407
1759430167,3.0,1.0,3.0,,3.0,83.374154,48.430462,35.0,-110.0,1.5680258304828725
1759430172,3.0,1.0,3.0,,3.0,83.374154,48.430462,35.0,-110.0,1.380106041430111
1759430177,3.0,1.0,3.0,,3.0,83.374154,48.430462,35.0,-110.0,1.27158236518634
1759430182,3.0,1.0,3.0,,3.0,83.374154,48.430462,35.0,-110.0,1.1816647106387015
1759430182,3.0,1.0,3.0,3.0,83.374154,48.430462,35.0,-110.0,1.2868986862576555
1759430187,10.0,0.0,4.0,15.0,209.124772,183.156108,35.0,-195.0,1.5937036353897254
1759430192,10.0,0.0,4.0,15.0,209.124772,183.156108,35.0,-195.0,1.5112171079139158
1759430197,10.0,0.0,4.0,15.0,209.124772,183.156108,35.0,-195.0,1.3734660507775542
1759430202,10.0,0.0,4.0,15.0,209.124772,183.156108,35.0,-195.0,1.6396980700084054
1759430207,10.0,0.0,4.0,15.0,209.124772,183.156108,35.0,-195.0,1.6325286026594015
1759430212,10.0,0.0,4.0,15.0,209.124772,183.156108,35.0,-195.0,1.7099652369971623
1759430217,10.0,0.0,4.0,15.0,158.753012,199.284425,35.0,-211.0,1.988530866431615
1759430222,10.0,0.0,4.0,15.0,158.753012,199.284425,35.0,-211.0,2.089235932204458
1759430227,10.0,0.0,4.0,15.0,158.753012,199.284425,35.0,-211.0,2.0597210850917342
1759430232,10.0,0.0,4.0,15.0,158.753012,199.284425,35.0,-211.0,1.9435108996717934
1759430237,10.0,0.0,4.0,15.0,158.753012,199.284425,35.0,-211.0,2.010378368138122
1759430242,10.0,0.0,4.0,15.0,158.753012,199.284425,35.0,-211.0,1.91689413057486
1759430242,10.0,0.0,4.0,15.0,158.753012,199.284425,35.0,-211.0,1.91689413057486
1759430247,10.0,0.0,4.0,15.0,242.6538,110.221965,35.0,-122.0,1.8887509165268417
1759430252,10.0,0.0,4.0,15.0,242.6538,110.221965,35.0,-122.0,1.8509930686074962
1759430257,10.0,0.0,4.0,15.0,242.6538,110.221965,35.0,-122.0,1.7338396807715506
1759430262,10.0,0.0,4.0,15.0,242.6538,110.221965,35.0,-122.0,1.5646851979641985
1759430267,10.0,0.0,4.0,15.0,242.6538,110.221965,35.0,-122.0,1.6660250443680202
1759430272,10.0,0.0,4.0,15.0,242.6538,110.221965,35.0,-122.0,1.5797743648909046
1759430277,10.0,0.0,4.0,15.0,95.759616,112.819103,35.0,-124.0,1.593517812053674
1759430282,10.0,0.0,4.0,15.0,95.759616,112.819103,35.0,-124.0,1.698760400904882
1759430287,10.0,0.0,4.0,15.0,95.759616,112.819103,35.0,-124.0,1.6485645401166407
1759430292,10.0,0.0,4.0,15.0,95.759616,112.819103,35.0,-124.0,1.742537045479506
1759430297,10.0,0.0,4.0,15.0,95.759616,112.819103,35.0,-124.0,1.6818927265341939
1759430302,10.0,0.0,4.0,15.0,95.759616,112.819103,35.0,-124.0,1.5452693742726378
1759430302,10.0,0.0,4.0,,15.0,95.759616,112.819103,35.0,-124.0,1.8665376304927763
1759430307,10.0,0.0,4.0,,14.0,311.966173,478.238356,35.0,-490.0,1.843485469986065
1759430312,10.0,0.0,4.0,,14.0,311.966173,478.238356,35.0,-490.0,1.9761264238512528
1759430317,10.0,0.0,4.0,,14.0,311.966173,478.238356,35.0,-490.0,1.8965686027438156
1759430322,10.0,0.0,4.0,,14.0,311.966173,478.238356,35.0,-490.0,2.1224097589908757
1759430327,10.0,0.0,4.0,,14.0,311.966173,478.238356,35.0,-490.0,2.103409727268187
1759430332,10.0,0.0,4.0,,14.0,311.966173,478.238356,35.0,-490.0,2.1980210924342876
1759430337,10.0,0.0,4.0,,14.0,323.672794,177.524982,35.0,-189.0,2.1273960178266034
1759430342,10.0,0.0,4.0,,14.0,323.672794,177.524982,35.0,-189.0,1.9590611030818923
1759430347,10.0,0.0,4.0,127.5694321840925,14.0,323.672794,177.524982,35.0,-189.0,2.1299348982889375
1759430352,10.0,0.0,4.0,127.5694321840925,14.0,323.672794,177.524982,35.0,-189.0,2.117077421761129
1759430357,10.0,0.0,4.0,127.5694321840925,14.0,323.672794,177.524982,35.0,-189.0,2.0265305362072032
1759430362,10.0,0.0,4.0,127.5694321840925,14.0,323.672794,177.524982,35.0,-189.0,1.965833376531276
1759430362,10.0,0.0,4.0,127.5694321840925,14.0,323.672794,177.524982,35.0,-189.0,1.9700837582007353
1759430367,10.0,0.0,4.0,127.5694321840925,14.0,198.532151,399.426155,35.0,-411.0,1.7895722462121229
1759430372,10.0,0.0,4.0,127.5694321840925,14.0,198.532151,399.426155,35.0,-411.0,1.7859720272453032
1759430377,10.0,0.0,4.0,573.171103094891,14.0,198.532151,399.426155,35.0,-411.0,1.811762075370591
1759430382,10.0,0.0,4.0,573.171103094891,14.0,198.532151,399.426155,35.0,-411.0,1.512134706364638
1759430387,10.0,0.0,4.0,573.171103094891,14.0,198.532151,399.426155,35.0,-411.0,1.6634601961356308
1759430392,10.0,0.0,4.0,573.171103094891,14.0,198.532151,399.426155,35.0,-411.0,1.665654400608349
1759430397,10.0,0.0,5.0,573.171103094891,25.0,677.718501,1016.899206,35.0,-978.0,1.5947176317986482
1759430402,10.0,0.0,5.0,573.171103094891,25.0,677.718501,1016.899206,35.0,-978.0,1.5901230081667894
1759430407,10.0,0.0,5.0,,25.0,677.718501,1016.899206,35.0,-978.0,1.5922961913407636
1759430412,10.0,0.0,5.0,,25.0,677.718501,1016.899206,35.0,-978.0,1.4436471419337293
1759430417,10.0,0.0,5.0,,25.0,677.718501,1016.899206,35.0,-978.0,1.5181357211478155
1759430422,10.0,0.0,5.0,,25.0,677.718501,1016.899206,35.0,-978.0,1.488818524348009
1759430422,10.0,0.0,5.0,25.0,677.718501,1016.899206,35.0,-978.0,1.6570000665263382
1759430427,10.0,0.0,4.0,25.0,237.425009,194.146315,35.0,-206.0,1.6237948293729065
1759430432,10.0,0.0,4.0,25.0,237.425009,194.146315,35.0,-206.0,1.8314866751940149
1759430437,10.0,0.0,4.0,25.0,237.425009,194.146315,35.0,-206.0,1.7278367602400142
1759430442,10.0,0.0,4.0,25.0,237.425009,194.146315,35.0,-206.0,1.5671483971909874
1759430447,10.0,0.0,4.0,25.0,237.425009,194.146315,35.0,-206.0,1.7363210902272592
1759430452,10.0,0.0,4.0,25.0,237.425009,194.146315,35.0,-206.0,1.9147325067009515
1759430457,10.0,0.0,3.0,25.0,41.063805,8.624846,35.0,-70.0,2.0238110502507953
1759430462,10.0,0.0,3.0,25.0,41.063805,8.624846,35.0,-70.0,1.9638106890821272
1759430467,10.0,0.0,3.0,25.0,41.063805,8.624846,35.0,-70.0,2.097946930820408
1759430472,10.0,0.0,3.0,25.0,41.063805,8.624846,35.0,-70.0,2.111058095783375
1759430477,10.0,0.0,3.0,25.0,41.063805,8.624846,35.0,-70.0,1.9804989709715888
1759430482,10.0,0.0,3.0,25.0,41.063805,8.624846,35.0,-70.0,1.9319147960533491
1759430482,10.0,0.0,3.0,25.0,41.063805,8.624846,35.0,-70.0,2.1904143421917386
1759430487,10.0,0.0,3.0,25.0,21.066132,18.018647,35.0,-80.0,2.1904143421917386
1759430492,10.0,0.0,3.0,25.0,21.066132,18.018647,35.0,-80.0,1.8998661153177103
1759430497,10.0,0.0,3.0,25.0,21.066132,18.018647,35.0,-80.0,2.1263969226418804
1759430502,10.0,0.0,3.0,25.0,21.066132,18.018647,35.0,-80.0,2.1129446230675204
1759430507,10.0,0.0,3.0,25.0,21.066132,18.018647,35.0,-80.0,2.1316240446088655
1759430512,10.0,0.0,3.0,25.0,21.066132,18.018647,35.0,-80.0,2.144654933993708
1759430517,3.0,7.0,3.0,3.0,15.543993,14.739118,35.0,-76.0,2.161452529025883
1759430522,3.0,7.0,3.0,3.0,15.543993,14.739118,35.0,-76.0,2.156483204164296
1759430527,3.0,7.0,3.0,3.0,15.543993,14.739118,35.0,-76.0,2.164745087960802
1759430532,3.0,7.0,3.0,3.0,15.543993,14.739118,35.0,-76.0,2.1470652214546257
1759430537,3.0,7.0,3.0,3.0,15.543993,14.739118,35.0,-76.0,2.1470652214546257
1759430542,3.0,7.0,3.0,3.0,15.543993,14.739118,35.0,-76.0,1.7396968048295416
1759430542,3.0,7.0,3.0,3.0,15.543993,14.739118,35.0,-76.0,1.7396968048295416
1759430547,3.0,0.0,3.0,3.0,15.74136,22.832387,35.0,-84.0,2.261718508209336
1759430552,3.0,0.0,3.0,3.0,15.74136,22.832387,35.0,-84.0,2.261718508209336
1759430557,3.0,0.0,3.0,3.0,15.74136,22.832387,35.0,-84.0,2.257051890265708
1759430562,3.0,0.0,3.0,3.0,15.74136,22.832387,35.0,-84.0,2.1556056826288956
1759430567,3.0,0.0,3.0,3.0,15.74136,22.832387,35.0,-84.0,2.1498897251659055
1759430572,3.0,0.0,3.0,3.0,15.74136,22.832387,35.0,-84.0,2.131311132334017
1759430577,3.0,0.0,3.0,3.0,10.306524,17.652268,35.0,-79.0,2.0932950635008236
1759430582,3.0,0.0,3.0,3.0,10.306524,17.652268,35.0,-79.0,2.0772871032921945
1759430587,3.0,0.0,3.0,3.0,10.306524,17.652268,35.0,-79.0,1.8397423117381124
1759430592,3.0,0.0,3.0,3.0,10.306524,17.652268,35.0,-79.0,1.902376712914322
1759430597,3.0,0.0,3.0,3.0,10.306524,17.652268,35.0,-79.0,1.9053393302544164
1759430602,3.0,0.0,3.0,3.0,10.306524,17.652268,35.0,-79.0,1.9053393302544164
1759430602,3.0,0.0,3.0,3.0,10.306524,17.652268,35.0,-79.0,1.9053393302544164
1759430607,3.0,0.0,3.0,3.0,9.789364,11.56096,35.0,-73.0,1.7352276127773467
1759430612,3.0,0.0,3.0,3.0,9.789364,11.56096,35.0,-73.0,1.8381644471523466
1759430617,3.0,0.0,3.0,3.0,9.789364,11.56096,35.0,-73.0,1.8734500955495177
1759430622,3.0,0.0,3.0,3.0,9.789364,11.56096,35.0,-73.0,1.82960667347605
1759430627,3.0,0.0,3.0,3.0,9.789364,11.56096,35.0,-73.0,1.9909331729826794
1759430632,3.0,0.0,3.0,3.0,9.789364,11.56096,35.0,-73.0,1.9909331729826794
1759430637,3.0,0.0,3.0,3.0,18.67531,8.454259,35.0,-70.0,1.8841501416557869
1759430642,3.0,0.0,3.0,3.0,18.67531,8.454259,35.0,-70.0,1.9678182914854787
1759430647,3.0,0.0,3.0,3.0,18.67531,8.454259,35.0,-70.0,1.9678182914854787
1759430652,3.0,0.0,3.0,3.0,18.67531,8.454259,35.0,-70.0,1.9333890508288372
1759430657,3.0,0.0,3.0,3.0,18.67531,8.454259,35.0,-70.0,1.8094849069384684
1759430662,3.0,0.0,3.0,3.0,18.67531,8.454259,35.0,-70.0,1.9121211705513566
1759430662,3.0,0.0,3.0,3.0,18.67531,8.454259,35.0,-70.0,1.9121211705513566
1759430667,3.0,0.0,3.0,3.0,9.768275,10.813915,35.0,-72.0,1.8963437875729419
1759430672,3.0,0.0,3.0,3.0,9.768275,10.813915,35.0,-72.0,1.8963437875729419
1759430677,3.0,0.0,3.0,3.0,9.768275,10.813915,35.0,-72.0,1.8679705474897144
1759430682,3.0,0.0,3.0,3.0,9.768275,10.813915,35.0,-72.0,2.0300149205972935
1759430687,3.0,0.0,3.0,3.0,9.768275,10.813915,35.0,-72.0,2.0184940065248846
1759430692,3.0,0.0,3.0,3.0,9.768275,10.813915,35.0,-72.0,1.9354779554479986
1759430697,3.0,0.0,3.0,3.0,24.171023,50.796573,35.0,-112.0,2.056353858282326
1759430702,3.0,0.0,3.0,3.0,24.171023,50.796573,35.0,-112.0,2.2799679053086273
1759430707,3.0,0.0,3.0,3.0,24.171023,50.796573,35.0,-112.0,2.2862145313164812
1759430712,3.0,0.0,3.0,3.0,24.171023,50.796573,35.0,-112.0,2.3487551006023066
1759430717,3.0,0.0,3.0,3.0,24.171023,50.796573,35.0,-112.0,2.281464540330511
1759430722,3.0,0.0,3.0,3.0,24.171023,50.796573,35.0,-112.0,2.2814645403305116
1759430722,3.0,0.0,3.0,,3.0,24.171023,50.796573,35.0,-112.0,2.2814645403305116
1759430727,3.0,0.0,3.0,,3.0,38.709448,34.74524,35.0,-96.0,2.201852252767444
1759430732,3.0,0.0,3.0,,3.0,38.709448,34.74524,35.0,-96.0,2.201852252767444
1759430737,3.0,0.0,3.0,96.95453955824289,3.0,38.709448,34.74524,35.0,-96.0,2.0182370832864667
1759430742,3.0,0.0,3.0,96.95453955824289,3.0,38.709448,34.74524,35.0,-96.0,2.079140950912686
1759430747,3.0,0.0,3.0,96.95453955824289,3.0,38.709448,34.74524,35.0,-96.0,2.0575918057718448
1759430752,3.0,0.0,3.0,96.95453955824289,3.0,38.709448,34.74524,35.0,-96.0,1.8895189078505366
1759430757,3.0,0.0,3.0,96.95453955824289,3.0,65.885207,-1e-06,35.0,-61.0,1.928550907323682
1759430762,3.0,0.0,3.0,96.95453955824289,3.0,65.885207,-1e-06,35.0,-61.0,1.75531273920221
1759430767,3.0,0.0,3.0,,3.0,65.885207,-1e-06,35.0,-61.0,1.6809080942160803
1759430772,3.0,0.0,3.0,,3.0,65.885207,-1e-06,35.0,-61.0,1.5603264607697533
1759430777,3.0,0.0,3.0,,3.0,65.885207,-1e-06,35.0,-61.0,1.4439903136058616
1759430782,3.0,0.0,3.0,,3.0,65.885207,-1e-06,35.0,-61.0,1.3806017872416825
1759430782,3.0,0.0,3.0,3.0,65.885207,-1e-06,35.0,-61.0,1.4089886808097292
1759430787,10.0,0.0,6.0,22.0,259.814479,17.184616,35.0,71.0,0.9406662840345701
1759430792,10.0,0.0,6.0,22.0,259.814479,17.184616,35.0,71.0,1.157421729307443
1759430797,10.0,0.0,6.0,22.0,259.814479,17.184616,35.0,71.0,1.2894961314445665
1759430802,10.0,0.0,6.0,22.0,259.814479,17.184616,35.0,71.0,1.3570689305262957
1759430807,10.0,0.0,6.0,22.0,259.814479,17.184616,35.0,71.0,1.4495570488276461
1759430812,10.0,0.0,6.0,22.0,259.814479,17.184616,35.0,71.0,1.4880713829637442
1759430817,10.0,0.0,5.0,22.0,37.987974,104.478089,35.0,-66.0,1.5765540425538282
1759430822,10.0,0.0,5.0,22.0,37.987974,104.478089,35.0,-66.0,1.731175797996611
1759430827,10.0,0.0,5.0,22.0,37.987974,104.478089,35.0,-66.0,1.7212380549270498
1759430832,10.0,0.0,5.0,22.0,37.987974,104.478089,35.0,-66.0,1.8533739635117028
1759430837,10.0,0.0,5.0,22.0,37.987974,104.478089,35.0,-66.0,1.9154091435614027
1759430842,10.0,0.0,5.0,22.0,37.987974,104.478089,35.0,-66.0,1.7778986971761714
1759430842,10.0,0.0,5.0,22.0,37.987974,104.478089,35.0,-66.0,1.7866888448998621
1759430847,3.0,7.0,3.0,3.0,29.309694,26.804183,35.0,-88.0,1.9087184868371365
1759430852,3.0,7.0,3.0,3.0,29.309694,26.804183,35.0,-88.0,1.9093814564350269
1759430857,3.0,7.0,3.0,3.0,29.309694,26.804183,35.0,-88.0,1.8891027626144625
1759430862,3.0,7.0,3.0,3.0,29.309694,26.804183,35.0,-88.0,1.9046131290741541
1759430867,3.0,7.0,3.0,3.0,29.309694,26.804183,35.0,-88.0,1.984845624802933
1759430872,3.0,7.0,3.0,3.0,29.309694,26.804183,35.0,-88.0,1.9860804934934155
1759430877,3.0,0.0,3.0,3.0,13.581287,17.514968,35.0,-79.0,2.066832379668482
1759430882,3.0,0.0,3.0,3.0,13.581287,17.514968,35.0,-79.0,2.057558413887204
1759430887,3.0,0.0,3.0,3.0,13.581287,17.514968,35.0,-79.0,2.045556863104868
1759430892,3.0,0.0,3.0,3.0,13.581287,17.514968,35.0,-79.0,2.14509570910516
1759430897,3.0,0.0,3.0,3.0,13.581287,17.514968,35.0,-79.0,2.151318402564908
1759430902,3.0,0.0,3.0,3.0,13.581287,17.514968,35.0,-79.0,1.9359138641192641
1759430902,3.0,0.0,3.0,3.0,13.581287,17.514968,35.0,-79.0,2.144374827174293
1759430907,3.0,0.0,3.0,3.0,14.143169,5.063085,35.0,-67.0,2.1939132958140073
1759430912,3.0,0.0,3.0,3.0,14.143169,5.063085,35.0,-67.0,2.230408459619827
1759430917,3.0,0.0,3.0,3.0,14.143169,5.063085,35.0,-67.0,2.213397149688289
1759430922,3.0,0.0,3.0,3.0,14.143169,5.063085,35.0,-67.0,2.2410946512683347
1759430927,3.0,0.0,3.0,3.0,14.143169,5.063085,35.0,-67.0,2.2013532928496393
1759430932,3.0,0.0,3.0,3.0,14.143169,5.063085,35.0,-67.0,2.200187361537318
1759430937,3.0,0.0,3.0,3.0,20.784597,15.465463,35.0,-77.0,2.195169981303277
1759430942,3.0,0.0,3.0,3.0,20.784597,15.465463,35.0,-77.0,2.2100594816165215
1759430947,3.0,0.0,3.0,3.0,20.784597,15.465463,35.0,-77.0,2.112907857729991
1759430952,3.0,0.0,3.0,3.0,20.784597,15.465463,35.0,-77.0,2.0396129728818972
1759430957,3.0,0.0,3.0,3.0,20.784597,15.465463,35.0,-77.0,2.144766843531871
1759430962,3.0,0.0,3.0,3.0,20.784597,15.465463,35.0,-77.0,2.0778032118763288
1759430962,3.0,0.0,3.0,3.0,20.784597,15.465463,35.0,-77.0,2.0141430679849304
1759430967,3.0,0.0,3.0,3.0,9.985368,16.354999,35.0,-78.0,2.008050858233058
1759430972,3.0,0.0,3.0,3.0,9.985368,16.354999,35.0,-78.0,2.0078422703986347
1759430977,3.0,0.0,3.0,3.0,9.985368,16.354999,35.0,-78.0,1.8867186891855712
1759430982,3.0,0.0,3.0,3.0,9.985368,16.354999,35.0,-78.0,1.9001219617932472
1759430987,3.0,0.0,3.0,3.0,9.985368,16.354999,35.0,-78.0,1.9060101172834032
1759430992,3.0,0.0,3.0,3.0,9.985368,16.354999,35.0,-78.0,1.9006326465754981
1759430997,3.0,0.0,3.0,3.0,18.394991,28.829244,35.0,-90.0,2.0055578107626686
1759431002,3.0,0.0,3.0,3.0,18.394991,28.829244,35.0,-90.0,2.0897083526490037
1759431007,3.0,0.0,3.0,3.0,18.394991,28.829244,35.0,-90.0,2.291246263887344
1759431012,3.0,0.0,3.0,3.0,18.394991,28.829244,35.0,-90.0,2.279747983472268
1759431017,3.0,0.0,3.0,3.0,18.394991,28.829244,35.0,-90.0,2.457303609353659
1759431022,3.0,0.0,3.0,3.0,18.394991,28.829244,35.0,-90.0,2.513279950544531
1759431022,3.0,0.0,3.0,3.0,18.394991,28.829244,35.0,-90.0,2.549458795791856
1759431027,3.0,0.0,3.0,3.0,20.667764,19.426734,35.0,-81.0,2.569861543562671
1759431032,3.0,0.0,3.0,3.0,20.667764,19.426734,35.0,-81.0,2.6558591643273957
1759431037,3.0,0.0,3.0,3.0,20.667764,19.426734,35.0,-81.0,2.642771619765533
1759431042,3.0,0.0,3.0,3.0,20.667764,19.426734,35.0,-81.0,2.5524479359110055
1759431047,3.0,0.0,3.0,3.0,20.667764,19.426734,35.0,-81.0,2.5524479359110055
1759431052,3.0,0.0,3.0,3.0,20.667764,19.426734,35.0,-81.0,2.4857066723387065
1759431057,3.0,0.0,3.0,3.0,13.778041,19.237481,35.0,-81.0,2.1098026852495795
1759431062,3.0,0.0,3.0,3.0,13.778041,19.237481,35.0,-81.0,2.3259691728034535
1759431067,3.0,0.0,3.0,3.0,13.778041,19.237481,35.0,-81.0,2.1357207868284305
1759431072,3.0,0.0,3.0,3.0,13.778041,19.237481,35.0,-81.0,2.158406014273676
1759431077,3.0,0.0,3.0,3.0,13.778041,19.237481,35.0,-81.0,1.998922303428031
1759431082,3.0,0.0,3.0,3.0,13.778041,19.237481,35.0,-81.0,1.9924400315382145
1759431082,3.0,0.0,3.0,,3.0,13.778041,19.237481,35.0,-81.0,1.9924400315382145
1759431087,3.0,0.0,3.0,,3.0,43.889644,23.208999,35.0,-85.0,1.860810236123584
1759431092,3.0,0.0,3.0,,3.0,43.889644,23.208999,35.0,-85.0,1.8923280151796185
1759431097,3.0,0.0,3.0,128.32833176032784,3.0,43.889644,23.208999,35.0,-85.0,1.9510488929330236
1759431102,3.0,0.0,3.0,128.32833176032784,3.0,43.889644,23.208999,35.0,-85.0,1.8273601936007107
1759431107,3.0,0.0,3.0,128.32833176032784,3.0,43.889644,23.208999,35.0,-85.0,1.6609398117481369
1759431112,3.0,0.0,3.0,128.32833176032784,3.0,43.889644,23.208999,35.0,-85.0,1.8609799290643323
1759431117,10.0,0.0,7.0,128.32833176032784,16.0,219.204953,-1e-06,35.0,139.0,1.8609799290643323
1759431122,10.0,0.0,7.0,128.32833176032784,16.0,219.204953,-1e-06,35.0,139.0,1.6922227670717511
1759431127,10.0,0.0,7.0,,16.0,219.204953,-1e-06,35.0,139.0,1.7098526758491457
1759431132,10.0,0.0,7.0,,16.0,219.204953,-1e-06,35.0,139.0,1.7584793906781313
1759431137,10.0,0.0,7.0,,16.0,219.204953,-1e-06,35.0,139.0,1.6836752610150219
1759431142,10.0,0.0,7.0,,16.0,219.204953,-1e-06,35.0,139.0,1.7111313593654316
1759431142,10.0,0.0,7.0,16.0,219.204953,-1e-06,35.0,139.0,1.7111313593654316
1759431147,10.0,0.0,5.0,16.0,103.806896,202.648456,35.0,-164.0,1.7526042468503353
1759431152,10.0,0.0,5.0,16.0,103.806896,202.648456,35.0,-164.0,1.575189036548546
1759431157,10.0,0.0,5.0,16.0,103.806896,202.648456,35.0,-164.0,1.7114126134179926
1759431162,10.0,0.0,5.0,16.0,103.806896,202.648456,35.0,-164.0,1.7164168202334233
1759431167,10.0,0.0,5.0,16.0,103.806896,202.648456,35.0,-164.0,1.7710818759078755
1759431172,10.0,0.0,5.0,16.0,103.806896,202.648456,35.0,-164.0,1.7664717328189314
1759431177,4.0,6.0,4.0,4.0,66.81947,12.646654,35.0,-24.0,1.8404259480435265
1759431182,4.0,6.0,4.0,4.0,66.81947,12.646654,35.0,-24.0,1.831282566815396
1759431187,4.0,6.0,4.0,4.0,66.81947,12.646654,35.0,-24.0,1.798715084567774
1759431192,4.0,6.0,4.0,4.0,66.81947,12.646654,35.0,-24.0,1.9728780766733767
1759431197,4.0,6.0,4.0,4.0,66.81947,12.646654,35.0,-24.0,1.8079487216629344
1759431202,4.0,6.0,4.0,4.0,66.81947,12.646654,35.0,-24.0,1.8644073222927007
