index,srv-rate_autoscaler_requested_pods,srv-rate_autoscaler_terminating_pods,srv-rate_autoscaler_actual_pods,srv-rate_activator_request_concurrency,srv-rate_autoscaler_desired_pods,srv-rate_autoscaler_stable_request_concurrency,srv-rate_autoscaler_panic_request_concurrency,srv-rate_autoscaler_target_concurrency_per_pod,srv-rate_autoscaler_excess_burst_capacity,srv-rate_container_cpu_usage_seconds_total
1759423997,0.0,0.0,0.0,,,,,,,
1759424002,0.0,0.0,0.0,,,,,,,
1759424007,0.0,0.0,0.0,,,,,,,
1759424012,0.0,0.0,0.0,,,,,,,
1759424017,0.0,0.0,0.0,64.13512503642964,,,,,,
1759424022,0.0,0.0,0.0,64.13512503642964,,,,,,0.027987535885885883
1759424027,0.0,0.0,0.0,64.13512503642964,,,,,,0.068265113677484
1759424032,0.0,0.0,0.0,64.13512503642964,,,,,,0.08561183043776913
1759424037,3.0,0.0,0.0,64.13512503642964,6.0,1409.292397,1134.02976,7.0,-1346.0,0.10002784294168049
1759424042,3.0,0.0,0.0,64.13512503642964,6.0,1409.292397,1134.02976,7.0,-1346.0,0.15451153326440797
1759424047,3.0,0.0,0.0,750.0664267875666,6.0,1409.292397,1134.02976,7.0,-1346.0,0.17690331904733436
1759424052,3.0,0.0,0.0,750.0664267875666,6.0,1409.292397,1134.02976,7.0,-1346.0,0.17553579407931313
1759424057,3.0,0.0,0.0,750.0664267875666,6.0,1409.292397,1134.02976,7.0,-1346.0,0.19056152069960405
1759424057,3.0,0.0,0.0,750.0664267875666,6.0,1409.292397,1134.02976,7.0,-1346.0,
1759424062,3.0,0.0,0.0,750.0664267875666,6.0,1409.292397,1134.02976,7.0,-1346.0,
1759424067,3.0,0.0,0.0,750.0664267875666,0.0,0.0,0.0,7.0,-201.0,
1759424072,3.0,0.0,0.0,750.0664267875666,0.0,0.0,0.0,7.0,-201.0,0.0013938630802910307
1759424077,3.0,0.0,0.0,,0.0,0.0,0.0,7.0,-201.0,0.0030958277444153174
1759424082,3.0,0.0,0.0,,0.0,0.0,0.0,7.0,-201.0,0.00335092539572341
1759424087,3.0,0.0,0.0,,0.0,0.0,0.0,7.0,-201.0,0.0044286161697321665
1759424092,3.0,0.0,0.0,,0.0,0.0,0.0,7.0,-201.0,0.004408191263284763
1759424097,3.0,2.0,1.0,,3.0,17.854449,0.0,7.0,-201.0,0.004653081440696589
1759424102,3.0,2.0,1.0,,3.0,17.854449,0.0,7.0,-201.0,0.004351731843134267
1759424107,3.0,2.0,1.0,,3.0,17.854449,0.0,7.0,-201.0,0.004580745446881404
1759424112,3.0,2.0,1.0,,3.0,17.854449,0.0,7.0,-201.0,0.004585480739129315
1759424117,3.0,2.0,1.0,,3.0,17.854449,0.0,7.0,-201.0,0.004584551379246276
1759424117,3.0,2.0,1.0,,3.0,17.854449,0.0,7.0,-201.0,0.004584551379246276
1759424122,3.0,2.0,1.0,,3.0,17.854449,0.0,7.0,-201.0,0.0035758235308582936
1759424127,3.0,0.0,0.0,,3.0,1606.976295,0.075224,7.0,-212.0,0.0024706231846414965
1759424132,3.0,0.0,0.0,,3.0,1606.976295,0.075224,7.0,-212.0,0.001186071313142549
1759424137,3.0,0.0,0.0,1204.4868345306297,3.0,1606.976295,0.075224,7.0,-212.0,0.0009994179424218173
1759424142,3.0,0.0,0.0,1204.4868345306297,3.0,1606.976295,0.075224,7.0,-212.0,0.0010020008351382457
1759424147,3.0,0.0,0.0,1204.4868345306297,3.0,1606.976295,0.075224,7.0,-212.0,0.0008488745078420409
1759424152,3.0,0.0,0.0,1204.4868345306297,3.0,1606.976295,0.075224,7.0,-212.0,0.0007206380251124657
1759424157,3.0,0.0,0.0,1204.4868345306297,3.0,1403.498187,127.846433,7.0,-339.0,0.0005569370049093759
1759424162,3.0,0.0,0.0,1204.4868345306297,3.0,1403.498187,127.846433,7.0,-339.0,0.00022848762135922325
1759424167,3.0,0.0,0.0,2053.689278020382,3.0,1403.498187,127.846433,7.0,-339.0,
1759424172,3.0,0.0,0.0,2053.689278020382,3.0,1403.498187,127.846433,7.0,-339.0,
1759424177,3.0,0.0,0.0,2053.689278020382,3.0,1403.498187,127.846433,7.0,-339.0,
1759424177,3.0,0.0,0.0,2053.689278020382,3.0,1403.498187,127.846433,7.0,-339.0,
1759424182,3.0,0.0,0.0,2053.689278020382,3.0,1403.498187,127.846433,7.0,-339.0,
1759424187,3.0,0.0,0.0,2053.689278020382,3.0,3095.119865,3107.142889,7.0,-3319.0,
1759424192,3.0,0.0,0.0,2053.689278020382,3.0,3095.119865,3107.142889,7.0,-3319.0,
1759424197,3.0,0.0,0.0,60.57045821513882,3.0,3095.119865,3107.142889,7.0,-3319.0,
1759424202,3.0,0.0,0.0,60.57045821513882,3.0,3095.119865,3107.142889,7.0,-3319.0,
1759424207,3.0,0.0,0.0,60.57045821513882,3.0,3095.119865,3107.142889,7.0,-3319.0,
1759424212,3.0,0.0,0.0,60.57045821513882,3.0,3095.119865,3107.142889,7.0,-3319.0,
1759424217,3.0,0.0,0.0,60.57045821513882,0.0,0.0,0.0,7.0,-201.0,
1759424222,3.0,0.0,0.0,60.57045821513882,0.0,0.0,0.0,7.0,-201.0,
1759424227,3.0,0.0,0.0,,0.0,0.0,0.0,7.0,-201.0,0.0009505085261353901
1759424232,3.0,0.0,0.0,,0.0,0.0,0.0,7.0,-201.0,0.0011162611682376466
1759424237,3.0,0.0,0.0,,0.0,0.0,0.0,7.0,-201.0,0.0012820138103399033
1759424237,3.0,0.0,0.0,0.0,0.0,0.0,7.0,-201.0,0.0012820138103399033
1759424242,3.0,0.0,0.0,0.0,0.0,0.0,7.0,-201.0,0.0014477664524421598
1759424247,3.0,0.0,0.0,3.0,144.690619,0.0,7.0,-201.0,0.0011606000000000003
1759424252,3.0,0.0,0.0,3.0,144.690619,0.0,7.0,-201.0,0.0013703599685804062
1759424257,3.0,0.0,0.0,3.0,144.690619,0.0,7.0,-201.0,0.0012046073264781493
1759424262,3.0,0.0,0.0,3.0,144.690619,0.0,7.0,-201.0,0.0010388546843758928
1759424267,3.0,0.0,0.0,3.0,144.690619,0.0,7.0,-201.0,0.0008731020422736364
1759424272,3.0,0.0,0.0,3.0,144.690619,0.0,7.0,-201.0,
1759424277,3.0,0.0,0.0,0.0,0.0,0.0,7.0,-211.0,
1759424282,3.0,0.0,0.0,0.0,0.0,0.0,7.0,-211.0,
1759424287,3.0,0.0,0.0,0.0,0.0,0.0,7.0,-211.0,
1759424292,3.0,0.0,0.0,0.0,0.0,0.0,7.0,-211.0,
1759424297,3.0,0.0,0.0,0.0,0.0,0.0,7.0,-211.0,0.0012650319402985077
1759424297,3.0,0.0,0.0,,0.0,0.0,0.0,7.0,-211.0,0.0012650319402985077
1759424302,3.0,0.0,0.0,,0.0,0.0,0.0,7.0,-211.0,0.0015518287256027555
1759424307,3.0,4.0,0.0,,6.0,1052.996901,2156.033213,7.0,-2368.0,0.001838625510907004
1759424312,3.0,4.0,0.0,,6.0,1052.996901,2156.033213,7.0,-2368.0,0.0014988000000000002
1759424317,3.0,4.0,0.0,160.56517639529017,6.0,1052.996901,2156.033213,7.0,-2368.0,0.0014988000000000002
1759424322,3.0,4.0,0.0,160.56517639529017,6.0,1052.996901,2156.033213,7.0,-2368.0,0.0014988000000000002
1759424327,3.0,4.0,0.0,160.56517639529017,6.0,1052.996901,2156.033213,7.0,-2368.0,0.0014988000000000002
1759424332,3.0,4.0,0.0,160.56517639529017,6.0,1052.996901,2156.033213,7.0,-2368.0,0.0015803333333333333
1759424337,3.0,0.0,0.0,160.56517639529017,6.0,2481.837455,2504.270173,7.0,-2716.0,0.0013809552009184847
1759424342,3.0,0.0,0.0,160.56517639529017,6.0,2481.837455,2504.270173,7.0,-2716.0,
1759424347,3.0,0.0,0.0,365.4892771282452,6.0,2481.837455,2504.270173,7.0,-2716.0,
1759424352,3.0,0.0,0.0,365.4892771282452,6.0,2481.837455,2504.270173,7.0,-2716.0,
1759424357,3.0,0.0,0.0,365.4892771282452,6.0,2481.837455,2504.270173,7.0,-2716.0,
1759424357,3.0,0.0,0.0,365.4892771282452,6.0,2481.837455,2504.270173,7.0,-2716.0,0.187485125547836
1759424362,3.0,0.0,0.0,365.4892771282452,6.0,2481.837455,2504.270173,7.0,-2716.0,0.15495026949446455
1759424367,3.0,0.0,0.0,365.4892771282452,6.0,2953.76747,2952.885723,7.0,-3164.0,0.1598554995035345
1759424372,3.0,0.0,0.0,365.4892771282452,6.0,2953.76747,2952.885723,7.0,-3164.0,0.13360522573762146
1759424377,3.0,0.0,0.0,2842.8605508758433,6.0,2953.76747,2952.885723,7.0,-3164.0,0.13801787066165594
1759424382,3.0,0.0,0.0,2842.8605508758433,6.0,2953.76747,2952.885723,7.0,-3164.0,0.1314789816747556
1759424387,3.0,0.0,0.0,2842.8605508758433,6.0,2953.76747,2952.885723,7.0,-3164.0,0.13178009624493553
1759424392,3.0,0.0,0.0,2842.8605508758433,6.0,2953.76747,2952.885723,7.0,-3164.0,0.1025260855914539
1759424397,3.0,0.0,2.0,2842.8605508758433,6.0,614.202975,122.0,7.0,-313.0,0.1329568854753484
1759424402,3.0,0.0,2.0,2842.8605508758433,6.0,614.202975,122.0,7.0,-313.0,0.1071768697729204
1759424407,3.0,0.0,2.0,,6.0,614.202975,122.0,7.0,-313.0,0.10927885418564365
1759424412,3.0,0.0,2.0,,6.0,614.202975,122.0,7.0,-313.0,0.1040763024102978
1759424417,3.0,0.0,2.0,,6.0,614.202975,122.0,7.0,-313.0,0.11549040520072192
1759424417,3.0,0.0,2.0,,6.0,614.202975,122.0,7.0,-313.0,0.11549040520072192
1759424422,3.0,0.0,2.0,,6.0,614.202975,122.0,7.0,-313.0,0.09749429436725615
1759424427,3.0,0.0,0.0,,0.0,0.0,0.0,7.0,-211.0,0.09640415216640358
1759424432,3.0,0.0,0.0,,0.0,0.0,0.0,7.0,-211.0,0.10204798035496739
1759424437,3.0,0.0,0.0,2633.060666592491,0.0,0.0,0.0,7.0,-211.0,0.09718995580908445
1759424442,3.0,0.0,0.0,2633.060666592491,0.0,0.0,0.0,7.0,-211.0,0.05471375107536537
1759424447,3.0,0.0,0.0,2633.060666592491,0.0,0.0,0.0,7.0,-211.0,0.056164742074469025
1759424452,3.0,0.0,0.0,2633.060666592491,0.0,0.0,0.0,7.0,-211.0,0.03577811213629766
1759424457,3.0,0.0,0.0,2633.060666592491,3.0,2509.685966,2536.960733,7.0,-2748.0,0.041136171436787744
1759424462,3.0,0.0,0.0,2633.060666592491,3.0,2509.685966,2536.960733,7.0,-2748.0,0.04241623122524362
1759424467,3.0,0.0,0.0,2640.1803872381283,3.0,2509.685966,2536.960733,7.0,-2748.0,0.05030627191291687
1759424472,3.0,0.0,0.0,2640.1803872381283,3.0,2509.685966,2536.960733,7.0,-2748.0,0.05030627191291688
1759424477,3.0,0.0,0.0,2640.1803872381283,3.0,2509.685966,2536.960733,7.0,-2748.0,0.050463308333415086
1759424477,3.0,0.0,0.0,2640.1803872381283,3.0,2509.685966,2536.960733,7.0,-2748.0,0.050463308333415086
1759424482,3.0,0.0,0.0,2640.1803872381283,3.0,2509.685966,2536.960733,7.0,-2748.0,0.05728020688858293
1759424487,3.0,0.0,1.0,2640.1803872381283,3.0,2739.692581,2757.120252,7.0,-2959.0,0.05753878112489229
1759424492,3.0,0.0,1.0,2640.1803872381283,3.0,2739.692581,2757.120252,7.0,-2959.0,0.07324376073419157
1759424497,3.0,0.0,1.0,1221.6048807914694,3.0,2739.692581,2757.120252,7.0,-2959.0,0.09305193105917138
1759424502,3.0,0.0,1.0,1221.6048807914694,3.0,2739.692581,2757.120252,7.0,-2959.0,0.12368962940415379
1759424507,3.0,0.0,1.0,1221.6048807914694,3.0,2739.692581,2757.120252,7.0,-2959.0,0.12945647433417737
1759424512,3.0,0.0,1.0,1221.6048807914694,3.0,2739.692581,2757.120252,7.0,-2959.0,0.13292738883670502
1759424517,3.0,0.0,0.0,1221.6048807914694,3.0,3245.429546,3354.83126,7.0,-3566.0,0.12194445688141502
1759424522,3.0,0.0,0.0,1221.6048807914694,3.0,3245.429546,3354.83126,7.0,-3566.0,0.12503980140218804
1759424527,3.0,0.0,0.0,3758.0879919436306,3.0,3245.429546,3354.83126,7.0,-3566.0,0.13537843492994028
1759424532,3.0,0.0,0.0,3758.0879919436306,3.0,3245.429546,3354.83126,7.0,-3566.0,0.12469096844642913
1759424537,3.0,0.0,0.0,3758.0879919436306,3.0,3245.429546,3354.83126,7.0,-3566.0,0.10944952957958351
1759424537,3.0,0.0,0.0,3758.0879919436306,3.0,3245.429546,3354.83126,7.0,-3566.0,0.09870616840038611
1759424542,3.0,0.0,0.0,3758.0879919436306,3.0,3245.429546,3354.83126,7.0,-3566.0,0.055217431947680994
1759424547,3.0,0.0,0.0,3758.0879919436306,3.0,2692.488086,2544.393316,7.0,-2756.0,0.055217431947680994
1759424552,3.0,0.0,0.0,3758.0879919436306,3.0,2692.488086,2544.393316,7.0,-2756.0,0.054704933496708
1759424557,3.0,0.0,0.0,2842.7738407992224,3.0,2692.488086,2544.393316,7.0,-2756.0,0.054504900444463156
1759424562,3.0,0.0,0.0,2842.7738407992224,3.0,2692.488086,2544.393316,7.0,-2756.0,0.054403310629432385
1759424567,3.0,0.0,0.0,2842.7738407992224,3.0,2692.488086,2544.393316,7.0,-2756.0,0.05426329569532064
1759424572,3.0,0.0,0.0,2842.7738407992224,3.0,2692.488086,2544.393316,7.0,-2756.0,0.053953334742154344
1759424577,3.0,0.0,0.0,2842.7738407992224,3.0,3147.089376,3169.604906,7.0,-3381.0,0.05096660769625541
1759424582,3.0,0.0,0.0,2842.7738407992224,3.0,3147.089376,3169.604906,7.0,-3381.0,0.05275692449618813
1759424587,3.0,0.0,0.0,3162.21300917998,3.0,3147.089376,3169.604906,7.0,-3381.0,0.05328194530189878
1759424592,3.0,0.0,0.0,3162.21300917998,3.0,3147.089376,3169.604906,7.0,-3381.0,0.05058871579333759
1759424597,3.0,0.0,0.0,3162.21300917998,3.0,3147.089376,3169.604906,7.0,-3381.0,0.05381243593071919
1759424597,3.0,0.0,0.0,3162.21300917998,3.0,3147.089376,3169.604906,7.0,-3381.0,0.05381243593071919
1759424602,3.0,0.0,0.0,3162.21300917998,3.0,3147.089376,3169.604906,7.0,-3381.0,0.049739527559707834
1759424607,3.0,0.0,0.0,3162.21300917998,3.0,2435.086063,2376.0,7.0,-2587.0,0.05328285854889692
1759424612,3.0,0.0,0.0,3162.21300917998,3.0,2435.086063,2376.0,7.0,-2587.0,0.05286252606910896
1759424617,3.0,0.0,0.0,2977.2591647589034,3.0,2435.086063,2376.0,7.0,-2587.0,0.05017325881909564
1759424622,3.0,0.0,0.0,2977.2591647589034,3.0,2435.086063,2376.0,7.0,-2587.0,0.05398989133202717
1759424627,3.0,0.0,0.0,2977.2591647589034,3.0,2435.086063,2376.0,7.0,-2587.0,0.05158081922566389
1759424632,3.0,0.0,0.0,2977.2591647589034,3.0,2435.086063,2376.0,7.0,-2587.0,0.05315082839172986
1759424637,3.0,0.0,0.0,2977.2591647589034,3.0,2919.933731,2822.502787,7.0,-3034.0,0.055654598910530706
1759424642,3.0,0.0,0.0,2977.2591647589034,3.0,2919.933731,2822.502787,7.0,-3034.0,0.05192960824653675
1759424647,3.0,0.0,0.0,2519.234407938478,3.0,2919.933731,2822.502787,7.0,-3034.0,0.05580870147341847
1759424652,3.0,0.0,0.0,2519.234407938478,3.0,2919.933731,2822.502787,7.0,-3034.0,0.05562877943822532
1759424657,3.0,0.0,0.0,2519.234407938478,3.0,2919.933731,2822.502787,7.0,-3034.0,0.052455134936668826
1759424657,3.0,0.0,0.0,2519.234407938478,3.0,2919.933731,2822.502787,7.0,-3034.0,0.052455134936668826
1759424662,3.0,0.0,0.0,2519.234407938478,3.0,2919.933731,2822.502787,7.0,-3034.0,0.05327758883487457
1759424667,3.0,0.0,1.0,2519.234407938478,4.0,1535.475277,70.254082,7.0,-272.0,0.07157715211896873
1759424672,3.0,0.0,1.0,2519.234407938478,4.0,1535.475277,70.254082,7.0,-272.0,0.08520662274886984
1759424677,3.0,0.0,1.0,3480.675143542854,4.0,1535.475277,70.254082,7.0,-272.0,0.103398148790289
1759424682,3.0,0.0,1.0,3480.675143542854,4.0,1535.475277,70.254082,7.0,-272.0,0.10515227727236909
1759424687,3.0,0.0,1.0,3480.675143542854,4.0,1535.475277,70.254082,7.0,-272.0,0.11416923191845779
1759424692,3.0,0.0,1.0,3480.675143542854,4.0,1535.475277,70.254082,7.0,-272.0,0.1029482848986891
1759424697,3.0,0.0,0.0,3480.675143542854,4.0,4908.789368,4928.570606,7.0,-5140.0,0.1048846834284898
1759424702,3.0,0.0,0.0,3480.675143542854,4.0,4908.789368,4928.570606,7.0,-5140.0,0.10699862098201733
1759424707,3.0,0.0,0.0,4807.986193952578,4.0,4908.789368,4928.570606,7.0,-5140.0,0.10748123152504191
1759424712,3.0,0.0,0.0,4807.986193952578,4.0,4908.789368,4928.570606,7.0,-5140.0,0.08448152564719645
1759424717,3.0,0.0,0.0,4807.986193952578,4.0,4908.789368,4928.570606,7.0,-5140.0,0.07237759393335821
1759424717,3.0,0.0,0.0,4807.986193952578,4.0,4908.789368,4928.570606,7.0,-5140.0,0.07237759393335821
1759424722,3.0,0.0,0.0,4807.986193952578,4.0,4908.789368,4928.570606,7.0,-5140.0,0.05329579015697265
1759424727,3.0,0.0,0.0,4807.986193952578,4.0,3963.023142,3808.829342,7.0,-4020.0,0.053327962695393916
1759424732,3.0,0.0,0.0,4807.986193952578,4.0,3963.023142,3808.829342,7.0,-4020.0,0.053462954811752866
1759424737,3.0,0.0,0.0,3126.2200846724486,4.0,3963.023142,3808.829342,7.0,-4020.0,0.05484169212567748
1759424742,3.0,0.0,0.0,3126.2200846724486,4.0,3963.023142,3808.829342,7.0,-4020.0,0.05492787166096705
1759424747,3.0,0.0,0.0,3126.2200846724486,4.0,3963.023142,3808.829342,7.0,-4020.0,0.05263237648333869
1759424752,3.0,0.0,0.0,3126.2200846724486,4.0,3963.023142,3808.829342,7.0,-4020.0,0.0533905160497489
1759424757,3.0,0.0,0.0,3126.2200846724486,4.0,2634.991396,2597.539863,7.0,-2809.0,0.05369945271895746
1759424762,3.0,0.0,0.0,3126.2200846724486,4.0,2634.991396,2597.539863,7.0,-2809.0,0.04772970523756475
1759424767,3.0,0.0,0.0,2636.5562780231257,4.0,2634.991396,2597.539863,7.0,-2809.0,0.04753070642822928
1759424772,3.0,0.0,0.0,2636.5562780231257,4.0,2634.991396,2597.539863,7.0,-2809.0,0.053971765775002296
1759424777,3.0,0.0,0.0,2636.5562780231257,4.0,2634.991396,2597.539863,7.0,-2809.0,0.04977855433934996
1759424777,3.0,0.0,0.0,2636.5562780231257,4.0,2634.991396,2597.539863,7.0,-2809.0,0.05301200278392143
1759424782,3.0,0.0,0.0,2636.5562780231257,4.0,2634.991396,2597.539863,7.0,-2809.0,0.0514173912780806
1759424787,3.0,0.0,0.0,2636.5562780231257,4.0,3551.461337,3531.125925,7.0,-3743.0,0.0516601043536447
1759424792,3.0,0.0,0.0,2636.5562780231257,4.0,3551.461337,3531.125925,7.0,-3743.0,0.053679768059294475
1759424797,3.0,0.0,0.0,3213.2392504389063,4.0,3551.461337,3531.125925,7.0,-3743.0,0.04811256675653205
1759424802,3.0,0.0,0.0,3213.2392504389063,4.0,3551.461337,3531.125925,7.0,-3743.0,0.05575681286891
1759424807,3.0,0.0,0.0,3213.2392504389063,4.0,3551.461337,3531.125925,7.0,-3743.0,0.05575681286891
1759424812,3.0,0.0,0.0,3213.2392504389063,4.0,3551.461337,3531.125925,7.0,-3743.0,0.05344996279586827
1759424817,3.0,0.0,0.0,3213.2392504389063,4.0,2791.447962,2731.510684,7.0,-2943.0,0.05001665154523963
1759424822,3.0,0.0,0.0,3213.2392504389063,4.0,2791.447962,2731.510684,7.0,-2943.0,0.057376665138921465
1759424827,3.0,0.0,0.0,2708.8602931652867,4.0,2791.447962,2731.510684,7.0,-2943.0,0.05811842297676574
1759424832,3.0,0.0,0.0,2708.8602931652867,4.0,2791.447962,2731.510684,7.0,-2943.0,0.05759666889508901
1759424837,3.0,0.0,0.0,2708.8602931652867,4.0,2791.447962,2731.510684,7.0,-2943.0,0.05245416271388449
1759424837,3.0,0.0,0.0,2708.8602931652867,4.0,2791.447962,2731.510684,7.0,-2943.0,0.05245416271388449
1759424842,3.0,0.0,0.0,2708.8602931652867,4.0,2791.447962,2731.510684,7.0,-2943.0,0.05367686524906167
1759424847,3.0,0.0,0.0,2708.8602931652867,4.0,3137.05132,3078.114383,7.0,-3290.0,0.05344548812680418
1759424852,3.0,0.0,0.0,2708.8602931652867,4.0,3137.05132,3078.114383,7.0,-3290.0,0.05324892333520914
1759424857,3.0,0.0,0.0,2692.901309795901,4.0,3137.05132,3078.114383,7.0,-3290.0,0.05357182011150615
1759424862,3.0,0.0,0.0,2692.901309795901,4.0,3137.05132,3078.114383,7.0,-3290.0,0.05309327176059222
1759424867,3.0,0.0,0.0,2692.901309795901,4.0,3137.05132,3078.114383,7.0,-3290.0,0.050175553048776994
1759424872,3.0,0.0,0.0,2692.901309795901,4.0,3137.05132,3078.114383,7.0,-3290.0,0.05395271247383353
1759424877,3.0,0.0,0.0,2692.901309795901,4.0,3603.064558,3870.987879,7.0,-4082.0,0.05336654049571269
1759424882,3.0,0.0,0.0,2692.901309795901,4.0,3603.064558,3870.987879,7.0,-4082.0,0.050267414123866865
1759424887,3.0,0.0,0.0,4309.097211118415,4.0,3603.064558,3870.987879,7.0,-4082.0,0.05314515361230227
1759424892,3.0,0.0,0.0,4309.097211118415,4.0,3603.064558,3870.987879,7.0,-4082.0,0.05014298803155873
1759424897,3.0,0.0,0.0,4309.097211118415,4.0,3603.064558,3870.987879,7.0,-4082.0,0.04836577008465846
1759424897,3.0,0.0,0.0,4309.097211118415,4.0,3603.064558,3870.987879,7.0,-4082.0,0.052877539125840194
1759424902,3.0,0.0,0.0,4309.097211118415,4.0,3603.064558,3870.987879,7.0,-4082.0,0.05251207329239591
1759424907,3.0,0.0,0.0,4309.097211118415,3.0,190.692592,1.0,7.0,-212.0,0.04930467727500726
1759424912,3.0,0.0,0.0,4309.097211118415,3.0,190.692592,1.0,7.0,-212.0,0.05280781947118712
1759424917,3.0,0.0,0.0,3392.1461125255532,3.0,190.692592,1.0,7.0,-212.0,0.050302423448048056
1759424922,3.0,0.0,0.0,3392.1461125255532,3.0,190.692592,1.0,7.0,-212.0,0.05294521313700887
1759424927,3.0,0.0,0.0,3392.1461125255532,3.0,190.692592,1.0,7.0,-212.0,0.05288406354189018
1759424932,3.0,0.0,0.0,3392.1461125255532,3.0,190.692592,1.0,7.0,-212.0,0.050611308227669724
1759424937,3.0,0.0,0.0,3392.1461125255532,3.0,3242.302853,3152.306313,7.0,-3364.0,0.053281285228087935
1759424942,3.0,0.0,0.0,3392.1461125255532,3.0,3242.302853,3152.306313,7.0,-3364.0,0.053281285228087935
1759424947,3.0,0.0,0.0,2958.414439275395,3.0,3242.302853,3152.306313,7.0,-3364.0,0.05360695252962291
1759424952,3.0,0.0,0.0,2958.414439275395,3.0,3242.302853,3152.306313,7.0,-3364.0,0.04612705681902626
1759424957,3.0,0.0,0.0,2958.414439275395,3.0,3242.302853,3152.306313,7.0,-3364.0,0.04473963893601252
1759424957,3.0,0.0,0.0,2958.414439275395,3.0,3242.302853,3152.306313,7.0,-3364.0,0.04932875426589364
1759424962,3.0,0.0,0.0,2958.414439275395,3.0,3242.302853,3152.306313,7.0,-3364.0,0.05155078011501896
1759424967,3.0,0.0,0.0,2958.414439275395,3.0,3292.834511,3311.150348,7.0,-3523.0,0.04856585672604269
1759424972,3.0,0.0,0.0,2958.414439275395,3.0,3292.834511,3311.150348,7.0,-3523.0,0.05691318507744378
1759424977,3.0,0.0,0.0,1838.3665619698643,3.0,3292.834511,3311.150348,7.0,-3523.0,0.053207433179251286
1759424982,3.0,0.0,0.0,1838.3665619698643,3.0,3292.834511,3311.150348,7.0,-3523.0,0.09897012247743421
1759424987,3.0,0.0,0.0,1838.3665619698643,3.0,3292.834511,3311.150348,7.0,-3523.0,0.1289456021293761
1759424992,3.0,0.0,0.0,1838.3665619698643,3.0,3292.834511,3311.150348,7.0,-3523.0,0.12318203854627442
1759424997,3.0,0.0,0.0,1838.3665619698643,0.0,0.0,0.0,7.0,-211.0,0.14385907878107085
1759425002,3.0,0.0,0.0,1838.3665619698643,0.0,0.0,0.0,7.0,-211.0,0.13409016047384464
1759425007,3.0,0.0,0.0,,0.0,0.0,0.0,7.0,-211.0,0.1197881246304657
1759425012,3.0,0.0,0.0,,0.0,0.0,0.0,7.0,-211.0,0.11945321586748636
1759425017,3.0,0.0,0.0,,0.0,0.0,0.0,7.0,-211.0,0.1340009403128175
1759425017,3.0,0.0,0.0,,0.0,0.0,0.0,7.0,-211.0,0.11994555953191846
1759425022,3.0,0.0,0.0,,0.0,0.0,0.0,7.0,-211.0,0.11102376989866478
1759425027,3.0,0.0,0.0,,0.0,0.0,0.0,7.0,-211.0,0.08332680352242292
1759425032,3.0,0.0,0.0,,0.0,0.0,0.0,7.0,-211.0,0.03081281774970132
1759425037,3.0,0.0,0.0,,0.0,0.0,0.0,7.0,-211.0,0.031023717145873625
1759425042,3.0,0.0,0.0,,0.0,0.0,0.0,7.0,-211.0,0.027229078893103872
1759425047,3.0,0.0,0.0,,0.0,0.0,0.0,7.0,-211.0,0.03020450590171956
1759425052,3.0,0.0,0.0,,0.0,0.0,0.0,7.0,-211.0,0.032273530932790985
1759425057,3.0,0.0,0.0,,3.0,4542.222208,0.0,7.0,-211.0,0.03342573725475355
1759425062,3.0,0.0,0.0,,3.0,4542.222208,0.0,7.0,-211.0,0.03549247367182315
1759425067,3.0,0.0,0.0,4903.400825416548,3.0,4542.222208,0.0,7.0,-211.0,0.03758528382915463
1759425072,3.0,0.0,0.0,4903.400825416548,3.0,4542.222208,0.0,7.0,-211.0,0.039390710470209936
1759425077,3.0,0.0,0.0,4903.400825416548,3.0,4542.222208,0.0,7.0,-211.0,0.041982541176053934
1759425077,3.0,0.0,0.0,4903.400825416548,3.0,4542.222208,0.0,7.0,-211.0,0.04575447224259051
1759425082,3.0,0.0,0.0,4903.400825416548,3.0,4542.222208,0.0,7.0,-211.0,0.04556297820559558
1759425087,3.0,0.0,0.0,4903.400825416548,3.0,4581.733607,0.0,7.0,-211.0,0.04963612365866439
1759425092,3.0,0.0,0.0,4903.400825416548,3.0,4581.733607,0.0,7.0,-211.0,0.05287577476029709
1759425097,3.0,0.0,0.0,3860.1488245718647,3.0,4581.733607,0.0,7.0,-211.0,0.05330252878121558
1759425102,3.0,0.0,0.0,3860.1488245718647,3.0,4581.733607,0.0,7.0,-211.0,0.05623697359550364
1759425107,3.0,0.0,0.0,3860.1488245718647,3.0,4581.733607,0.0,7.0,-211.0,0.057211678860981816
1759425112,3.0,0.0,0.0,3860.1488245718647,3.0,4581.733607,0.0,7.0,-211.0,0.05792172051753325
1759425117,3.0,0.0,0.0,3860.1488245718647,3.0,4270.017153,0.0,7.0,-211.0,0.05585429791599188
1759425122,3.0,0.0,0.0,3860.1488245718647,3.0,4270.017153,0.0,7.0,-211.0,0.057190487687241734
1759425127,3.0,0.0,0.0,4454.4417209334715,3.0,4270.017153,0.0,7.0,-211.0,0.057840206851268644
1759425132,3.0,0.0,0.0,4454.4417209334715,3.0,4270.017153,0.0,7.0,-211.0,0.05684989221305345
1759425137,3.0,0.0,0.0,4454.4417209334715,3.0,4270.017153,0.0,7.0,-211.0,0.053502620393026515
1759425137,3.0,0.0,0.0,4454.4417209334715,3.0,4270.017153,0.0,7.0,-211.0,0.05547570992043646
1759425142,3.0,0.0,0.0,4454.4417209334715,3.0,4270.017153,0.0,7.0,-211.0,0.055257030637334933
1759425147,3.0,0.0,0.0,4454.4417209334715,3.0,734.890217,0.0,7.0,-211.0,0.05088119939717719
1759425152,3.0,0.0,0.0,4454.4417209334715,3.0,734.890217,0.0,7.0,-211.0,0.05068334998619325
1759425157,3.0,0.0,0.0,2821.894217596034,3.0,734.890217,0.0,7.0,-211.0,0.04981423599095426
1759425162,3.0,0.0,0.0,2821.894217596034,3.0,734.890217,0.0,7.0,-211.0,0.04573592283323168
1759425167,3.0,0.0,0.0,2821.894217596034,3.0,734.890217,0.0,7.0,-211.0,0.0494287233461855
1759425172,3.0,0.0,0.0,2821.894217596034,3.0,734.890217,0.0,7.0,-211.0,0.0465393489067622
1759425177,3.0,0.0,0.0,2821.894217596034,3.0,2770.420866,0.0,7.0,-211.0,0.0494127920503977
1759425182,3.0,0.0,0.0,2821.894217596034,3.0,2770.420866,0.0,7.0,-211.0,0.05115408344392197
1759425187,3.0,0.0,0.0,2723.0384909997356,3.0,2770.420866,0.0,7.0,-211.0,0.05176570397911459
1759425192,3.0,0.0,0.0,2723.0384909997356,3.0,2770.420866,0.0,7.0,-211.0,0.04992220480552861
1759425197,3.0,0.0,0.0,2723.0384909997356,3.0,2770.420866,0.0,7.0,-211.0,0.05436327575525608
1759425197,3.0,0.0,0.0,2723.0384909997356,3.0,2770.420866,0.0,7.0,-211.0,0.05436327575525608
1759425202,3.0,0.0,0.0,2723.0384909997356,3.0,2770.420866,0.0,7.0,-211.0,0.053882599253084876
1759425207,3.0,0.0,0.0,2723.0384909997356,3.0,2571.083686,3101.507406,7.0,-3313.0,0.0520083752023833
1759425212,3.0,0.0,0.0,2723.0384909997356,3.0,2571.083686,3101.507406,7.0,-3313.0,0.05228345219469029
1759425217,3.0,0.0,0.0,3167.441341061469,3.0,2571.083686,3101.507406,7.0,-3313.0,0.05551601125465164
1759425222,3.0,0.0,0.0,3167.441341061469,3.0,2571.083686,3101.507406,7.0,-3313.0,0.05585897062153519
1759425227,3.0,0.0,0.0,3167.441341061469,3.0,2571.083686,3101.507406,7.0,-3313.0,0.05669629194924818
1759425232,3.0,0.0,0.0,3167.441341061469,3.0,2571.083686,3101.507406,7.0,-3313.0,0.056633672130587245
1759425237,3.0,0.0,0.0,3167.441341061469,3.0,3091.76516,0.0,7.0,-211.0,0.05351552946628285
1759425242,3.0,0.0,0.0,3167.441341061469,3.0,3091.76516,0.0,7.0,-211.0,0.05621164194582974
1759425247,3.0,0.0,0.0,3025.0,3.0,3091.76516,0.0,7.0,-211.0,0.05659756160406401
1759425252,3.0,0.0,0.0,3025.0,3.0,3091.76516,0.0,7.0,-211.0,0.053073753996782574
1759425257,3.0,0.0,0.0,3025.0,3.0,3091.76516,0.0,7.0,-211.0,0.046840538458951544
1759425257,3.0,0.0,0.0,3025.0,3.0,3091.76516,0.0,7.0,-211.0,0.05030549132318435
1759425262,3.0,0.0,0.0,3025.0,3.0,3091.76516,0.0,7.0,-211.0,0.055391916908376464
1759425267,3.0,0.0,0.0,3025.0,3.0,4328.200664,0.0,7.0,-211.0,0.055391916908376464
1759425272,3.0,0.0,0.0,3025.0,3.0,4328.200664,0.0,7.0,-211.0,0.05397422482542001
1759425277,3.0,0.0,0.0,3572.9419417737076,3.0,4328.200664,0.0,7.0,-211.0,0.05400543165143233
1759425282,3.0,0.0,0.0,3572.9419417737076,3.0,4328.200664,0.0,7.0,-211.0,0.05036642883821807
1759425287,3.0,0.0,0.0,3572.9419417737076,3.0,4328.200664,0.0,7.0,-211.0,0.050602257657911105
1759425292,3.0,0.0,0.0,3572.9419417737076,3.0,4328.200664,0.0,7.0,-211.0,0.07531982006008839
1759425297,3.0,0.0,0.0,3572.9419417737076,3.0,1005.333467,1554.265467,7.0,-1756.0,0.07531982006008839
1759425302,3.0,0.0,0.0,3572.9419417737076,3.0,1005.333467,1554.265467,7.0,-1756.0,0.15796203139280254
1759425307,3.0,0.0,0.0,3162.4793235353886,3.0,1005.333467,1554.265467,7.0,-1756.0,0.1569080621691637
1759425312,3.0,0.0,0.0,3162.4793235353886,3.0,1005.333467,1554.265467,7.0,-1756.0,0.1569080621691637
1759425317,3.0,0.0,0.0,3162.4793235353886,3.0,1005.333467,1554.265467,7.0,-1756.0,0.15163255494114097
1759425317,3.0,0.0,0.0,3162.4793235353886,3.0,1005.333467,1554.265467,7.0,-1756.0,0.13830948123913056
1759425322,3.0,0.0,0.0,3162.4793235353886,3.0,1005.333467,1554.265467,7.0,-1756.0,0.15516938953554074
1759425327,3.0,0.0,0.0,3162.4793235353886,3.0,3512.685909,0.0,7.0,-211.0,0.15516938953554074
1759425332,3.0,0.0,0.0,3162.4793235353886,3.0,3512.685909,0.0,7.0,-211.0,0.14720181787493855
1759425337,3.0,0.0,0.0,3091.9577806466627,3.0,3512.685909,0.0,7.0,-211.0,0.12000084060863261
1759425342,3.0,0.0,0.0,3091.9577806466627,3.0,3512.685909,0.0,7.0,-211.0,0.12230570481522453
1759425347,3.0,0.0,0.0,3091.9577806466627,3.0,3512.685909,0.0,7.0,-211.0,0.04774380927702346
1759425352,3.0,0.0,0.0,3091.9577806466627,3.0,3512.685909,0.0,7.0,-211.0,0.0512324097425
1759425357,3.0,0.0,0.0,3091.9577806466627,3.0,4415.156348,0.0,7.0,-211.0,0.0512324097425
1759425362,3.0,0.0,0.0,3091.9577806466627,3.0,4415.156348,0.0,7.0,-211.0,0.04823643392057974
1759425367,3.0,0.0,0.0,4033.858265448253,3.0,4415.156348,0.0,7.0,-211.0,0.051004109491129504
1759425372,3.0,0.0,0.0,4033.858265448253,3.0,4415.156348,0.0,7.0,-211.0,0.0508109045064853
1759425377,3.0,0.0,0.0,4033.858265448253,3.0,4415.156348,0.0,7.0,-211.0,0.05065733363401933
1759425377,3.0,0.0,0.0,4033.858265448253,3.0,4415.156348,0.0,7.0,-211.0,0.05065733363401933
1759425382,3.0,0.0,0.0,4033.858265448253,3.0,4415.156348,0.0,7.0,-211.0,0.04794718105275102
1759425387,3.0,0.0,0.0,4033.858265448253,3.0,2854.509916,0.0,7.0,-211.0,0.05107699517296141
1759425392,3.0,0.0,0.0,4033.858265448253,3.0,2854.509916,0.0,7.0,-211.0,0.05094425994475685
1759425397,3.0,0.0,0.0,,3.0,2854.509916,0.0,7.0,-211.0,0.050268448275092616
1759425402,3.0,0.0,0.0,,3.0,2854.509916,0.0,7.0,-211.0,0.04928039748333117
1759425407,3.0,0.0,0.0,,3.0,2854.509916,0.0,7.0,-211.0,0.048595563219722526
1759425412,3.0,0.0,0.0,,3.0,2854.509916,0.0,7.0,-211.0,0.04426614368443532
1759425417,3.0,0.0,0.0,,3.0,4510.0,0.0,7.0,-211.0,0.04725528533777555
1759425422,3.0,0.0,0.0,,3.0,4510.0,0.0,7.0,-211.0,0.04469588210286708
1759425427,3.0,0.0,0.0,,3.0,4510.0,0.0,7.0,-211.0,0.039175529941540395
1759425432,3.0,0.0,0.0,,3.0,4510.0,0.0,7.0,-211.0,0.03968713603870095
1759425437,3.0,0.0,0.0,,3.0,4510.0,0.0,7.0,-211.0,0.03638909883676969
1759425437,3.0,0.0,0.0,,3.0,4510.0,0.0,7.0,-211.0,0.03901566409718489
1759425442,3.0,0.0,0.0,,3.0,4510.0,0.0,7.0,-211.0,0.03919561482653425
1759425447,3.0,0.0,0.0,,3.0,4510.0,0.0,7.0,-211.0,0.034219107746078635
1759425452,3.0,0.0,0.0,,3.0,4510.0,0.0,7.0,-211.0,0.03489798056003435
1759425457,3.0,0.0,0.0,,3.0,4510.0,0.0,7.0,-211.0,0.03246531759297537
1759425462,3.0,0.0,0.0,,3.0,4510.0,0.0,7.0,-211.0,0.029569899362694378
1759425467,3.0,0.0,0.0,,3.0,4510.0,0.0,7.0,-211.0,0.02745976059988751
1759425472,3.0,0.0,0.0,,3.0,4510.0,0.0,7.0,-211.0,0.03211654641262181
1759425477,3.0,0.0,0.0,,3.0,1817.389997,3718.176862,7.0,-3930.0,0.029970530393748657
1759425482,3.0,0.0,0.0,,3.0,1817.389997,3718.176862,7.0,-3930.0,0.03173633931502313
1759425487,3.0,0.0,0.0,4387.732590267307,3.0,1817.389997,3718.176862,7.0,-3930.0,0.03447212671723961
1759425492,3.0,0.0,0.0,4387.732590267307,3.0,1817.389997,3718.176862,7.0,-3930.0,0.03532220351163491
1759425497,3.0,0.0,0.0,4387.732590267307,3.0,1817.389997,3718.176862,7.0,-3930.0,0.03593468779925969
1759425497,3.0,0.0,0.0,4387.732590267307,3.0,1817.389997,3718.176862,7.0,-3930.0,0.03686541271906395
1759425502,3.0,0.0,0.0,4387.732590267307,3.0,1817.389997,3718.176862,7.0,-3930.0,0.039697199457820846
1759425507,3.0,0.0,0.0,4387.732590267307,3.0,4083.997444,4082.0,7.0,-4293.0,0.04305980765636859
1759425512,3.0,0.0,0.0,4387.732590267307,3.0,4083.997444,4082.0,7.0,-4293.0,0.047449578355055866
1759425517,3.0,0.0,0.0,4137.056052028077,3.0,4083.997444,4082.0,7.0,-4293.0,0.0500186086922742
1759425522,3.0,0.0,0.0,4137.056052028077,3.0,4083.997444,4082.0,7.0,-4293.0,0.05057785262008765
1759425527,3.0,0.0,0.0,4137.056052028077,3.0,4083.997444,4082.0,7.0,-4293.0,0.052981248871662695
1759425532,3.0,0.0,0.0,4137.056052028077,3.0,4083.997444,4082.0,7.0,-4293.0,0.050901552480945335
1759425537,3.0,0.0,0.0,4137.056052028077,3.0,4245.453097,4265.346027,7.0,-4477.0,0.0554221057154468
1759425542,3.0,0.0,0.0,4137.056052028077,3.0,4245.453097,4265.346027,7.0,-4477.0,0.055231259750513864
1759425547,3.0,0.0,0.0,4092.9922374653675,3.0,4245.453097,4265.346027,7.0,-4477.0,0.05642627271757811
1759425552,3.0,0.0,0.0,4092.9922374653675,3.0,4245.453097,4265.346027,7.0,-4477.0,0.05559141111153244
1759425557,3.0,0.0,0.0,4092.9922374653675,3.0,4245.453097,4265.346027,7.0,-4477.0,0.05134568645671257
1759425557,3.0,0.0,0.0,4092.9922374653675,3.0,4245.453097,4265.346027,7.0,-4477.0,0.057415132311952714
1759425562,3.0,0.0,0.0,4092.9922374653675,3.0,4245.453097,4265.346027,7.0,-4477.0,0.058023584708451426
1759425567,3.0,0.0,0.0,4092.9922374653675,3.0,2994.625813,2944.0,7.0,-3155.0,0.05791348844528565
1759425572,3.0,0.0,0.0,4092.9922374653675,3.0,2994.625813,2944.0,7.0,-3155.0,0.057143453919375156
1759425577,3.0,0.0,0.0,3225.184319087453,3.0,2994.625813,2944.0,7.0,-3155.0,0.05742376910210853
1759425582,3.0,0.0,0.0,3225.184319087453,3.0,2994.625813,2944.0,7.0,-3155.0,0.0556312632090992
1759425587,3.0,0.0,0.0,3225.184319087453,3.0,2994.625813,2944.0,7.0,-3155.0,0.05554137175411787
1759425592,3.0,0.0,0.0,3225.184319087453,3.0,2994.625813,2944.0,7.0,-3155.0,0.06949528556555737
1759425597,3.0,0.0,0.0,3225.184319087453,3.0,1652.658745,3075.397915,7.0,-3287.0,0.07317704077599531
1759425602,3.0,0.0,0.0,3225.184319087453,3.0,1652.658745,3075.397915,7.0,-3287.0,0.0730118604025762
1759425607,3.0,0.0,0.0,878.183579893454,3.0,1652.658745,3075.397915,7.0,-3287.0,0.06739425990913528
1759425612,3.0,0.0,0.0,878.183579893454,3.0,1652.658745,3075.397915,7.0,-3287.0,0.06557041885634242
1759425617,3.0,0.0,0.0,878.183579893454,3.0,1652.658745,3075.397915,7.0,-3287.0,0.08877758263164971
1759425617,3.0,0.0,0.0,878.183579893454,3.0,1652.658745,3075.397915,7.0,-3287.0,0.13357827827749927
1759425622,3.0,0.0,0.0,878.183579893454,3.0,1652.658745,3075.397915,7.0,-3287.0,0.1335782782774993
1759425627,3.0,0.0,0.0,878.183579893454,3.0,484.271228,0.0,7.0,-211.0,0.12539716033342416
1759425632,3.0,0.0,0.0,878.183579893454,3.0,484.271228,0.0,7.0,-211.0,0.12764244495793953
1759425637,3.0,0.0,0.0,,3.0,484.271228,0.0,7.0,-211.0,0.11097997576207617
1759425642,3.0,0.0,0.0,,3.0,484.271228,0.0,7.0,-211.0,0.11544554003172099
1759425647,3.0,0.0,0.0,,3.0,484.271228,0.0,7.0,-211.0,0.09949828711959827
1759425652,3.0,0.0,0.0,,3.0,484.271228,0.0,7.0,-211.0,0.10337967132581843
1759425657,3.0,0.0,0.0,,3.0,484.271228,0.0,7.0,-211.0,0.05736209616349352
1759425662,3.0,0.0,0.0,,3.0,484.271228,0.0,7.0,-211.0,0.031055983749299614
1759425667,3.0,0.0,0.0,,3.0,484.271228,0.0,7.0,-211.0,0.02969677918860761
1759425672,3.0,0.0,0.0,,3.0,484.271228,0.0,7.0,-211.0,0.02938740996518908
1759425677,3.0,0.0,0.0,,3.0,484.271228,0.0,7.0,-211.0,0.032276938101936915
1759425677,3.0,0.0,0.0,,3.0,484.271228,0.0,7.0,-211.0,0.03435830191645001
1759425682,3.0,0.0,0.0,,3.0,484.271228,0.0,7.0,-211.0,0.03435830191645001
1759425687,3.0,0.0,0.0,,3.0,3015.331901,3044.99622,7.0,-3256.0,0.03480985582485844
1759425692,3.0,0.0,0.0,,3.0,3015.331901,3044.99622,7.0,-3256.0,0.03719619442998351
1759425697,3.0,0.0,0.0,3231.6695516409372,3.0,3015.331901,3044.99622,7.0,-3256.0,0.04066777057948472
1759425702,3.0,0.0,0.0,3231.6695516409372,3.0,3015.331901,3044.99622,7.0,-3256.0,0.04312605799194477
1759425707,3.0,0.0,0.0,3231.6695516409372,3.0,3015.331901,3044.99622,7.0,-3256.0,0.047746363940007364
1759425712,3.0,0.0,0.0,3231.6695516409372,3.0,3015.331901,3044.99622,7.0,-3256.0,0.04944534326132589
1759425717,3.0,0.0,0.0,3231.6695516409372,3.0,3361.005412,3365.97719,7.0,-3577.0,0.0516795534945737
1759425722,3.0,0.0,0.0,3231.6695516409372,3.0,3361.005412,3365.97719,7.0,-3577.0,0.05509559105494376
1759425727,3.0,0.0,0.0,3568.013464722921,3.0,3361.005412,3365.97719,7.0,-3577.0,0.05963353075342226
1759425732,3.0,0.0,0.0,3568.013464722921,3.0,3361.005412,3365.97719,7.0,-3577.0,0.05938850574953766
1759425737,3.0,0.0,0.0,3568.013464722921,3.0,3361.005412,3365.97719,7.0,-3577.0,0.06227719197847739
1759425737,3.0,0.0,0.0,3568.013464722921,3.0,3361.005412,3365.97719,7.0,-3577.0,0.06227719197847739
1759425742,3.0,0.0,0.0,3568.013464722921,3.0,3361.005412,3365.97719,7.0,-3577.0,0.060140146444238214
1759425747,3.0,0.0,0.0,3568.013464722921,3.0,4257.523234,4247.253194,7.0,-4459.0,0.06018634060836196
1759425752,3.0,0.0,0.0,3568.013464722921,3.0,4257.523234,4247.253194,7.0,-4459.0,0.060176587773881865
1759425757,3.0,0.0,0.0,4093.21934056381,3.0,4257.523234,4247.253194,7.0,-4459.0,0.056974712615687886
1759425762,3.0,0.0,0.0,4093.21934056381,3.0,4257.523234,4247.253194,7.0,-4459.0,0.058426292575156205
1759425767,3.0,0.0,0.0,4093.21934056381,3.0,4257.523234,4247.253194,7.0,-4459.0,0.05744449341601194
1759425772,3.0,0.0,0.0,4093.21934056381,3.0,4257.523234,4247.253194,7.0,-4459.0,0.05317008231352574
1759425777,3.0,0.0,0.0,4093.21934056381,3.0,4530.151582,4652.23575,7.0,-4864.0,0.051821888060681595
1759425782,3.0,0.0,0.0,4093.21934056381,3.0,4530.151582,4652.23575,7.0,-4864.0,0.051821888060681595
1759425787,3.0,0.0,0.0,4699.247878056249,3.0,4530.151582,4652.23575,7.0,-4864.0,0.0507065380061119
1759425792,3.0,0.0,0.0,4699.247878056249,3.0,4530.151582,4652.23575,7.0,-4864.0,0.05143482472077615
1759425797,3.0,0.0,0.0,4699.247878056249,3.0,4530.151582,4652.23575,7.0,-4864.0,0.04829427903397271
1759425797,3.0,0.0,0.0,4699.247878056249,3.0,4530.151582,4652.23575,7.0,-4864.0,0.05218067977949833
1759425802,3.0,0.0,0.0,4699.247878056249,3.0,4530.151582,4652.23575,7.0,-4864.0,0.04623727676026437
1759425807,3.0,0.0,0.0,4699.247878056249,3.0,3659.888205,3582.543842,7.0,-3794.0,0.052706175515293496
1759425812,3.0,0.0,0.0,4699.247878056249,3.0,3659.888205,3582.543842,7.0,-3794.0,0.052706175515293496
1759425817,3.0,0.0,0.0,3274.573762868544,3.0,3659.888205,3582.543842,7.0,-3794.0,0.052901136482104275
1759425822,3.0,0.0,0.0,3274.573762868544,3.0,3659.888205,3582.543842,7.0,-3794.0,0.05485852425858351
1759425827,3.0,0.0,0.0,3274.573762868544,3.0,3659.888205,3582.543842,7.0,-3794.0,0.0548298908129512
1759425832,3.0,0.0,0.0,3274.573762868544,3.0,3659.888205,3582.543842,7.0,-3794.0,0.051954100620303804
1759425837,3.0,0.0,0.0,3274.573762868544,3.0,3743.992939,3885.35731,7.0,-4097.0,0.05131631643252753
1759425842,3.0,0.0,0.0,3274.573762868544,3.0,3743.992939,3885.35731,7.0,-4097.0,0.04812097234095348
1759425847,3.0,0.0,0.0,4326.754888308126,3.0,3743.992939,3885.35731,7.0,-4097.0,0.052706685611566
1759425852,3.0,0.0,0.0,4326.754888308126,3.0,3743.992939,3885.35731,7.0,-4097.0,0.055368565243616163
1759425857,3.0,0.0,0.0,4326.754888308126,3.0,3743.992939,3885.35731,7.0,-4097.0,0.0554511515532703
1759425857,3.0,0.0,0.0,4326.754888308126,3.0,3743.992939,3885.35731,7.0,-4097.0,0.0553345850033741
1759425862,3.0,0.0,0.0,4326.754888308126,3.0,3743.992939,3885.35731,7.0,-4097.0,0.0556940628444611
1759425867,3.0,0.0,0.0,4326.754888308126,3.0,4439.396075,4389.967073,7.0,-4601.0,0.053506815573845234
1759425872,3.0,0.0,0.0,4326.754888308126,3.0,4439.396075,4389.967073,7.0,-4601.0,0.05563480665401104
1759425877,3.0,0.0,0.0,4071.227306727773,3.0,4439.396075,4389.967073,7.0,-4601.0,0.049656276867087276
1759425882,3.0,0.0,0.0,4071.227306727773,3.0,4439.396075,4389.967073,7.0,-4601.0,0.05595971399572997
1759425887,3.0,0.0,0.0,4071.227306727773,3.0,4439.396075,4389.967073,7.0,-4601.0,0.051698240348232206
1759425892,3.0,0.0,0.0,4071.227306727773,3.0,4439.396075,4389.967073,7.0,-4601.0,0.0535204157170355
1759425897,3.0,0.0,1.0,4071.227306727773,3.0,4244.043222,4321.426102,7.0,-4533.0,0.05381248530408912
1759425902,3.0,0.0,1.0,4071.227306727773,3.0,4244.043222,4321.426102,7.0,-4533.0,0.05302179368727003
1759425907,3.0,0.0,1.0,,3.0,4244.043222,4321.426102,7.0,-4533.0,0.0705173917922497
1759425912,3.0,0.0,1.0,,3.0,4244.043222,4321.426102,7.0,-4533.0,0.0705173917922497
1759425917,3.0,0.0,1.0,,3.0,4244.043222,4321.426102,7.0,-4533.0,0.06802318793487226
1759425917,3.0,0.0,1.0,3.0,4244.043222,4321.426102,7.0,-4533.0,
1759425922,3.0,0.0,1.0,3.0,4244.043222,4321.426102,7.0,-4533.0,
1759425927,1.0,2.0,1.0,0.0,0.0,0.0,7.0,-201.0,0.0011967241599352028
1759425932,1.0,2.0,1.0,0.0,0.0,0.0,7.0,-201.0,0.001440819079048182
1759425937,1.0,2.0,1.0,0.0,0.0,0.0,7.0,-201.0,0.001684913998161161
1759425942,1.0,2.0,1.0,0.0,0.0,0.0,7.0,-201.0,0.0019290089172741397
1759425947,1.0,2.0,1.0,0.0,0.0,0.0,7.0,-201.0,0.023803209576167248
1759425952,1.0,2.0,1.0,0.0,0.0,0.0,7.0,-201.0,0.02694493399931548
1759425957,3.0,0.0,0.0,3.0,228.394621,0.0,7.0,-201.0,0.030086658422463705
1759425962,3.0,0.0,0.0,3.0,228.394621,0.0,7.0,-201.0,0.033228382845611935
1759425967,3.0,0.0,0.0,3.0,228.394621,0.0,7.0,-201.0,0.028155283333333336
1759425972,3.0,0.0,0.0,3.0,228.394621,0.0,7.0,-201.0,0.0332912
1759425977,3.0,0.0,0.0,3.0,228.394621,0.0,7.0,-201.0,0.0332912
1759425977,3.0,0.0,0.0,,3.0,228.394621,0.0,7.0,-201.0,0.0332912
1759425982,3.0,0.0,0.0,,3.0,228.394621,0.0,7.0,-201.0,0.0332912
1759425987,3.0,2.0,1.0,,3.0,883.08241,0.0,7.0,-201.0,
1759425992,3.0,2.0,1.0,,3.0,883.08241,0.0,7.0,-201.0,
1759425997,3.0,2.0,1.0,111.79525218482468,3.0,883.08241,0.0,7.0,-201.0,
1759426002,3.0,2.0,1.0,111.79525218482468,3.0,883.08241,0.0,7.0,-201.0,
1759426007,3.0,2.0,1.0,111.79525218482468,3.0,883.08241,0.0,7.0,-201.0,
1759426012,3.0,2.0,1.0,111.79525218482468,3.0,883.08241,0.0,7.0,-201.0,
1759426017,3.0,0.0,0.0,111.79525218482468,4.0,725.846672,0.0,7.0,-211.0,
1759426022,3.0,0.0,0.0,111.79525218482468,4.0,725.846672,0.0,7.0,-211.0,
1759426027,3.0,0.0,0.0,,4.0,725.846672,0.0,7.0,-211.0,
1759426032,3.0,0.0,0.0,,4.0,725.846672,0.0,7.0,-211.0,
1759426037,3.0,0.0,0.0,,4.0,725.846672,0.0,7.0,-211.0,
1759426037,3.0,0.0,0.0,4.0,725.846672,0.0,7.0,-211.0,
1759426042,3.0,0.0,0.0,4.0,725.846672,0.0,7.0,-211.0,0.0016668726868008948
1759426047,3.0,0.0,0.0,0.0,0.0,0.0,7.0,-191.0,0.001933159040268457
1759426052,3.0,0.0,0.0,0.0,0.0,0.0,7.0,-191.0,0.0025978169704972643
1759426057,3.0,0.0,0.0,0.0,0.0,0.0,7.0,-191.0,0.0029842394454846653
1759426062,3.0,0.0,0.0,0.0,0.0,0.0,7.0,-191.0,0.0035669442506006807
1759426067,3.0,0.0,0.0,0.0,0.0,0.0,7.0,-191.0,0.006345684473955829
1759426072,3.0,0.0,0.0,0.0,0.0,0.0,7.0,-191.0,0.012902026636516501
1759426077,3.0,2.0,1.0,3.0,337.535205,0.0,7.0,-201.0,0.014704013643128077
1759426082,3.0,2.0,1.0,3.0,337.535205,0.0,7.0,-201.0,0.011313594181045309
1759426087,3.0,2.0,1.0,3.0,337.535205,0.0,7.0,-201.0,0.013011307134934312
1759426092,3.0,2.0,1.0,3.0,337.535205,0.0,7.0,-201.0,0.012104588870415154
1759426097,3.0,2.0,1.0,3.0,337.535205,0.0,7.0,-201.0,0.011508906713645071
1759426097,3.0,2.0,1.0,3.0,337.535205,0.0,7.0,-201.0,0.011508906713645071
1759426102,3.0,2.0,1.0,3.0,337.535205,0.0,7.0,-201.0,0.012048909902108126
1759426107,3.0,2.0,0.0,3.0,1159.498218,0.0,7.0,-211.0,0.011255577925714527
1759426112,3.0,2.0,0.0,3.0,1159.498218,0.0,7.0,-211.0,0.008090575442202291
1759426117,3.0,2.0,0.0,3.0,1159.498218,0.0,7.0,-211.0,0.007484016209435031
1759426122,3.0,2.0,0.0,3.0,1159.498218,0.0,7.0,-211.0,0.0018624345658068212
1759426127,3.0,2.0,0.0,3.0,1159.498218,0.0,7.0,-211.0,0.00022323146123260504
1759426132,3.0,2.0,0.0,3.0,1159.498218,0.0,7.0,-211.0,
1759426137,3.0,2.0,0.0,3.0,2364.996695,0.0,7.0,-211.0,
1759426142,3.0,2.0,0.0,3.0,2364.996695,0.0,7.0,-211.0,
1759426147,3.0,2.0,0.0,3.0,2364.996695,0.0,7.0,-211.0,
1759426152,3.0,2.0,0.0,3.0,2364.996695,0.0,7.0,-211.0,0.0006949156099518459
1759426157,3.0,2.0,0.0,3.0,2364.996695,0.0,7.0,-211.0,0.0008663642455858748
1759426157,3.0,2.0,0.0,3.0,2364.996695,0.0,7.0,-211.0,0.0008663642455858748
1759426162,3.0,2.0,0.0,3.0,2364.996695,0.0,7.0,-211.0,0.000717048336989908
1759426167,3.0,2.0,0.0,3.0,562.417798,1297.554041,7.0,-1499.0,0.0008376275383940326
1759426172,3.0,2.0,0.0,3.0,562.417798,1297.554041,7.0,-1499.0,0.0009582067397981573
1759426177,3.0,2.0,0.0,3.0,562.417798,1297.554041,7.0,-1499.0,0.0008244000000000001
1759426182,3.0,2.0,0.0,3.0,562.417798,1297.554041,7.0,-1499.0,0.0008244000000000001
1759426187,3.0,2.0,0.0,3.0,562.417798,1297.554041,7.0,-1499.0,0.0009514060728389646
1759426192,3.0,2.0,0.0,3.0,562.417798,1297.554041,7.0,-1499.0,0.0008308268714348399
1759426197,3.0,0.0,0.0,4.0,0.0,0.0,7.0,-211.0,0.0007102476700307153
1759426202,3.0,0.0,0.0,4.0,0.0,0.0,7.0,-211.0,0.00028330006292352365
1759426207,3.0,0.0,0.0,4.0,0.0,0.0,7.0,-211.0,0.00022407934656340758
1759426212,3.0,0.0,0.0,4.0,0.0,0.0,7.0,-211.0,
1759426217,3.0,0.0,0.0,4.0,0.0,0.0,7.0,-211.0,
1759426217,3.0,0.0,0.0,4.0,0.0,0.0,7.0,-211.0,0.05008466535252601
1759426222,3.0,0.0,0.0,4.0,0.0,0.0,7.0,-211.0,0.10255877566452867
1759426227,3.0,0.0,0.0,3.0,2.525652,0.0,7.0,-191.0,0.12419855772375898
1759426232,3.0,0.0,0.0,3.0,2.525652,0.0,7.0,-191.0,0.1511180312256289
1759426237,3.0,0.0,0.0,3.0,2.525652,0.0,7.0,-191.0,0.22898141924471752
1759426242,3.0,0.0,0.0,3.0,2.525652,0.0,7.0,-191.0,0.2593667019268619
1759426247,3.0,0.0,0.0,3.0,2.525652,0.0,7.0,-191.0,0.2791882706391763
1759426252,3.0,0.0,0.0,3.0,2.525652,0.0,7.0,-191.0,0.3621409719145883
1759426257,3.0,0.0,0.0,4.0,103.865251,0.0,7.0,-191.0,0.39342127721455666
1759426262,3.0,0.0,0.0,4.0,103.865251,0.0,7.0,-191.0,0.4108507460302379
1759426267,3.0,0.0,0.0,4.0,103.865251,0.0,7.0,-191.0,0.3854573680669747
1759426272,3.0,0.0,0.0,4.0,103.865251,0.0,7.0,-191.0,0.34769579560445196
1759426277,3.0,0.0,0.0,4.0,103.865251,0.0,7.0,-191.0,0.2736020457658499
1759426277,3.0,0.0,0.0,4.0,103.865251,0.0,7.0,-191.0,0.2736020457658499
1759426282,3.0,0.0,0.0,4.0,103.865251,0.0,7.0,-191.0,0.3058683470375757
1759426287,3.0,0.0,0.0,3.0,1842.068285,0.0,7.0,-211.0,0.2294821212370753
1759426292,3.0,0.0,0.0,3.0,1842.068285,0.0,7.0,-211.0,0.06866947220223105
1759426297,3.0,0.0,0.0,3.0,1842.068285,0.0,7.0,-211.0,
1759426302,3.0,0.0,0.0,3.0,1842.068285,0.0,7.0,-211.0,
1759426307,3.0,0.0,0.0,3.0,1842.068285,0.0,7.0,-211.0,
1759426312,3.0,0.0,0.0,3.0,1842.068285,0.0,7.0,-211.0,
1759426317,3.0,0.0,1.0,3.0,3030.145228,0.0,7.0,-201.0,
1759426322,3.0,0.0,1.0,3.0,3030.145228,0.0,7.0,-201.0,
1759426327,3.0,0.0,1.0,3.0,3030.145228,0.0,7.0,-201.0,
1759426332,3.0,0.0,1.0,3.0,3030.145228,0.0,7.0,-201.0,
1759426337,3.0,0.0,1.0,3.0,3030.145228,0.0,7.0,-201.0,
1759426337,3.0,0.0,1.0,3.0,3030.145228,0.0,7.0,-201.0,0.06467449356788219
1759426342,3.0,0.0,1.0,3.0,3030.145228,0.0,7.0,-201.0,0.06385690422013009
1759426347,3.0,2.0,0.0,4.0,639.410724,0.0,7.0,-191.0,0.06392246247531413
1759426352,3.0,2.0,0.0,4.0,639.410724,0.0,7.0,-191.0,0.16651321882985826
1759426357,3.0,2.0,0.0,4.0,639.410724,0.0,7.0,-191.0,0.2504338709303916
1759426362,3.0,2.0,0.0,4.0,639.410724,0.0,7.0,-191.0,0.30461781687040107
1759426367,3.0,2.0,0.0,4.0,639.410724,0.0,7.0,-191.0,0.2357416992742388
1759426372,3.0,2.0,0.0,4.0,639.410724,0.0,7.0,-191.0,0.2503983341779017
1759426377,3.0,2.0,0.0,3.0,547.405613,0.0,7.0,-201.0,0.26452911631153825
1759426382,3.0,2.0,0.0,3.0,547.405613,0.0,7.0,-201.0,0.2969694736705916
1759426387,3.0,2.0,0.0,3.0,547.405613,0.0,7.0,-201.0,0.38671428747986913
1759426392,3.0,2.0,0.0,3.0,547.405613,0.0,7.0,-201.0,0.3781464954519641
1759426397,3.0,2.0,0.0,3.0,547.405613,0.0,7.0,-201.0,0.36672695667695276
1759426397,3.0,2.0,0.0,3.0,547.405613,0.0,7.0,-201.0,
1759426402,3.0,2.0,0.0,3.0,547.405613,0.0,7.0,-201.0,0.0006537140267438656
1759426407,3.0,2.0,0.0,3.0,760.696789,0.0,7.0,-211.0,0.0007851587468982631
1759426412,3.0,2.0,0.0,3.0,760.696789,0.0,7.0,-211.0,0.0009166034670526606
1759426417,3.0,2.0,0.0,3.0,760.696789,0.0,7.0,-211.0,0.0010480481872070582
1759426422,3.0,2.0,0.0,3.0,760.696789,0.0,7.0,-211.0,0.0008263666666666667
1759426427,3.0,2.0,0.0,3.0,760.696789,0.0,7.0,-211.0,0.0008263666666666667
1759426432,3.0,2.0,0.0,3.0,760.696789,0.0,7.0,-211.0,0.0008560583333333332
1759426437,3.0,2.0,0.0,3.0,112.904036,0.0,7.0,-201.0,0.000829876240694789
1759426442,3.0,2.0,0.0,3.0,112.904036,0.0,7.0,-201.0,0.0006984315205403915
1759426447,3.0,2.0,0.0,3.0,112.904036,0.0,7.0,-201.0,
1759426452,3.0,2.0,0.0,3.0,112.904036,0.0,7.0,-201.0,
1759426457,3.0,2.0,0.0,3.0,112.904036,0.0,7.0,-201.0,
1759426457,3.0,2.0,0.0,3.0,112.904036,0.0,7.0,-201.0,0.3156612730328926
1759426462,3.0,2.0,0.0,3.0,112.904036,0.0,7.0,-201.0,0.3447393698260741
1759426467,3.0,2.0,2.0,4.0,792.24844,0.0,7.0,-191.0,0.35291957254489426
1759426472,3.0,2.0,2.0,4.0,792.24844,0.0,7.0,-191.0,0.34172532251337073
1759426477,3.0,2.0,2.0,4.0,792.24844,0.0,7.0,-191.0,0.3649435092001504
1759426482,3.0,2.0,2.0,4.0,792.24844,0.0,7.0,-191.0,0.36221061213473754
1759426487,3.0,2.0,2.0,4.0,792.24844,0.0,7.0,-191.0,0.36122174507704247
1759426492,3.0,2.0,2.0,4.0,792.24844,0.0,7.0,-191.0,0.34744077250293864
1759426497,3.0,0.0,0.0,3.0,1567.600264,0.0,7.0,-211.0,0.25555231737640854
1759426502,3.0,0.0,0.0,3.0,1567.600264,0.0,7.0,-211.0,0.28708248555365995
1759426507,3.0,0.0,0.0,3.0,1567.600264,0.0,7.0,-211.0,0.27184432688281535
1759426512,3.0,0.0,0.0,3.0,1567.600264,0.0,7.0,-211.0,0.25541090095183805
1759426517,3.0,0.0,0.0,3.0,1567.600264,0.0,7.0,-211.0,0.20510127695001107
1759426517,3.0,0.0,0.0,3.0,1567.600264,0.0,7.0,-211.0,0.19881401794749817
1759426522,3.0,0.0,0.0,3.0,1567.600264,0.0,7.0,-211.0,0.11842157082275759
1759426527,3.0,2.0,0.0,4.0,1091.9781,0.0,7.0,-191.0,0.16391309856573535
1759426532,3.0,2.0,0.0,4.0,1091.9781,0.0,7.0,-191.0,0.15471422778106958
1759426537,3.0,2.0,0.0,4.0,1091.9781,0.0,7.0,-191.0,0.172953801358145
1759426542,3.0,2.0,0.0,4.0,1091.9781,0.0,7.0,-191.0,0.18817565742368467
1759426547,3.0,2.0,0.0,4.0,1091.9781,0.0,7.0,-191.0,0.20307763377396024
1759426552,3.0,2.0,0.0,4.0,1091.9781,0.0,7.0,-191.0,0.19274054815110278
1759426557,3.0,2.0,1.0,4.0,745.083835,0.0,7.0,-191.0,0.2959732986205006
1759426562,3.0,2.0,1.0,4.0,745.083835,0.0,7.0,-191.0,0.3826987423191843
1759426567,3.0,2.0,1.0,4.0,745.083835,0.0,7.0,-191.0,0.4324544184628953
1759426572,3.0,2.0,1.0,4.0,745.083835,0.0,7.0,-191.0,0.3560313893014008
1759426577,3.0,2.0,1.0,4.0,745.083835,0.0,7.0,-191.0,0.3372967714441849
1759426577,3.0,2.0,1.0,4.0,745.083835,0.0,7.0,-191.0,0.33711650350715994
1759426582,3.0,2.0,1.0,4.0,745.083835,0.0,7.0,-191.0,0.30279442951255
1759426587,3.0,0.0,0.0,0.0,0.0,0.0,7.0,-211.0,0.2959565674230031
1759426592,3.0,0.0,0.0,0.0,0.0,0.0,7.0,-211.0,0.2458312909046571
1759426597,3.0,0.0,0.0,0.0,0.0,0.0,7.0,-211.0,0.21514289959874394
1759426602,3.0,0.0,0.0,0.0,0.0,0.0,7.0,-211.0,0.20679763067649737
1759426607,3.0,0.0,0.0,0.0,0.0,0.0,7.0,-211.0,0.09939153863642855
1759426612,3.0,0.0,0.0,0.0,0.0,0.0,7.0,-211.0,0.06806438145999147
1759426617,3.0,2.0,1.0,3.0,640.206516,0.0,7.0,-201.0,0.1688205247017175
1759426622,3.0,2.0,1.0,3.0,640.206516,0.0,7.0,-201.0,0.20313802420207291
1759426627,3.0,2.0,1.0,3.0,640.206516,0.0,7.0,-201.0,0.21800507390724255
1759426632,3.0,2.0,1.0,3.0,640.206516,0.0,7.0,-201.0,0.21318322594779607
1759426637,3.0,2.0,1.0,3.0,640.206516,0.0,7.0,-201.0,0.25625841382774395
1759426637,3.0,2.0,1.0,3.0,640.206516,0.0,7.0,-201.0,
1759426642,3.0,2.0,1.0,3.0,640.206516,0.0,7.0,-201.0,
1759426647,3.0,0.0,0.0,3.0,931.486364,0.0,7.0,-211.0,
1759426652,3.0,0.0,0.0,3.0,931.486364,0.0,7.0,-211.0,
1759426657,3.0,0.0,0.0,3.0,931.486364,0.0,7.0,-211.0,
1759426662,3.0,0.0,0.0,3.0,931.486364,0.0,7.0,-211.0,
1759426667,3.0,0.0,0.0,3.0,931.486364,0.0,7.0,-211.0,
1759426672,3.0,0.0,0.0,3.0,931.486364,0.0,7.0,-211.0,
1759426677,3.0,0.0,0.0,0.0,0.0,0.0,7.0,-181.0,0.0027919782029292577
1759426682,3.0,0.0,0.0,0.0,0.0,0.0,7.0,-181.0,0.003327580785787553
1759426687,3.0,0.0,0.0,0.0,0.0,0.0,7.0,-181.0,0.05815865883385194
1759426692,3.0,0.0,0.0,0.0,0.0,0.0,7.0,-181.0,0.07148708670987786
1759426697,3.0,0.0,0.0,0.0,0.0,0.0,7.0,-181.0,0.08350473438487466
1759426697,3.0,0.0,0.0,0.0,0.0,0.0,7.0,-181.0,0.08350473438487466
1759426702,3.0,0.0,0.0,0.0,0.0,0.0,7.0,-181.0,0.0962975596780423
1759426707,3.0,0.0,0.0,0.0,0.0,0.0,7.0,-211.0,0.07732835833333333
1759426712,3.0,0.0,0.0,0.0,0.0,0.0,7.0,-211.0,0.07721439304469556
1759426717,3.0,0.0,0.0,0.0,0.0,0.0,7.0,-211.0,0.07370475
1759426722,3.0,0.0,0.0,0.0,0.0,0.0,7.0,-211.0,0.07370475
1759426727,3.0,0.0,0.0,0.0,0.0,0.0,7.0,-211.0,
1759426732,3.0,0.0,0.0,0.0,0.0,0.0,7.0,-211.0,
1759426737,3.0,0.0,0.0,3.0,2.756876,0.0,7.0,-201.0,
1759426742,3.0,0.0,0.0,3.0,2.756876,0.0,7.0,-201.0,
1759426747,3.0,0.0,0.0,3.0,2.756876,0.0,7.0,-201.0,
1759426752,3.0,0.0,0.0,3.0,2.756876,0.0,7.0,-201.0,
1759426757,3.0,0.0,0.0,3.0,2.756876,0.0,7.0,-201.0,
1759426757,3.0,0.0,0.0,,3.0,2.756876,0.0,7.0,-201.0,0.08617526144206453
1759426762,3.0,0.0,0.0,,3.0,2.756876,0.0,7.0,-201.0,0.06557716958798462
1759426767,3.0,0.0,0.0,,0.0,0.0,0.0,7.0,-211.0,0.042416464698589354
1759426772,3.0,0.0,0.0,,0.0,0.0,0.0,7.0,-211.0,0.05119408609293589
1759426777,3.0,0.0,0.0,3883.3216378693082,0.0,0.0,0.0,7.0,-211.0,0.05162352486229154
1759426782,3.0,0.0,0.0,3883.3216378693082,0.0,0.0,0.0,7.0,-211.0,0.04436694584033939
1759426787,3.0,0.0,0.0,3883.3216378693082,0.0,0.0,0.0,7.0,-211.0,0.02641925603472128
1759426792,3.0,0.0,0.0,3883.3216378693082,0.0,0.0,0.0,7.0,-211.0,0.050338711327413105
1759426797,3.0,0.0,0.0,3883.3216378693082,3.0,2106.336813,0.0,7.0,-211.0,0.05582565772132335
1759426802,3.0,0.0,0.0,3883.3216378693082,3.0,2106.336813,0.0,7.0,-211.0,0.05529607749049428
1759426807,3.0,0.0,0.0,,3.0,2106.336813,0.0,7.0,-211.0,0.05749172775541321
1759426812,3.0,0.0,0.0,,3.0,2106.336813,0.0,7.0,-211.0,0.05749172775541321
1759426817,3.0,0.0,0.0,,3.0,2106.336813,0.0,7.0,-211.0,0.05596614933647637
1759426817,3.0,0.0,0.0,3.0,2106.336813,0.0,7.0,-211.0,
1759426822,3.0,0.0,0.0,3.0,2106.336813,0.0,7.0,-211.0,0.001637041359698081
1759426827,3.0,0.0,0.0,0.0,0.0,0.0,7.0,-201.0,0.002021901562749163
1759426832,3.0,0.0,0.0,0.0,0.0,0.0,7.0,-201.0,0.0024067617658002443
1759426837,3.0,0.0,0.0,0.0,0.0,0.0,7.0,-201.0,0.0017247042942314375
1759426842,3.0,0.0,0.0,0.0,0.0,0.0,7.0,-201.0,0.001958060984494592
1759426847,3.0,0.0,0.0,0.0,0.0,0.0,7.0,-201.0,0.0021914176747577464
1759426852,3.0,0.0,0.0,0.0,0.0,0.0,7.0,-201.0,0.002139370833333333
1759426857,3.0,0.0,0.0,3.0,609.087309,0.0,7.0,-211.0,0.002090374227873801
1759426862,3.0,0.0,0.0,3.0,609.087309,0.0,7.0,-211.0,0.0018570175376106462
1759426867,3.0,0.0,0.0,3.0,609.087309,0.0,7.0,-211.0,0.001623660847347491
1759426872,3.0,0.0,0.0,3.0,609.087309,0.0,7.0,-211.0,0.0006647182279060643
1759426877,3.0,0.0,0.0,3.0,609.087309,0.0,7.0,-211.0,0.0005556604227993287
1759426877,3.0,0.0,0.0,3.0,609.087309,0.0,7.0,-211.0,0.0005556604227993287
1759426882,3.0,0.0,0.0,3.0,609.087309,0.0,7.0,-211.0,
1759426887,3.0,0.0,0.0,3.0,609.087309,0.0,7.0,-211.0,
1759426892,3.0,0.0,0.0,3.0,609.087309,0.0,7.0,-211.0,
1759426897,3.0,0.0,0.0,3.0,609.087309,0.0,7.0,-211.0,
1759426902,3.0,0.0,0.0,3.0,609.087309,0.0,7.0,-211.0,
1759426907,3.0,0.0,0.0,3.0,609.087309,0.0,7.0,-211.0,
1759426912,3.0,0.0,0.0,3.0,609.087309,0.0,7.0,-211.0,
1759426917,3.0,0.0,0.0,3.0,609.087309,0.0,7.0,-211.0,
1759426922,3.0,0.0,0.0,3.0,609.087309,0.0,7.0,-211.0,
1759426927,3.0,0.0,0.0,3.0,609.087309,0.0,7.0,-211.0,
1759426932,3.0,0.0,0.0,3.0,609.087309,0.0,7.0,-211.0,
1759426937,3.0,0.0,0.0,3.0,609.087309,0.0,7.0,-211.0,
1759426937,3.0,0.0,0.0,3.0,609.087309,0.0,7.0,-211.0,0.023547309222542133
1759426942,3.0,0.0,0.0,3.0,609.087309,0.0,7.0,-211.0,0.02301743311982193
1759426947,3.0,0.0,0.0,3.0,609.087309,0.0,7.0,-211.0,0.02240348431605122
1759426952,3.0,0.0,0.0,3.0,609.087309,0.0,7.0,-211.0,0.019453402384968867
1759426957,3.0,0.0,0.0,3.0,609.087309,0.0,7.0,-211.0,0.02014247327329239
1759426962,3.0,0.0,0.0,3.0,609.087309,0.0,7.0,-211.0,0.058091225266547766
1759426967,3.0,0.0,0.0,3.0,609.087309,0.0,7.0,-211.0,0.07370512223891595
1759426972,3.0,0.0,0.0,3.0,609.087309,0.0,7.0,-211.0,0.0636013369216108
1759426977,3.0,0.0,0.0,0.0,0.0,0.0,7.0,-211.0,0.06374028319396283
1759426982,3.0,0.0,0.0,0.0,0.0,0.0,7.0,-211.0,0.0765253908236816
1759426987,3.0,0.0,0.0,0.0,0.0,0.0,7.0,-211.0,0.06444994085023203
1759426992,3.0,0.0,0.0,0.0,0.0,0.0,7.0,-211.0,0.06427538710186129
1759426997,3.0,0.0,0.0,0.0,0.0,0.0,7.0,-211.0,0.06951853546088083
1759426997,3.0,0.0,0.0,0.0,0.0,0.0,7.0,-211.0,
1759427002,3.0,0.0,0.0,0.0,0.0,0.0,7.0,-211.0,
1759427007,3.0,0.0,0.0,0.0,0.0,0.0,7.0,-211.0,
1759427012,3.0,0.0,0.0,0.0,0.0,0.0,7.0,-211.0,
1759427017,3.0,0.0,0.0,0.0,0.0,0.0,7.0,-211.0,
1759427022,3.0,0.0,0.0,0.0,0.0,0.0,7.0,-211.0,0.0006114552863991923
1759427027,3.0,0.0,0.0,0.0,0.0,0.0,7.0,-211.0,0.000739262503154176
1759427032,3.0,0.0,0.0,0.0,0.0,0.0,7.0,-211.0,0.0008670697199091595
1759427037,3.0,4.0,2.0,4.0,70.073968,0.0,7.0,-191.0,0.0006453806804663335
1759427042,3.0,4.0,2.0,4.0,70.073968,0.0,7.0,-191.0,0.0007302991910540091
1759427047,3.0,4.0,2.0,4.0,70.073968,0.0,7.0,-191.0,0.0008152177016416844
1759427052,3.0,4.0,2.0,4.0,70.073968,0.0,7.0,-191.0,0.0008327109148227456
1759427057,3.0,4.0,2.0,4.0,70.073968,0.0,7.0,-191.0,0.0007477924042350702
1759427057,3.0,4.0,2.0,4.0,70.073968,0.0,7.0,-191.0,0.0007477924042350702
1759427062,3.0,4.0,2.0,4.0,70.073968,0.0,7.0,-191.0,0.0006628738936473948
1759427067,3.0,2.0,2.0,4.0,401.972082,0.0,7.0,-191.0,0.00014136666666666672
1759427072,3.0,2.0,2.0,4.0,401.972082,0.0,7.0,-191.0,0.0007550280718226306
1759427077,3.0,2.0,2.0,4.0,401.972082,0.0,7.0,-191.0,0.0008571293896088654
1759427082,3.0,2.0,2.0,4.0,401.972082,0.0,7.0,-191.0,0.0008540363875945305
1759427087,3.0,2.0,2.0,4.0,401.972082,0.0,7.0,-191.0,0.0006867333333333333
1759427092,3.0,2.0,2.0,4.0,401.972082,0.0,7.0,-191.0,0.0006867333333333333
1759427097,3.0,0.0,0.0,0.0,0.0,0.0,7.0,-211.0,0.0006867333333333333
1759427102,3.0,0.0,0.0,0.0,0.0,0.0,7.0,-211.0,0.0008079
1759427107,3.0,0.0,0.0,0.0,0.0,0.0,7.0,-211.0,0.000750719505767321
1759427112,3.0,0.0,0.0,0.0,0.0,0.0,7.0,-211.0,0.000619573425763247
1759427117,3.0,0.0,0.0,0.0,0.0,0.0,7.0,-211.0,
1759427117,3.0,0.0,0.0,0.0,0.0,0.0,7.0,-211.0,
1759427122,3.0,0.0,0.0,0.0,0.0,0.0,7.0,-211.0,
1759427127,3.0,2.0,0.0,3.0,675.286103,0.0,7.0,-211.0,0.0006171569741062348
1759427132,3.0,2.0,0.0,3.0,675.286103,0.0,7.0,-211.0,0.0007254453258233591
1759427137,3.0,2.0,0.0,3.0,675.286103,0.0,7.0,-211.0,0.0005860505018013382
1759427142,3.0,2.0,0.0,3.0,675.286103,0.0,7.0,-211.0,0.0006657321428571429
1759427147,3.0,2.0,0.0,3.0,675.286103,0.0,7.0,-211.0,0.0007454137839129476
1759427152,3.0,2.0,0.0,3.0,675.286103,0.0,7.0,-211.0,0.0006502500000000001
1759427157,3.0,0.0,0.0,3.0,1343.306743,0.0,7.0,-211.0,0.0007016526266450996
1759427162,3.0,0.0,0.0,3.0,1343.306743,0.0,7.0,-211.0,0.000621970985589295
1759427167,3.0,0.0,0.0,3.0,1343.306743,0.0,7.0,-211.0,0.0005422893445334902
1759427172,3.0,0.0,0.0,3.0,1343.306743,0.0,7.0,-211.0,0.00012873333333333347
1759427177,3.0,0.0,0.0,3.0,1343.306743,0.0,7.0,-211.0,0.00014134940276957426
1759427177,3.0,0.0,0.0,,3.0,1343.306743,0.0,7.0,-211.0,0.00014134940276957426
1759427182,3.0,0.0,0.0,,3.0,1343.306743,0.0,7.0,-211.0,0.00010966665682220921
1759427187,3.0,2.0,0.0,,3.0,20.93466,0.0,7.0,-201.0,
1759427192,3.0,2.0,0.0,,3.0,20.93466,0.0,7.0,-201.0,
1759427197,3.0,2.0,0.0,,3.0,20.93466,0.0,7.0,-201.0,
1759427202,3.0,2.0,0.0,,3.0,20.93466,0.0,7.0,-201.0,
1759427207,3.0,2.0,0.0,,3.0,20.93466,0.0,7.0,-201.0,
1759427212,3.0,2.0,0.0,,3.0,20.93466,0.0,7.0,-201.0,
1759427217,3.0,0.0,1.0,,3.0,1200.411175,0.0,7.0,-211.0,
1759427222,3.0,0.0,1.0,,3.0,1200.411175,0.0,7.0,-211.0,
1759427227,3.0,0.0,1.0,3029.776397331236,3.0,1200.411175,0.0,7.0,-211.0,
1759427232,3.0,0.0,1.0,3029.776397331236,3.0,1200.411175,0.0,7.0,-211.0,
1759427237,3.0,0.0,1.0,3029.776397331236,3.0,1200.411175,0.0,7.0,-211.0,
1759427237,3.0,0.0,1.0,3029.776397331236,3.0,1200.411175,0.0,7.0,-211.0,
1759427242,3.0,0.0,1.0,3029.776397331236,3.0,1200.411175,0.0,7.0,-211.0,
1759427247,3.0,0.0,0.0,3029.776397331236,3.0,4826.651778,4843.700481,7.0,-5055.0,
1759427252,3.0,0.0,0.0,3029.776397331236,3.0,4826.651778,4843.700481,7.0,-5055.0,
1759427257,3.0,0.0,0.0,4854.712724588798,3.0,4826.651778,4843.700481,7.0,-5055.0,
1759427262,3.0,0.0,0.0,4854.712724588798,3.0,4826.651778,4843.700481,7.0,-5055.0,
1759427267,3.0,0.0,0.0,4854.712724588798,3.0,4826.651778,4843.700481,7.0,-5055.0,
1759427272,3.0,0.0,0.0,4854.712724588798,3.0,4826.651778,4843.700481,7.0,-5055.0,
1759427277,3.0,0.0,1.0,4854.712724588798,0.0,-1e-06,0.0,7.0,-201.0,
1759427282,3.0,0.0,1.0,4854.712724588798,0.0,-1e-06,0.0,7.0,-201.0,0.0017121167089452602
1759427287,3.0,0.0,1.0,,0.0,-1e-06,0.0,7.0,-201.0,0.001985116263907432
1759427292,3.0,0.0,1.0,,0.0,-1e-06,0.0,7.0,-201.0,0.002258115818869604
1759427297,3.0,0.0,1.0,,0.0,-1e-06,0.0,7.0,-201.0,0.0017652199128357375
1759427297,3.0,0.0,1.0,0.0,-1e-06,0.0,7.0,-201.0,0.0017652199128357375
1759427302,3.0,0.0,1.0,0.0,-1e-06,0.0,7.0,-201.0,0.002225636752431503
1759427307,3.0,2.0,1.0,3.0,710.248087,0.0,7.0,-201.0,0.003261732788799499
1759427312,3.0,2.0,1.0,3.0,710.248087,0.0,7.0,-201.0,0.003027950134712183
1759427317,3.0,2.0,1.0,3.0,710.248087,0.0,7.0,-201.0,0.003000987739318803
1759427322,3.0,2.0,1.0,3.0,710.248087,0.0,7.0,-201.0,0.001980844046257466
1759427327,3.0,2.0,1.0,3.0,710.248087,0.0,7.0,-201.0,0.001780740237313637
1759427332,3.0,2.0,1.0,3.0,710.248087,0.0,7.0,-201.0,0.0016863106107235673
1759427337,3.0,2.0,0.0,3.0,1675.958863,0.0,7.0,-211.0,0.0015918809841334975
1759427342,3.0,2.0,0.0,3.0,1675.958863,0.0,7.0,-211.0,0.0010583415073616182
1759427347,3.0,2.0,0.0,3.0,1675.958863,0.0,7.0,-211.0,
1759427352,3.0,2.0,0.0,3.0,1675.958863,0.0,7.0,-211.0,
1759427357,3.0,2.0,0.0,3.0,1675.958863,0.0,7.0,-211.0,
1759427357,3.0,2.0,0.0,3.0,1675.958863,0.0,7.0,-211.0,0.31130790824835325
1759427362,3.0,2.0,0.0,3.0,1675.958863,0.0,7.0,-211.0,0.2663907112406472
1759427367,3.0,0.0,0.0,3.0,1016.426269,0.0,7.0,-211.0,0.2422247382257304
1759427372,3.0,0.0,0.0,3.0,1016.426269,0.0,7.0,-211.0,0.2788509416317666
1759427377,3.0,0.0,0.0,3.0,1016.426269,0.0,7.0,-211.0,0.3017390668290024
1759427382,3.0,0.0,0.0,3.0,1016.426269,0.0,7.0,-211.0,0.2022230936932105
1759427387,3.0,0.0,0.0,3.0,1016.426269,0.0,7.0,-211.0,0.2725866715835859
1759427392,3.0,0.0,0.0,3.0,1016.426269,0.0,7.0,-211.0,0.3260973453003288
1759427397,3.0,4.0,0.0,3.0,13.710768,0.0,7.0,-201.0,0.3406799331408768
1759427402,3.0,4.0,0.0,3.0,13.710768,0.0,7.0,-201.0,0.39018472928136044
1759427407,3.0,4.0,0.0,3.0,13.710768,0.0,7.0,-201.0,0.29421040647764046
1759427412,3.0,4.0,0.0,3.0,13.710768,0.0,7.0,-201.0,0.25696564443740644
1759427417,3.0,4.0,0.0,3.0,13.710768,0.0,7.0,-201.0,0.34903284151051217
1759427417,3.0,4.0,0.0,3.0,13.710768,0.0,7.0,-201.0,0.4260006502199098
1759427422,3.0,4.0,0.0,3.0,13.710768,0.0,7.0,-201.0,0.4191886604935933
1759427427,3.0,0.0,0.0,3.0,813.987093,0.0,7.0,-211.0,0.4172370565630579
1759427432,3.0,0.0,0.0,3.0,813.987093,0.0,7.0,-211.0,0.2920916548837668
1759427437,3.0,0.0,0.0,3.0,813.987093,0.0,7.0,-211.0,0.25982343373935646
1759427442,3.0,0.0,0.0,3.0,813.987093,0.0,7.0,-211.0,0.28014946601711554
1759427447,3.0,0.0,0.0,3.0,813.987093,0.0,7.0,-211.0,0.24304325035975496
1759427452,3.0,0.0,0.0,3.0,813.987093,0.0,7.0,-211.0,0.22681250672886694
1759427457,3.0,2.0,0.0,3.0,510.618613,0.0,7.0,-211.0,0.16840728540137384
1759427462,3.0,2.0,0.0,3.0,510.618613,0.0,7.0,-211.0,0.29207025828659683
1759427467,3.0,2.0,0.0,3.0,510.618613,0.0,7.0,-211.0,0.3162295055858391
1759427472,3.0,2.0,0.0,3.0,510.618613,0.0,7.0,-211.0,0.24915777185298352
1759427477,3.0,2.0,0.0,3.0,510.618613,0.0,7.0,-211.0,0.23007023882306343
1759427477,3.0,2.0,0.0,3.0,510.618613,0.0,7.0,-211.0,0.24715628702671955
1759427482,3.0,2.0,0.0,3.0,510.618613,0.0,7.0,-211.0,0.2716527027540774
1759427487,1.0,2.0,1.0,0.0,0.0,0.0,7.0,-211.0,0.28139476920592904
1759427492,1.0,2.0,1.0,0.0,0.0,0.0,7.0,-211.0,0.2362658866042825
1759427497,1.0,2.0,1.0,0.0,0.0,0.0,7.0,-211.0,0.23642952589297225
1759427502,1.0,2.0,1.0,0.0,0.0,0.0,7.0,-211.0,0.29327566023032514
1759427507,1.0,2.0,1.0,0.0,0.0,0.0,7.0,-211.0,0.26833955038129553
1759427512,1.0,2.0,1.0,0.0,0.0,0.0,7.0,-211.0,0.3785849043101378
1759427517,3.0,4.0,0.0,3.0,318.540936,0.0,7.0,-211.0,0.3347535630298379
1759427522,3.0,4.0,0.0,3.0,318.540936,0.0,7.0,-211.0,0.29803748666302776
1759427527,3.0,4.0,0.0,3.0,318.540936,0.0,7.0,-211.0,0.3300715266959803
1759427532,3.0,4.0,0.0,3.0,318.540936,0.0,7.0,-211.0,0.40874665636697954
1759427537,3.0,4.0,0.0,3.0,318.540936,0.0,7.0,-211.0,0.41830207164411426
1759427537,3.0,4.0,0.0,3.0,318.540936,0.0,7.0,-211.0,
1759427542,3.0,4.0,0.0,3.0,318.540936,0.0,7.0,-211.0,
1759427547,3.0,2.0,2.0,4.0,125.870244,0.0,7.0,-191.0,
1759427552,3.0,2.0,2.0,4.0,125.870244,0.0,7.0,-191.0,
1759427557,3.0,2.0,2.0,4.0,125.870244,0.0,7.0,-191.0,
1759427562,3.0,2.0,2.0,4.0,125.870244,0.0,7.0,-191.0,0.0005271946814191782
1759427567,3.0,2.0,2.0,4.0,125.870244,0.0,7.0,-191.0,0.0006095225409699274
1759427572,3.0,2.0,2.0,4.0,125.870244,0.0,7.0,-191.0,0.0006918504005206768
1759427577,3.0,0.0,1.0,3.0,528.838093,0.0,7.0,-211.0,0.0007741782600714261
1759427582,3.0,0.0,1.0,3.0,528.838093,0.0,7.0,-211.0,0.0007763583333333334
1759427587,3.0,0.0,1.0,3.0,528.838093,0.0,7.0,-211.0,0.0007068670021027335
1759427592,3.0,0.0,1.0,3.0,528.838093,0.0,7.0,-211.0,0.0006245391425519841
1759427597,3.0,0.0,1.0,3.0,528.838093,0.0,7.0,-211.0,0.0005422112830012349
