index,srv-geo_autoscaler_requested_pods,srv-geo_autoscaler_terminating_pods,srv-geo_autoscaler_actual_pods,srv-geo_activator_request_concurrency,srv-geo_autoscaler_desired_pods,srv-geo_autoscaler_stable_request_concurrency,srv-geo_autoscaler_panic_request_concurrency,srv-geo_autoscaler_target_concurrency_per_pod,srv-geo_autoscaler_excess_burst_capacity,srv-geo_container_cpu_usage_seconds_total
1759666994,0.0,0.0,0.0,,0.0,0.0,0.0,7.0,-211.0,
1759666999,0.0,0.0,0.0,,0.0,0.0,0.0,7.0,-211.0,
1759667004,0.0,0.0,0.0,,0.0,0.0,0.0,7.0,-211.0,
1759667009,3.0,0.0,1.0,,3.0,136.942504,0.0,7.0,-211.0,
1759667014,3.0,0.0,1.0,,3.0,136.942504,0.0,7.0,-211.0,
1759667019,3.0,0.0,1.0,2.0397697927917067,3.0,136.942504,0.0,7.0,-211.0,0.023102677234866358
1759667024,3.0,0.0,1.0,2.0397697927917067,3.0,136.942504,0.0,7.0,-211.0,0.0768739433331852
1759667029,3.0,0.0,1.0,2.0397697927917067,3.0,136.942504,0.0,7.0,-211.0,0.09424064849262925
1759667034,3.0,0.0,1.0,2.0397697927917067,3.0,136.942504,0.0,7.0,-211.0,0.13736541989548254
1759667039,3.0,0.0,3.0,2.0397697927917067,6.0,43.10135,0.0,7.0,-181.0,0.1607667653610273
1759667044,3.0,0.0,3.0,2.0397697927917067,6.0,43.10135,0.0,7.0,-181.0,0.18509283188555697
1759667049,3.0,0.0,3.0,3.1827289396036824,6.0,43.10135,0.0,7.0,-181.0,0.20706839256662582
1759667054,3.0,0.0,3.0,3.1827289396036824,6.0,43.10135,0.0,7.0,-181.0,0.21324853181390918
1759667054,3.0,0.0,3.0,3.1827289396036824,6.0,43.10135,0.0,7.0,-181.0,0.22044045884126012
1759667059,3.0,0.0,3.0,3.1827289396036824,6.0,43.10135,0.0,7.0,-181.0,0.22921664333681252
1759667064,3.0,0.0,3.0,3.1827289396036824,6.0,43.10135,0.0,7.0,-181.0,0.19633620694128015
1759667069,3.0,0.0,3.0,3.1827289396036824,1.0,0.0,0.0,7.0,-181.0,0.21924596324696688
1759667074,3.0,0.0,3.0,3.1827289396036824,1.0,0.0,0.0,7.0,-181.0,0.19276505886567732
1759667079,3.0,0.0,3.0,,1.0,0.0,0.0,7.0,-181.0,0.11791308406295098
1759667084,3.0,0.0,3.0,,1.0,0.0,0.0,7.0,-181.0,0.09154281491690358
1759667089,3.0,0.0,3.0,,1.0,0.0,0.0,7.0,-181.0,0.09154281491690358
1759667094,3.0,0.0,3.0,,1.0,0.0,0.0,7.0,-181.0,0.06692166688415324
1759667099,3.0,0.0,3.0,,1.0,0.0,0.0,7.0,-181.0,0.017372803656698306
1759667104,3.0,0.0,3.0,,1.0,0.0,0.0,7.0,-181.0,0.0043053727662227745
1759667109,3.0,0.0,3.0,,1.0,0.0,0.0,7.0,-181.0,0.0043053727662227745
1759667114,3.0,0.0,3.0,,1.0,0.0,0.0,7.0,-181.0,0.002757162247374543
1759667114,3.0,0.0,3.0,1.0,0.0,0.0,7.0,-181.0,0.0033377366255935652
1759667119,3.0,0.0,3.0,1.0,0.0,0.0,7.0,-181.0,0.003965174628016446
1759667124,3.0,0.0,3.0,1.0,0.0,0.0,7.0,-181.0,0.0038097020842309637
1759667129,3.0,0.0,3.0,3.0,0.002226,0.0,7.0,-181.0,0.004810578362684956
1759667134,3.0,0.0,3.0,3.0,0.002226,0.0,7.0,-181.0,0.005230158776650976
1759667139,3.0,0.0,3.0,3.0,0.002226,0.0,7.0,-181.0,0.005262910124488139
1759667144,3.0,0.0,3.0,3.0,0.002226,0.0,7.0,-181.0,0.00887220396411572
1759667149,3.0,0.0,3.0,3.0,0.002226,0.0,7.0,-181.0,0.015982681779212287
1759667154,3.0,0.0,3.0,3.0,0.002226,0.0,7.0,-181.0,0.016724905467530707
1759667159,3.0,0.0,3.0,3.0,1.323801,0.0,7.0,-181.0,0.09632535566914983
1759667164,3.0,0.0,3.0,3.0,1.323801,0.0,7.0,-181.0,0.10587434098554305
1759667169,3.0,0.0,3.0,3.0,1.323801,0.0,7.0,-181.0,0.13197763538922994
1759667174,3.0,0.0,3.0,3.0,1.323801,0.0,7.0,-181.0,0.11792527746195668
1759667174,3.0,0.0,3.0,,3.0,1.323801,0.0,7.0,-181.0,0.13951796576275025
1759667179,3.0,0.0,3.0,,3.0,1.323801,0.0,7.0,-181.0,0.2127007386247802
1759667184,3.0,0.0,3.0,,3.0,1.323801,0.0,7.0,-181.0,0.2202772246648888
1759667189,3.0,0.0,3.0,,3.0,13.013786,0.511703,7.0,-182.0,0.2823554869416149
1759667194,3.0,0.0,3.0,,3.0,13.013786,0.511703,7.0,-182.0,0.2983424250091683
1759667199,3.0,0.0,3.0,4.910627680117907,3.0,13.013786,0.511703,7.0,-182.0,0.2793093311498036
1759667204,3.0,0.0,3.0,4.910627680117907,3.0,13.013786,0.511703,7.0,-182.0,0.25443615177115575
1759667209,3.0,0.0,3.0,4.910627680117907,3.0,13.013786,0.511703,7.0,-182.0,0.2653303133515172
1759667214,3.0,0.0,3.0,4.910627680117907,3.0,13.013786,0.511703,7.0,-182.0,0.24543306650950633
1759667219,3.0,0.0,3.0,4.910627680117907,3.0,0.2,0.0,7.0,-181.0,0.18727218687135366
1759667224,3.0,0.0,3.0,4.910627680117907,3.0,0.2,0.0,7.0,-181.0,0.16443767597538175
1759667229,3.0,0.0,3.0,2.109087183023545,3.0,0.2,0.0,7.0,-181.0,0.14303835625521819
1759667234,3.0,0.0,3.0,2.109087183023545,3.0,0.2,0.0,7.0,-181.0,0.14303835625521819
1759667234,3.0,0.0,3.0,2.109087183023545,3.0,0.2,0.0,7.0,-181.0,0.13658556342686057
1759667239,3.0,0.0,3.0,2.109087183023545,3.0,0.2,0.0,7.0,-181.0,0.165870181382737
1759667244,3.0,0.0,3.0,2.109087183023545,3.0,0.2,0.0,7.0,-181.0,0.16980137203948345
1759667249,3.0,3.0,2.0,2.109087183023545,1.0,0.0,0.0,7.0,-181.0,0.16433831259362744
1759667254,3.0,3.0,2.0,2.109087183023545,1.0,0.0,0.0,7.0,-181.0,0.13971458845198972
1759667259,3.0,3.0,2.0,,1.0,0.0,0.0,7.0,-181.0,0.1104083275639026
1759667264,3.0,3.0,2.0,,1.0,0.0,0.0,7.0,-181.0,0.10438014519880019
1759667269,3.0,3.0,2.0,,1.0,0.0,0.0,7.0,-181.0,0.10533812074715417
1759667274,3.0,3.0,2.0,,1.0,0.0,0.0,7.0,-181.0,0.10263107468276392
1759667279,3.0,3.0,2.0,,1.0,0.0,0.0,7.0,-181.0,0.041534095289129686
1759667284,3.0,3.0,2.0,,1.0,0.0,0.0,7.0,-181.0,0.04482218349248449
1759667289,3.0,3.0,2.0,,1.0,0.0,0.0,7.0,-181.0,0.04423997919318655
1759667294,3.0,3.0,2.0,,1.0,0.0,0.0,7.0,-181.0,0.0225717630553019
1759667294,3.0,3.0,2.0,,1.0,0.0,0.0,7.0,-181.0,0.04394605018017393
1759667299,3.0,3.0,2.0,,1.0,0.0,0.0,7.0,-181.0,0.1266608717017458
1759667304,3.0,3.0,2.0,,1.0,0.0,0.0,7.0,-181.0,0.1288555434597429
1759667309,3.0,0.0,3.0,,3.0,2.462115,0.0,7.0,-181.0,0.19071213775690712
1759667314,3.0,0.0,3.0,,3.0,2.462115,0.0,7.0,-181.0,0.2711004323773974
1759667319,3.0,0.0,3.0,,3.0,2.462115,0.0,7.0,-181.0,0.2968399303583058
1759667324,3.0,0.0,3.0,,3.0,2.462115,0.0,7.0,-181.0,0.3399771180166709
1759667329,3.0,0.0,3.0,,3.0,2.462115,0.0,7.0,-181.0,0.3537518314681427
1759667334,3.0,0.0,3.0,,3.0,2.462115,0.0,7.0,-181.0,0.37177722967848237
1759667339,3.0,0.0,3.0,,3.0,0.062883,0.0,7.0,-181.0,0.2987728083416813
1759667344,3.0,0.0,3.0,,3.0,0.062883,0.0,7.0,-181.0,0.26381224871800524
1759667349,3.0,0.0,3.0,0.16731168848942868,3.0,0.062883,0.0,7.0,-181.0,0.21847454536688865
1759667354,3.0,0.0,3.0,0.16731168848942868,3.0,0.062883,0.0,7.0,-181.0,0.19927888317248482
1759667354,3.0,0.0,3.0,0.16731168848942868,3.0,0.062883,0.0,7.0,-181.0,0.19616404488419037
1759667359,3.0,0.0,3.0,0.16731168848942868,3.0,0.062883,0.0,7.0,-181.0,0.1331858760925089
1759667364,3.0,0.0,3.0,0.16731168848942868,3.0,0.062883,0.0,7.0,-181.0,0.1096976784187439
1759667369,3.0,0.0,3.0,0.16731168848942868,5.0,32.547643,0.0,7.0,-181.0,0.08664230298355181
1759667374,3.0,0.0,3.0,0.16731168848942868,5.0,32.547643,0.0,7.0,-181.0,0.03994168448220406
1759667379,3.0,0.0,3.0,0.0,5.0,32.547643,0.0,7.0,-181.0,0.041001861354375495
1759667384,3.0,0.0,3.0,0.0,5.0,32.547643,0.0,7.0,-181.0,0.04150302272774004
1759667389,3.0,0.0,3.0,0.0,5.0,32.547643,0.0,7.0,-181.0,0.04466793650961158
1759667394,3.0,0.0,3.0,0.0,5.0,32.547643,0.0,7.0,-181.0,0.039023380992547416
1759667399,3.0,3.0,1.0,0.0,3.0,341.629953,0.0,7.0,-211.0,0.038883927943868635
1759667404,3.0,3.0,1.0,0.0,3.0,341.629953,0.0,7.0,-211.0,0.07610983931950407
1759667409,3.0,3.0,1.0,0.6468406234017652,3.0,341.629953,0.0,7.0,-211.0,0.07701303452194273
1759667414,3.0,3.0,1.0,0.6468406234017652,3.0,341.629953,0.0,7.0,-211.0,0.09226219591133175
1759667414,3.0,3.0,1.0,0.6468406234017652,3.0,341.629953,0.0,7.0,-211.0,0.10702691259059288
1759667419,3.0,3.0,1.0,0.6468406234017652,3.0,341.629953,0.0,7.0,-211.0,0.09064853088634538
1759667424,3.0,3.0,1.0,0.6468406234017652,3.0,341.629953,0.0,7.0,-211.0,0.11350719014953936
1759667429,3.0,0.0,3.0,0.6468406234017652,6.0,106.123106,0.0,7.0,-181.0,0.15023977082312215
1759667434,3.0,0.0,3.0,0.6468406234017652,6.0,106.123106,0.0,7.0,-181.0,0.15444202681712152
1759667439,3.0,0.0,3.0,0.0,6.0,106.123106,0.0,7.0,-181.0,0.15075954268076058
1759667444,3.0,0.0,3.0,0.0,6.0,106.123106,0.0,7.0,-181.0,0.14737473150767655
1759667449,3.0,0.0,3.0,0.0,6.0,106.123106,0.0,7.0,-181.0,0.15653702335264627
1759667454,3.0,0.0,3.0,0.0,6.0,106.123106,0.0,7.0,-181.0,0.1768261603714145
1759667459,3.0,3.0,2.0,0.0,3.0,13.318984,0.0,7.0,-191.0,0.21856120580230554
1759667464,3.0,3.0,2.0,0.0,3.0,13.318984,0.0,7.0,-191.0,0.13435810425218195
1759667469,3.0,3.0,2.0,0.0,3.0,13.318984,0.0,7.0,-191.0,0.10636028728609088
1759667474,3.0,3.0,2.0,0.0,3.0,13.318984,0.0,7.0,-191.0,0.12197250834583916
1759667474,3.0,3.0,2.0,,3.0,13.318984,0.0,7.0,-191.0,0.12225680392630037
1759667479,3.0,3.0,2.0,,3.0,13.318984,0.0,7.0,-191.0,0.11085033002208618
1759667484,3.0,3.0,2.0,,3.0,13.318984,0.0,7.0,-191.0,0.12029762320545671
1759667489,0.0,2.0,1.0,,0.0,-1e-06,0.0,7.0,-201.0,0.11438292703018177
1759667494,0.0,2.0,1.0,,0.0,-1e-06,0.0,7.0,-201.0,0.12193218911032891
1759667499,0.0,2.0,1.0,,0.0,-1e-06,0.0,7.0,-201.0,0.08546510826096353
1759667504,0.0,2.0,1.0,,0.0,-1e-06,0.0,7.0,-201.0,0.13965510711333068
1759667509,0.0,2.0,1.0,,0.0,-1e-06,0.0,7.0,-201.0,0.1921465901178557
1759667514,0.0,2.0,1.0,,0.0,-1e-06,0.0,7.0,-201.0,0.19904284073590905
1759667519,3.0,0.0,3.0,,6.0,43.247384,1.113444,7.0,-183.0,0.24035449868201372
1759667524,3.0,0.0,3.0,,6.0,43.247384,1.113444,7.0,-183.0,0.2813964720669984
1759667529,3.0,0.0,3.0,0.0,6.0,43.247384,1.113444,7.0,-183.0,0.2702627288366585
1759667534,3.0,0.0,3.0,0.0,6.0,43.247384,1.113444,7.0,-183.0,0.28761214144736585
1759667534,3.0,0.0,3.0,0.0,6.0,43.247384,1.113444,7.0,-183.0,0.2686193703407573
1759667539,3.0,0.0,3.0,0.0,6.0,43.247384,1.113444,7.0,-183.0,0.24533792299820206
1759667544,3.0,0.0,3.0,0.0,6.0,43.247384,1.113444,7.0,-183.0,0.21953728804366973
1759667549,3.0,3.0,2.0,0.0,4.0,30.195636,1.334575,7.0,-193.0,0.12360486422978362
1759667554,3.0,3.0,2.0,0.0,4.0,30.195636,1.334575,7.0,-193.0,0.10999014667430478
1759667559,3.0,3.0,2.0,0.3374168870245013,4.0,30.195636,1.334575,7.0,-193.0,0.14994935770281972
1759667564,3.0,3.0,2.0,0.3374168870245013,4.0,30.195636,1.334575,7.0,-193.0,0.08149242643569996
1759667569,3.0,3.0,2.0,0.3374168870245013,4.0,30.195636,1.334575,7.0,-193.0,0.07040608104039456
1759667574,3.0,3.0,2.0,0.3374168870245013,4.0,30.195636,1.334575,7.0,-193.0,0.09374390931022279
1759667579,3.0,0.0,3.0,0.3374168870245013,3.0,0.075505,0.102376,7.0,-182.0,0.08915101654792522
1759667584,3.0,0.0,3.0,0.3374168870245013,3.0,0.075505,0.102376,7.0,-182.0,0.09374551142988372
1759667589,3.0,0.0,3.0,0.0,3.0,0.075505,0.102376,7.0,-182.0,0.08849844428446803
1759667594,3.0,0.0,3.0,0.0,3.0,0.075505,0.102376,7.0,-182.0,0.09065674366147125
1759667594,3.0,0.0,3.0,0.0,3.0,0.075505,0.102376,7.0,-182.0,0.08525037251833573
1759667599,3.0,0.0,3.0,0.0,3.0,0.075505,0.102376,7.0,-182.0,0.08406763686451628
1759667604,3.0,0.0,3.0,0.0,3.0,0.075505,0.102376,7.0,-182.0,0.07507082107344752
1759667609,3.0,3.0,1.0,0.0,3.0,1.009418,0.947427,7.0,-202.0,0.12100061925640894
1759667614,3.0,3.0,1.0,0.0,3.0,1.009418,0.947427,7.0,-202.0,0.16538793056781861
1759667619,3.0,3.0,1.0,0.6232702408130273,3.0,1.009418,0.947427,7.0,-202.0,0.13700183020450288
1759667624,3.0,3.0,1.0,0.6232702408130273,3.0,1.009418,0.947427,7.0,-202.0,0.13385557886030558
1759667629,3.0,3.0,1.0,0.6232702408130273,3.0,1.009418,0.947427,7.0,-202.0,0.11985659306446068
1759667634,3.0,3.0,1.0,0.6232702408130273,3.0,1.009418,0.947427,7.0,-202.0,0.13318269398112245
1759667639,0.0,3.0,0.0,0.6232702408130273,0.0,0.0,0.0,7.0,-211.0,0.12256618402769551
1759667644,0.0,3.0,0.0,0.6232702408130273,0.0,0.0,0.0,7.0,-211.0,0.11471810326206132
1759667649,0.0,3.0,0.0,0.0,0.0,0.0,0.0,7.0,-211.0,0.06506347411338975
1759667654,0.0,3.0,0.0,0.0,0.0,0.0,0.0,7.0,-211.0,0.05802761665719003
1759667654,0.0,3.0,0.0,0.0,0.0,0.0,0.0,7.0,-211.0,0.05802761665719003
1759667659,0.0,3.0,0.0,0.0,0.0,0.0,0.0,7.0,-211.0,0.052943576278974294
1759667664,0.0,3.0,0.0,0.0,0.0,0.0,0.0,7.0,-211.0,0.010308057083650691
1759667669,3.0,0.0,1.0,0.0,3.0,213.877687,2.435746,7.0,-204.0,0.003797022730379773
1759667674,3.0,0.0,1.0,0.0,3.0,213.877687,2.435746,7.0,-204.0,0.001818309070319856
1759667679,3.0,0.0,1.0,3.150700693640981,3.0,213.877687,2.435746,7.0,-204.0,0.09982423130515329
1759667684,3.0,0.0,1.0,3.150700693640981,3.0,213.877687,2.435746,7.0,-204.0,0.12328781348868198
1759667689,3.0,0.0,1.0,3.150700693640981,3.0,213.877687,2.435746,7.0,-204.0,0.12514305678769433
1759667694,3.0,0.0,1.0,3.150700693640981,3.0,213.877687,2.435746,7.0,-204.0,0.12423497006800499
1759667699,3.0,0.0,3.0,3.150700693640981,3.0,0.060841,0.070366,7.0,-182.0,0.14167506102062188
1759667704,3.0,0.0,3.0,3.150700693640981,3.0,0.060841,0.070366,7.0,-182.0,0.15911515197323878
1759667709,3.0,0.0,3.0,0.0,3.0,0.060841,0.070366,7.0,-182.0,0.1227338260493456
1759667714,3.0,0.0,3.0,0.0,3.0,0.060841,0.070366,7.0,-182.0,0.13482349145764483
1759667714,3.0,0.0,3.0,0.0,3.0,0.060841,0.070366,7.0,-182.0,0.13482349145764483
1759667719,3.0,0.0,3.0,0.0,3.0,0.060841,0.070366,7.0,-182.0,0.039621236380134296
1759667724,3.0,0.0,3.0,0.0,3.0,0.060841,0.070366,7.0,-182.0,0.03142573440852262
1759667729,0.0,3.0,0.0,0.0,0.0,0.0,0.0,7.0,-211.0,0.031102513132521343
1759667734,0.0,3.0,0.0,0.0,0.0,0.0,0.0,7.0,-211.0,0.03044943276070402
1759667739,0.0,3.0,0.0,0.0,0.0,0.0,0.0,7.0,-211.0,0.005221619107709776
1759667744,0.0,3.0,0.0,0.0,0.0,0.0,0.0,7.0,-211.0,0.005007161005343359
1759667749,0.0,3.0,0.0,0.0,0.0,0.0,0.0,7.0,-211.0,0.00292269629670762
1759667754,0.0,3.0,0.0,0.0,0.0,0.0,0.0,7.0,-211.0,0.0017235387115154066
1759667759,0.0,0.0,0.0,0.0,0.0,0.0,0.0,7.0,-211.0,0.001486330275021536
1759667764,0.0,0.0,0.0,0.0,0.0,0.0,0.0,7.0,-211.0,0.0012491218385276652
1759667769,0.0,0.0,0.0,1.1524480179428558,0.0,0.0,0.0,7.0,-211.0,
1759667774,0.0,0.0,0.0,1.1524480179428558,0.0,0.0,0.0,7.0,-211.0,
1759667774,0.0,0.0,0.0,1.1524480179428558,0.0,0.0,0.0,7.0,-211.0,0.04867216517226027
1759667779,0.0,0.0,0.0,1.1524480179428558,0.0,0.0,0.0,7.0,-211.0,0.07701502141449008
1759667784,0.0,0.0,0.0,1.1524480179428558,0.0,0.0,0.0,7.0,-211.0,0.07986203823313948
1759667789,3.0,0.0,3.0,1.1524480179428558,3.0,19.784647,2.094103,7.0,-184.0,0.0895609901786552
1759667794,3.0,0.0,3.0,1.1524480179428558,3.0,19.784647,2.094103,7.0,-184.0,0.13925030906785996
1759667799,3.0,0.0,3.0,0.0,3.0,19.784647,2.094103,7.0,-184.0,0.14974427570825236
1759667804,3.0,0.0,3.0,0.0,3.0,19.784647,2.094103,7.0,-184.0,0.15039446533146417
1759667809,3.0,0.0,3.0,0.0,3.0,19.784647,2.094103,7.0,-184.0,0.1568160887586175
1759667814,3.0,0.0,3.0,0.0,3.0,19.784647,2.094103,7.0,-184.0,0.14151819641230978
1759667819,0.0,3.0,0.0,0.0,0.0,0.0,0.0,7.0,-211.0,0.11678685886158016
1759667824,0.0,3.0,0.0,0.0,0.0,0.0,0.0,7.0,-211.0,0.12209499681387204
1759667829,0.0,3.0,0.0,0.0,0.0,0.0,0.0,7.0,-211.0,0.11743410286178398
1759667834,0.0,3.0,0.0,0.0,0.0,0.0,0.0,7.0,-211.0,0.044538144741574096
1759667834,0.0,3.0,0.0,0.0,0.0,0.0,7.0,-211.0,0.044538144741574096
1759667839,0.0,3.0,0.0,0.0,0.0,0.0,7.0,-211.0,0.0060864726412023186
1759667844,0.0,3.0,0.0,0.0,0.0,0.0,7.0,-211.0,0.02567975602856917
1759667849,3.0,2.0,2.0,3.0,0.131109,0.0,7.0,-191.0,0.055988624714965456
1759667854,3.0,2.0,2.0,3.0,0.131109,0.0,7.0,-191.0,0.09308563759026571
1759667859,3.0,2.0,2.0,3.0,0.131109,0.0,7.0,-191.0,0.10878608152922573
1759667864,3.0,2.0,2.0,3.0,0.131109,0.0,7.0,-191.0,0.11797044097000871
1759667869,3.0,2.0,2.0,3.0,0.131109,0.0,7.0,-191.0,0.14190976200879338
1759667874,3.0,2.0,2.0,3.0,0.131109,0.0,7.0,-191.0,0.15860756565083126
1759667879,3.0,0.0,3.0,3.0,1.826446,0.0,7.0,-181.0,0.18873443354847905
1759667884,3.0,0.0,3.0,3.0,1.826446,0.0,7.0,-181.0,0.22011449068627387
1759667889,3.0,0.0,3.0,3.0,1.826446,0.0,7.0,-181.0,0.2533804814316786
1759667894,3.0,0.0,3.0,3.0,1.826446,0.0,7.0,-181.0,0.23138010631553882
1759667894,3.0,0.0,3.0,,3.0,1.826446,0.0,7.0,-181.0,0.23138010631553882
1759667899,3.0,0.0,3.0,,3.0,1.826446,0.0,7.0,-181.0,0.24494734439654045
1759667904,3.0,0.0,3.0,,3.0,1.826446,0.0,7.0,-181.0,0.31416514925376515
1759667909,3.0,0.0,3.0,,3.0,3.922044,0.0,7.0,-181.0,0.3556778700770122
1759667914,3.0,0.0,3.0,,3.0,3.922044,0.0,7.0,-181.0,0.3826030983576192
1759667919,3.0,0.0,3.0,,3.0,3.922044,0.0,7.0,-181.0,0.40768484487895335
1759667924,3.0,0.0,3.0,,3.0,3.922044,0.0,7.0,-181.0,0.4009932540329867
1759667929,3.0,0.0,3.0,,3.0,3.922044,0.0,7.0,-181.0,0.4317104860341273
1759667934,3.0,0.0,3.0,,3.0,3.922044,0.0,7.0,-181.0,0.4536635927505977
1759667939,3.0,0.0,3.0,,5.0,32.582412,47.881149,7.0,-229.0,0.44073367929104545
1759667944,3.0,0.0,3.0,,5.0,32.582412,47.881149,7.0,-229.0,0.4361434676089464
1759667949,3.0,0.0,3.0,0.10708129277453536,5.0,32.582412,47.881149,7.0,-229.0,0.3955351917115195
1759667954,3.0,0.0,3.0,0.10708129277453536,5.0,32.582412,47.881149,7.0,-229.0,0.399535019485156
1759667954,3.0,0.0,3.0,0.10708129277453536,5.0,32.582412,47.881149,7.0,-229.0,0.34666135121853736
1759667959,3.0,0.0,3.0,0.10708129277453536,5.0,32.582412,47.881149,7.0,-229.0,0.3152097410908671
1759667964,3.0,0.0,3.0,0.10708129277453536,5.0,32.582412,47.881149,7.0,-229.0,0.2596595110131847
1759667969,3.0,0.0,3.0,0.10708129277453536,3.0,0.022677,0.014433,7.0,-182.0,0.1805844501970292
1759667974,3.0,0.0,3.0,0.10708129277453536,3.0,0.022677,0.014433,7.0,-182.0,0.15243758212107927
1759667979,3.0,0.0,3.0,0.01495494387574895,3.0,0.022677,0.014433,7.0,-182.0,0.049299609042254174
1759667984,3.0,0.0,3.0,0.01495494387574895,3.0,0.022677,0.014433,7.0,-182.0,0.04929960904225418
1759667989,3.0,0.0,3.0,0.01495494387574895,3.0,0.022677,0.014433,7.0,-182.0,0.015544488599612208
1759667994,3.0,0.0,3.0,0.01495494387574895,3.0,0.022677,0.014433,7.0,-182.0,0.01454618402691526
1759667999,0.0,3.0,0.0,0.01495494387574895,0.0,-1e-06,0.0,7.0,-211.0,0.011564608524884822
1759668004,0.0,3.0,0.0,0.01495494387574895,0.0,-1e-06,0.0,7.0,-211.0,0.00918312431607452
1759668009,0.0,3.0,0.0,3.2459623990691133,0.0,-1e-06,0.0,7.0,-211.0,0.007038082416536337
1759668014,0.0,3.0,0.0,3.2459623990691133,0.0,-1e-06,0.0,7.0,-211.0,0.005778458557183701
1759668014,0.0,3.0,0.0,3.2459623990691133,0.0,-1e-06,0.0,7.0,-211.0,0.014706854899570534
1759668019,0.0,3.0,0.0,3.2459623990691133,0.0,-1e-06,0.0,7.0,-211.0,0.0634968911791085
1759668024,0.0,3.0,0.0,3.2459623990691133,0.0,-1e-06,0.0,7.0,-211.0,0.07294489578783667
1759668029,3.0,0.0,3.0,3.2459623990691133,3.0,1.284573,0.0,7.0,-181.0,0.10996512015258929
1759668034,3.0,0.0,3.0,3.2459623990691133,3.0,1.284573,0.0,7.0,-181.0,0.11548643909669079
1759668039,3.0,0.0,3.0,0.0,3.0,1.284573,0.0,7.0,-181.0,0.13111532731429598
1759668044,3.0,0.0,3.0,0.0,3.0,1.284573,0.0,7.0,-181.0,0.12927147623104931
1759668049,3.0,0.0,3.0,0.0,3.0,1.284573,0.0,7.0,-181.0,0.11710161903000661
1759668054,3.0,0.0,3.0,0.0,3.0,1.284573,0.0,7.0,-181.0,0.1480560335047836
1759668059,3.0,3.0,2.0,0.0,3.0,0.457542,0.218045,7.0,-192.0,0.20565375130338998
1759668064,3.0,3.0,2.0,0.0,3.0,0.457542,0.218045,7.0,-192.0,0.17690836394638765
1759668069,3.0,3.0,2.0,0.0,3.0,0.457542,0.218045,7.0,-192.0,0.18869832215339377
1759668074,3.0,3.0,2.0,0.0,3.0,0.457542,0.218045,7.0,-192.0,0.13773796874703
1759668074,3.0,3.0,2.0,0.0,3.0,0.457542,0.218045,7.0,-192.0,0.15648619114178258
1759668079,3.0,3.0,2.0,0.0,3.0,0.457542,0.218045,7.0,-192.0,0.10558141448331324
1759668084,3.0,3.0,2.0,0.0,3.0,0.457542,0.218045,7.0,-192.0,0.16060478654794233
1759668089,0.0,3.0,1.0,0.0,0.0,0.0,0.0,7.0,-201.0,0.21024914377588122
1759668094,0.0,3.0,1.0,0.0,0.0,0.0,0.0,7.0,-201.0,0.2187097130262387
1759668099,0.0,3.0,1.0,,0.0,0.0,0.0,7.0,-201.0,0.2202499336455007
1759668104,0.0,3.0,1.0,,0.0,0.0,0.0,7.0,-201.0,0.17966907318004435
1759668109,0.0,3.0,1.0,,0.0,0.0,0.0,7.0,-201.0,0.1639882739071392
1759668114,0.0,3.0,1.0,,0.0,0.0,0.0,7.0,-201.0,0.17240570795810925
1759668119,3.0,2.0,2.0,,4.0,47.815755,0.0,7.0,-191.0,0.13209113942054657
1759668124,3.0,2.0,2.0,,4.0,47.815755,0.0,7.0,-191.0,0.1400875870587284
1759668129,3.0,2.0,2.0,,4.0,47.815755,0.0,7.0,-191.0,0.16582222659309934
1759668134,3.0,2.0,2.0,,4.0,47.815755,0.0,7.0,-191.0,0.18389008727146763
1759668134,3.0,2.0,2.0,4.0,47.815755,0.0,7.0,-191.0,0.18389008727146763
1759668139,3.0,2.0,2.0,4.0,47.815755,0.0,7.0,-191.0,0.17934893430494353
1759668144,3.0,2.0,2.0,4.0,47.815755,0.0,7.0,-191.0,0.24075648151752385
1759668149,3.0,0.0,3.0,3.0,2.794593,0.0,7.0,-181.0,0.24198545344554603
1759668154,3.0,0.0,3.0,3.0,2.794593,0.0,7.0,-181.0,0.2545928718193123
1759668159,3.0,0.0,3.0,3.0,2.794593,0.0,7.0,-181.0,0.2794035329036825
1759668164,3.0,0.0,3.0,3.0,2.794593,0.0,7.0,-181.0,0.29568921654152425
1759668169,3.0,0.0,3.0,3.0,2.794593,0.0,7.0,-181.0,0.3092795412152437
1759668174,3.0,0.0,3.0,3.0,2.794593,0.0,7.0,-181.0,0.33687748834121545
1759668179,3.0,0.0,3.0,3.0,1.418522,0.0,7.0,-181.0,0.35090079896799997
1759668184,3.0,0.0,3.0,3.0,1.418522,0.0,7.0,-181.0,0.3511657541986239
1759668189,3.0,0.0,3.0,3.0,1.418522,0.0,7.0,-181.0,0.336614366204394
1759668194,3.0,0.0,3.0,3.0,1.418522,0.0,7.0,-181.0,0.3188128027488676
1759668194,3.0,0.0,3.0,,3.0,1.418522,0.0,7.0,-181.0,0.3311124062894664
1759668199,3.0,0.0,3.0,,3.0,1.418522,0.0,7.0,-181.0,0.33343810114405936
1759668204,3.0,0.0,3.0,,3.0,1.418522,0.0,7.0,-181.0,0.34162483402541466
1759668209,3.0,0.0,3.0,,3.0,2.126101,0.0,7.0,-181.0,0.31955556186659717
1759668214,3.0,0.0,3.0,,3.0,2.126101,0.0,7.0,-181.0,0.2778432431731957
1759668219,3.0,0.0,3.0,0.05065871992283592,3.0,2.126101,0.0,7.0,-181.0,0.23471897614168824
1759668224,3.0,0.0,3.0,0.05065871992283592,3.0,2.126101,0.0,7.0,-181.0,0.2319182979804847
1759668229,3.0,0.0,3.0,0.05065871992283592,3.0,2.126101,0.0,7.0,-181.0,0.1991378931779652
1759668234,3.0,0.0,3.0,0.05065871992283592,3.0,2.126101,0.0,7.0,-181.0,0.1991378931779652
1759668239,3.0,0.0,3.0,0.05065871992283592,3.0,0.413824,0.0,7.0,-181.0,0.15089710209971918
1759668244,3.0,0.0,3.0,0.05065871992283592,3.0,0.413824,0.0,7.0,-181.0,0.13450592494373836
1759668249,3.0,0.0,3.0,0.05065871992283592,3.0,0.413824,0.0,7.0,-181.0,0.13450592494373836
1759668254,3.0,0.0,3.0,0.05065871992283592,3.0,0.413824,0.0,7.0,-181.0,0.10752390329530026
1759668254,3.0,0.0,3.0,3.0,0.413824,0.0,7.0,-181.0,0.10752390329530026
1759668259,3.0,0.0,3.0,3.0,0.413824,0.0,7.0,-181.0,0.07443127968942817
1759668264,3.0,0.0,3.0,3.0,0.413824,0.0,7.0,-181.0,0.06920896389350321
1759668269,3.0,0.0,3.0,1.0,0.0,0.0,7.0,-181.0,0.05166489912631635
1759668274,3.0,0.0,3.0,1.0,0.0,0.0,7.0,-181.0,0.04224507169190871
1759668279,3.0,0.0,3.0,1.0,0.0,0.0,7.0,-181.0,0.032364974539153324
1759668284,3.0,0.0,3.0,1.0,0.0,0.0,7.0,-181.0,0.013634957876892855
1759668289,3.0,0.0,3.0,1.0,0.0,0.0,7.0,-181.0,0.006020263246853466
1759668294,3.0,0.0,3.0,1.0,0.0,0.0,7.0,-181.0,0.005543073164607379
1759668299,3.0,0.0,3.0,1.0,0.0,0.0,7.0,-181.0,0.003793578240842866
1759668304,3.0,0.0,3.0,1.0,0.0,0.0,7.0,-181.0,0.0034812226611966248
1759668309,3.0,0.0,3.0,1.0,0.0,0.0,7.0,-181.0,0.0032961372752800047
1759668314,3.0,0.0,3.0,1.0,0.0,0.0,7.0,-181.0,0.002937799062505371
1759668314,3.0,0.0,3.0,1.0,0.0,0.0,7.0,-181.0,0.016857277583223355
1759668319,3.0,0.0,3.0,1.0,0.0,0.0,7.0,-181.0,0.027861878217085162
1759668324,3.0,0.0,3.0,1.0,0.0,0.0,7.0,-181.0,0.04200387307815381
1759668329,3.0,0.0,3.0,3.0,0.177007,0.0,7.0,-181.0,0.05161353293690127
1759668334,3.0,0.0,3.0,3.0,0.177007,0.0,7.0,-181.0,0.06067095275677017
1759668339,3.0,0.0,3.0,3.0,0.177007,0.0,7.0,-181.0,0.07210254148759128
1759668344,3.0,0.0,3.0,3.0,0.177007,0.0,7.0,-181.0,0.07610816285662625
1759668349,3.0,0.0,3.0,3.0,0.177007,0.0,7.0,-181.0,0.09073863330344442
1759668354,3.0,0.0,3.0,3.0,0.177007,0.0,7.0,-181.0,0.1282032138222407
1759668359,3.0,0.0,3.0,3.0,6.312627,0.0,7.0,-181.0,0.13595078584487483
1759668364,3.0,0.0,3.0,3.0,6.312627,0.0,7.0,-181.0,0.1965661922616112
1759668369,3.0,0.0,3.0,3.0,6.312627,0.0,7.0,-181.0,0.24435745780196655
1759668374,3.0,0.0,3.0,3.0,6.312627,0.0,7.0,-181.0,0.24435745780196655
1759668374,3.0,0.0,3.0,3.0,6.312627,0.0,7.0,-181.0,0.24435745780196655
1759668379,3.0,0.0,3.0,3.0,6.312627,0.0,7.0,-181.0,0.26732647060271986
1759668384,3.0,0.0,3.0,3.0,6.312627,0.0,7.0,-181.0,0.3371793620921391
1759668389,3.0,0.0,3.0,3.0,6.097131,0.0,7.0,-181.0,0.38771743125111113
1759668394,3.0,0.0,3.0,3.0,6.097131,0.0,7.0,-181.0,0.394653774919283
1759668399,3.0,0.0,3.0,3.0,6.097131,0.0,7.0,-181.0,0.4197103312390406
1759668404,3.0,0.0,3.0,3.0,6.097131,0.0,7.0,-181.0,0.4148971403020695
1759668409,3.0,0.0,3.0,3.0,6.097131,0.0,7.0,-181.0,0.42208954162029955
1759668414,3.0,0.0,3.0,3.0,6.097131,0.0,7.0,-181.0,0.4317488184968087
1759668419,3.0,0.0,3.0,3.0,9.015216,0.0,7.0,-181.0,0.4701311877358771
1759668424,3.0,0.0,3.0,3.0,9.015216,0.0,7.0,-181.0,0.46717065176915484
1759668429,3.0,0.0,3.0,3.0,9.015216,0.0,7.0,-181.0,0.4982127650974731
1759668434,3.0,0.0,3.0,3.0,9.015216,0.0,7.0,-181.0,0.4676981583874481
1759668434,3.0,0.0,3.0,3.0,9.015216,0.0,7.0,-181.0,0.4899853522014379
1759668439,3.0,0.0,3.0,3.0,9.015216,0.0,7.0,-181.0,0.4879360424104373
1759668444,3.0,0.0,3.0,3.0,9.015216,0.0,7.0,-181.0,0.481010974730668
1759668449,3.0,0.0,3.0,3.0,4.137584,0.0,7.0,-181.0,0.47532501826532225
1759668454,3.0,0.0,3.0,3.0,4.137584,0.0,7.0,-181.0,0.4703726832665046
1759668459,3.0,0.0,3.0,3.0,4.137584,0.0,7.0,-181.0,0.43165939879726395
1759668464,3.0,0.0,3.0,3.0,4.137584,0.0,7.0,-181.0,0.4197911534176257
1759668469,3.0,0.0,3.0,3.0,4.137584,0.0,7.0,-181.0,0.4257410985733271
1759668474,3.0,0.0,3.0,3.0,4.137584,0.0,7.0,-181.0,0.4487103373209898
1759668479,3.0,0.0,3.0,3.0,8.341931,0.0,7.0,-181.0,0.41807861111283584
1759668484,3.0,0.0,3.0,3.0,8.341931,0.0,7.0,-181.0,0.46913579082737855
1759668489,3.0,0.0,3.0,3.0,8.341931,0.0,7.0,-181.0,0.4499621006917912
1759668494,3.0,0.0,3.0,3.0,8.341931,0.0,7.0,-181.0,0.42110579126146885
1759668494,3.0,0.0,3.0,,3.0,8.341931,0.0,7.0,-181.0,0.4726464827645068
1759668499,3.0,0.0,3.0,,3.0,8.341931,0.0,7.0,-181.0,0.47141482563746373
1759668504,3.0,0.0,3.0,,3.0,8.341931,0.0,7.0,-181.0,0.4375843778222436
1759668509,3.0,0.0,3.0,,3.0,2.588033,0.0,7.0,-181.0,0.4429020024342768
1759668514,3.0,0.0,3.0,,3.0,2.588033,0.0,7.0,-181.0,0.41888816636953735
1759668519,3.0,0.0,3.0,8.02190117802565,3.0,2.588033,0.0,7.0,-181.0,0.3876333082648198
1759668524,3.0,0.0,3.0,8.02190117802565,3.0,2.588033,0.0,7.0,-181.0,0.3716886543620704
1759668529,3.0,0.0,3.0,8.02190117802565,3.0,2.588033,0.0,7.0,-181.0,0.3551360382511786
1759668534,3.0,0.0,3.0,8.02190117802565,3.0,2.588033,0.0,7.0,-181.0,0.3202229953065121
1759668539,0.0,2.0,1.0,8.02190117802565,0.0,0.0,0.0,7.0,-201.0,0.257501972632622
1759668544,0.0,2.0,1.0,8.02190117802565,0.0,0.0,0.0,7.0,-201.0,0.22037822528292605
1759668549,0.0,2.0,1.0,,0.0,0.0,0.0,7.0,-201.0,0.20279924093247198
1759668554,0.0,2.0,1.0,,0.0,0.0,0.0,7.0,-201.0,0.15461215934412523
1759668554,0.0,2.0,1.0,0.0,0.0,0.0,7.0,-201.0,0.1371950541085712
1759668559,0.0,2.0,1.0,0.0,0.0,0.0,7.0,-201.0,0.10108095136297679
1759668564,0.0,2.0,1.0,0.0,0.0,0.0,7.0,-201.0,0.06591135568819956
1759668569,3.0,0.0,2.0,4.0,52.611391,0.0,7.0,-191.0,0.07930454087630522
1759668574,3.0,0.0,2.0,4.0,52.611391,0.0,7.0,-191.0,0.123324053260518
1759668579,3.0,0.0,2.0,4.0,52.611391,0.0,7.0,-191.0,0.1751706941575726
1759668584,3.0,0.0,2.0,4.0,52.611391,0.0,7.0,-191.0,0.1510463873066753
1759668589,3.0,0.0,2.0,4.0,52.611391,0.0,7.0,-191.0,0.21317313534719912
1759668594,3.0,0.0,2.0,4.0,52.611391,0.0,7.0,-191.0,0.29496272792996014
1759668599,3.0,0.0,3.0,3.0,1.691794,0.0,7.0,-181.0,0.3149503195258742
1759668604,3.0,0.0,3.0,3.0,1.691794,0.0,7.0,-181.0,0.30654034897677
1759668609,3.0,0.0,3.0,3.0,1.691794,0.0,7.0,-181.0,0.3289614103100422
1759668614,3.0,0.0,3.0,3.0,1.691794,0.0,7.0,-181.0,0.33229628018491625
1759668614,3.0,0.0,3.0,3.0,1.691794,0.0,7.0,-181.0,0.3551622723486004
1759668619,3.0,0.0,3.0,3.0,1.691794,0.0,7.0,-181.0,0.3899815370337187
1759668624,3.0,0.0,3.0,3.0,1.691794,0.0,7.0,-181.0,0.38800953816859435
1759668629,3.0,0.0,3.0,3.0,5.430015,0.0,7.0,-181.0,0.3823979533359495
1759668634,3.0,0.0,3.0,3.0,5.430015,0.0,7.0,-181.0,0.34815751828535746
1759668639,3.0,0.0,3.0,3.0,5.430015,0.0,7.0,-181.0,0.3662076656932016
1759668644,3.0,0.0,3.0,3.0,5.430015,0.0,7.0,-181.0,0.3662076656932016
1759668649,3.0,0.0,3.0,3.0,5.430015,0.0,7.0,-181.0,0.3581757534826312
1759668654,3.0,0.0,3.0,3.0,5.430015,0.0,7.0,-181.0,0.34107525469087646
1759668659,3.0,0.0,3.0,3.0,2.216582,0.0,7.0,-181.0,0.3781701904161343
1759668664,3.0,0.0,3.0,3.0,2.216582,0.0,7.0,-181.0,0.3639674453844831
1759668669,3.0,0.0,3.0,3.0,2.216582,0.0,7.0,-181.0,0.37283857948979054
1759668674,3.0,0.0,3.0,3.0,2.216582,0.0,7.0,-181.0,0.3594460095828649
1759668674,3.0,0.0,3.0,3.0,2.216582,0.0,7.0,-181.0,0.4017214106497012
1759668679,3.0,0.0,3.0,3.0,2.216582,0.0,7.0,-181.0,0.39750304226324884
1759668684,3.0,0.0,3.0,3.0,2.216582,0.0,7.0,-181.0,0.38657304795730624
1759668689,3.0,0.0,3.0,3.0,1.87095,0.0,7.0,-181.0,0.38657304795730624
1759668694,3.0,0.0,3.0,3.0,1.87095,0.0,7.0,-181.0,0.39191904713103953
1759668699,3.0,0.0,3.0,3.0,1.87095,0.0,7.0,-181.0,0.3809707429067132
1759668704,3.0,0.0,3.0,3.0,1.87095,0.0,7.0,-181.0,0.4089153980328765
1759668709,3.0,0.0,3.0,3.0,1.87095,0.0,7.0,-181.0,0.3837775138046902
1759668714,3.0,0.0,3.0,3.0,1.87095,0.0,7.0,-181.0,0.3852008845808335
1759668719,3.0,0.0,3.0,3.0,0.89493,0.0,7.0,-181.0,0.38164050178057796
1759668724,3.0,0.0,3.0,3.0,0.89493,0.0,7.0,-181.0,0.3582189558208713
1759668729,3.0,0.0,3.0,3.0,0.89493,0.0,7.0,-181.0,0.3888440925854228
1759668734,3.0,0.0,3.0,3.0,0.89493,0.0,7.0,-181.0,0.3679290485010688
1759668734,3.0,0.0,3.0,3.0,0.89493,0.0,7.0,-181.0,0.36855549284371425
1759668739,3.0,0.0,3.0,3.0,0.89493,0.0,7.0,-181.0,0.385023332868302
1759668744,3.0,0.0,3.0,3.0,0.89493,0.0,7.0,-181.0,0.37749594106181805
1759668749,3.0,0.0,3.0,3.0,2.121784,0.0,7.0,-181.0,0.37410862149673213
1759668754,3.0,0.0,3.0,3.0,2.121784,0.0,7.0,-181.0,0.37339884527568706
1759668759,3.0,0.0,3.0,3.0,2.121784,0.0,7.0,-181.0,0.3674579569059914
1759668764,3.0,0.0,3.0,3.0,2.121784,0.0,7.0,-181.0,0.38538276718551556
1759668769,3.0,0.0,3.0,3.0,2.121784,0.0,7.0,-181.0,0.37035222983280885
1759668774,3.0,0.0,3.0,3.0,2.121784,0.0,7.0,-181.0,0.3908520776223894
1759668779,3.0,0.0,3.0,3.0,7.474957,0.0,7.0,-181.0,0.3842683076343609
1759668784,3.0,0.0,3.0,3.0,7.474957,0.0,7.0,-181.0,0.36224312823391414
1759668789,3.0,0.0,3.0,3.0,7.474957,0.0,7.0,-181.0,0.41211454235825273
1759668794,3.0,0.0,3.0,3.0,7.474957,0.0,7.0,-181.0,0.42175371462202216
1759668794,3.0,0.0,3.0,3.0,7.474957,0.0,7.0,-181.0,0.42175371462202216
1759668799,3.0,0.0,3.0,3.0,7.474957,0.0,7.0,-181.0,0.42778410799412225
1759668804,3.0,0.0,3.0,3.0,7.474957,0.0,7.0,-181.0,0.39862576568764563
1759668809,3.0,0.0,3.0,3.0,1.305182,0.0,7.0,-181.0,0.4239333820636306
1759668814,3.0,0.0,3.0,3.0,1.305182,0.0,7.0,-181.0,0.44411750078893086
1759668819,3.0,0.0,3.0,3.0,1.305182,0.0,7.0,-181.0,0.43757702973364865
1759668824,3.0,0.0,3.0,3.0,1.305182,0.0,7.0,-181.0,0.4259232847018265
1759668829,3.0,0.0,3.0,3.0,1.305182,0.0,7.0,-181.0,0.3813064304843701
1759668834,3.0,0.0,3.0,3.0,1.305182,0.0,7.0,-181.0,0.3931829925101786
1759668839,3.0,0.0,3.0,3.0,9.371818,0.0,7.0,-181.0,0.3983753843441508
1759668844,3.0,0.0,3.0,3.0,9.371818,0.0,7.0,-181.0,0.3983753843441508
1759668849,3.0,0.0,3.0,3.0,9.371818,0.0,7.0,-181.0,0.36295235766145617
1759668854,3.0,0.0,3.0,3.0,9.371818,0.0,7.0,-181.0,0.30025908885600494
1759668854,3.0,0.0,3.0,,3.0,9.371818,0.0,7.0,-181.0,0.3497095636242033
1759668859,3.0,0.0,3.0,,3.0,9.371818,0.0,7.0,-181.0,0.37855788141231694
1759668864,3.0,0.0,3.0,,3.0,9.371818,0.0,7.0,-181.0,0.3832337975598529
1759668869,3.0,0.0,3.0,,3.0,6.789805,0.0,7.0,-181.0,0.39832726313806355
1759668874,3.0,0.0,3.0,,3.0,6.789805,0.0,7.0,-181.0,0.3970040137289229
1759668879,3.0,0.0,3.0,98.81219732477327,3.0,6.789805,0.0,7.0,-181.0,0.3781052283083196
1759668884,3.0,0.0,3.0,98.81219732477327,3.0,6.789805,0.0,7.0,-181.0,0.34641618998072615
1759668889,3.0,0.0,3.0,98.81219732477327,3.0,6.789805,0.0,7.0,-181.0,0.33025370621265593
1759668894,3.0,0.0,3.0,98.81219732477327,3.0,6.789805,0.0,7.0,-181.0,0.31302276007575014
1759668899,3.0,2.0,1.0,98.81219732477327,3.0,0.173785,0.0,7.0,-201.0,0.22541580577273884
1759668904,3.0,2.0,1.0,98.81219732477327,3.0,0.173785,0.0,7.0,-201.0,0.22693048633325671
1759668909,3.0,2.0,1.0,,3.0,0.173785,0.0,7.0,-201.0,0.20481914910584303
1759668914,3.0,2.0,1.0,,3.0,0.173785,0.0,7.0,-201.0,0.13870530857041924
1759668914,3.0,2.0,1.0,3.0,0.173785,0.0,7.0,-201.0,0.24171748101601692
1759668919,3.0,2.0,1.0,3.0,0.173785,0.0,7.0,-201.0,0.25097860843931546
1759668924,3.0,2.0,1.0,3.0,0.173785,0.0,7.0,-201.0,0.268448422903703
1759668929,3.0,0.0,3.0,3.0,4.136022,0.0,7.0,-181.0,0.22379889314575585
1759668934,3.0,0.0,3.0,3.0,4.136022,0.0,7.0,-181.0,0.2246816285913808
1759668939,3.0,0.0,3.0,3.0,4.136022,0.0,7.0,-181.0,0.27890457890929216
1759668944,3.0,0.0,3.0,3.0,4.136022,0.0,7.0,-181.0,0.29028863854606723
1759668949,3.0,0.0,3.0,3.0,4.136022,0.0,7.0,-181.0,0.2880315501048332
1759668954,3.0,0.0,3.0,3.0,4.136022,0.0,7.0,-181.0,0.34199439139852333
1759668959,3.0,0.0,3.0,3.0,3.162092,0.0,7.0,-181.0,0.3404911978053655
1759668964,3.0,0.0,3.0,3.0,3.162092,0.0,7.0,-181.0,0.3511513196170621
1759668969,3.0,0.0,3.0,3.0,3.162092,0.0,7.0,-181.0,0.3225047206222237
1759668974,3.0,0.0,3.0,3.0,3.162092,0.0,7.0,-181.0,0.30377787472979556
1759668974,3.0,0.0,3.0,3.0,3.162092,0.0,7.0,-181.0,0.3436942715874219
1759668979,3.0,0.0,3.0,3.0,3.162092,0.0,7.0,-181.0,0.3325530183873466
1759668984,3.0,0.0,3.0,3.0,3.162092,0.0,7.0,-181.0,0.3273936295093811
1759668989,3.0,0.0,3.0,3.0,1.317678,0.0,7.0,-181.0,0.3291867060043594
1759668994,3.0,0.0,3.0,3.0,1.317678,0.0,7.0,-181.0,0.3184695461791483
1759668999,3.0,0.0,3.0,3.0,1.317678,0.0,7.0,-181.0,0.3116339410932017
1759669004,3.0,0.0,3.0,3.0,1.317678,0.0,7.0,-181.0,0.32805523865503783
1759669009,3.0,0.0,3.0,3.0,1.317678,0.0,7.0,-181.0,0.3140816435655218
1759669014,3.0,0.0,3.0,3.0,1.317678,0.0,7.0,-181.0,0.29479083230662045
1759669019,3.0,0.0,3.0,3.0,2.03215,0.0,7.0,-181.0,0.29872883537565376
1759669024,3.0,0.0,3.0,3.0,2.03215,0.0,7.0,-181.0,0.34672247358098673
1759669029,3.0,0.0,3.0,3.0,2.03215,0.0,7.0,-181.0,0.3356858297253842
1759669034,3.0,0.0,3.0,3.0,2.03215,0.0,7.0,-181.0,0.3350732002757454
1759669034,3.0,0.0,3.0,3.0,2.03215,0.0,7.0,-181.0,0.3415646851524988
1759669039,3.0,0.0,3.0,3.0,2.03215,0.0,7.0,-181.0,0.3308869382540238
1759669044,3.0,0.0,3.0,3.0,2.03215,0.0,7.0,-181.0,0.32294387899240806
1759669049,3.0,0.0,3.0,3.0,4.385267,0.0,7.0,-181.0,0.3178502831658271
1759669054,3.0,0.0,3.0,3.0,4.385267,0.0,7.0,-181.0,0.3238027732416858
1759669059,3.0,0.0,3.0,3.0,4.385267,0.0,7.0,-181.0,0.32246086304460964
1759669064,3.0,0.0,3.0,3.0,4.385267,0.0,7.0,-181.0,0.26850395829066137
1759669069,3.0,0.0,3.0,3.0,4.385267,0.0,7.0,-181.0,0.30469217825275496
1759669074,3.0,0.0,3.0,3.0,4.385267,0.0,7.0,-181.0,0.2674907414074773
1759669079,3.0,0.0,3.0,3.0,3.736084,0.0,7.0,-181.0,0.31145487648764847
1759669084,3.0,0.0,3.0,3.0,3.736084,0.0,7.0,-181.0,0.33083717146275676
1759669089,3.0,0.0,3.0,3.0,3.736084,0.0,7.0,-181.0,0.32991698851807216
1759669094,3.0,0.0,3.0,3.0,3.736084,0.0,7.0,-181.0,0.2873766401429128
1759669094,3.0,0.0,3.0,3.0,3.736084,0.0,7.0,-181.0,0.2873766401429128
1759669099,3.0,0.0,3.0,3.0,3.736084,0.0,7.0,-181.0,0.35765717764336796
1759669104,3.0,0.0,3.0,3.0,3.736084,0.0,7.0,-181.0,0.36297789676328285
1759669109,3.0,0.0,3.0,3.0,7.974201,0.0,7.0,-181.0,0.36878343479444237
1759669114,3.0,0.0,3.0,3.0,7.974201,0.0,7.0,-181.0,0.37459715167615715
1759669119,3.0,0.0,3.0,3.0,7.974201,0.0,7.0,-181.0,0.35587104889830956
1759669124,3.0,0.0,3.0,3.0,7.974201,0.0,7.0,-181.0,0.3823622492689209
1759669129,3.0,0.0,3.0,3.0,7.974201,0.0,7.0,-181.0,0.36751864937155254
1759669134,3.0,0.0,3.0,3.0,7.974201,0.0,7.0,-181.0,0.3903093428183756
1759669139,3.0,0.0,3.0,3.0,1.6394,0.0,7.0,-181.0,0.36163530705582614
1759669144,3.0,0.0,3.0,3.0,1.6394,0.0,7.0,-181.0,0.36163530705582614
1759669149,3.0,0.0,3.0,3.0,1.6394,0.0,7.0,-181.0,0.357374860182297
1759669154,3.0,0.0,3.0,3.0,1.6394,0.0,7.0,-181.0,0.34044062952622856
1759669154,3.0,0.0,3.0,,3.0,1.6394,0.0,7.0,-181.0,0.35989139760101757
1759669159,3.0,0.0,3.0,,3.0,1.6394,0.0,7.0,-181.0,0.36649598612496054
1759669164,3.0,0.0,3.0,,3.0,1.6394,0.0,7.0,-181.0,0.36527425475614334
1759669169,3.0,0.0,3.0,,3.0,5.281642,0.0,7.0,-181.0,0.36569978272685166
1759669174,3.0,0.0,3.0,,3.0,5.281642,0.0,7.0,-181.0,0.3692916413959605
1759669179,3.0,0.0,3.0,,3.0,5.281642,0.0,7.0,-181.0,0.3769301069200185
1759669184,3.0,0.0,3.0,,3.0,5.281642,0.0,7.0,-181.0,0.3926295697434925
1759669189,3.0,0.0,3.0,,3.0,5.281642,0.0,7.0,-181.0,0.3724552215383854
1759669194,3.0,0.0,3.0,,3.0,5.281642,0.0,7.0,-181.0,0.3585107336326824
1759669199,3.0,0.0,3.0,,3.0,4.947256,0.0,7.0,-181.0,0.37568422158590337
1759669204,3.0,0.0,3.0,,3.0,4.947256,0.0,7.0,-181.0,0.37568422158590337
1759669209,3.0,0.0,3.0,11.713122891312874,3.0,4.947256,0.0,7.0,-181.0,0.3522573713810583
1759669214,3.0,0.0,3.0,11.713122891312874,3.0,4.947256,0.0,7.0,-181.0,0.3351451890434453
1759669214,3.0,0.0,3.0,11.713122891312874,3.0,4.947256,0.0,7.0,-181.0,0.3452801598014961
1759669219,3.0,0.0,3.0,11.713122891312874,3.0,4.947256,0.0,7.0,-181.0,0.31976779872068417
1759669224,3.0,0.0,3.0,11.713122891312874,3.0,4.947256,0.0,7.0,-181.0,0.22107308080629118
1759669229,1.0,2.0,1.0,11.713122891312874,1.0,0.0,0.0,7.0,-181.0,0.224683833349411
1759669234,1.0,2.0,1.0,11.713122891312874,1.0,0.0,0.0,7.0,-181.0,0.1722709398019085
1759669239,1.0,2.0,1.0,4.523510257257207,1.0,0.0,0.0,7.0,-181.0,0.11493648593470304
1759669244,1.0,2.0,1.0,4.523510257257207,1.0,0.0,0.0,7.0,-181.0,0.13318704260023165
1759669249,1.0,2.0,1.0,4.523510257257207,1.0,0.0,0.0,7.0,-181.0,0.1578035780497152
1759669254,1.0,2.0,1.0,4.523510257257207,1.0,0.0,0.0,7.0,-181.0,0.16895568261590582
1759669259,0.0,4.0,1.0,4.523510257257207,3.0,0.687002,0.0,7.0,-201.0,0.115851532591752
1759669264,0.0,4.0,1.0,4.523510257257207,3.0,0.687002,0.0,7.0,-201.0,0.11478384310575805
1759669269,0.0,4.0,1.0,4.523510257257207,3.0,0.687002,0.0,7.0,-201.0,0.11690416664369402
1759669274,0.0,4.0,1.0,4.523510257257207,3.0,0.687002,0.0,7.0,-201.0,0.1206091192532016
1759669274,0.0,4.0,1.0,3.0,0.687002,0.0,7.0,-201.0,0.1206091192532016
1759669279,0.0,4.0,1.0,3.0,0.687002,0.0,7.0,-201.0,0.11003674326147499
1759669284,0.0,4.0,1.0,3.0,0.687002,0.0,7.0,-201.0,0.07091609463491556
1759669289,0.0,0.0,1.0,0.0,0.0,0.0,7.0,-201.0,0.04789283259301729
1759669294,0.0,0.0,1.0,0.0,0.0,0.0,7.0,-201.0,0.08628632990614409
1759669299,0.0,0.0,1.0,0.0,0.0,0.0,7.0,-201.0,0.08495025766797248
1759669304,0.0,0.0,1.0,0.0,0.0,0.0,7.0,-201.0,0.05361330012763092
1759669309,0.0,0.0,1.0,0.0,0.0,0.0,7.0,-201.0,0.06997035725693927
1759669314,0.0,0.0,1.0,0.0,0.0,0.0,7.0,-201.0,0.14127998779798195
1759669319,3.0,0.0,3.0,6.0,67.214662,0.0,7.0,-181.0,0.2311165146971587
1759669324,3.0,0.0,3.0,6.0,67.214662,0.0,7.0,-181.0,0.25822205176208635
1759669329,3.0,0.0,3.0,6.0,67.214662,0.0,7.0,-181.0,0.24743084918043318
1759669334,3.0,0.0,3.0,6.0,67.214662,0.0,7.0,-181.0,0.2168311958180006
1759669334,3.0,0.0,3.0,6.0,67.214662,0.0,7.0,-181.0,0.2819518734075914
1759669339,3.0,0.0,3.0,6.0,67.214662,0.0,7.0,-181.0,0.377722515943525
1759669344,3.0,0.0,3.0,6.0,67.214662,0.0,7.0,-181.0,0.3566007222681174
1759669349,3.0,0.0,3.0,3.0,3.750019,0.0,7.0,-181.0,0.40829412201765736
1759669354,3.0,0.0,3.0,3.0,3.750019,0.0,7.0,-181.0,0.38420362447839057
1759669359,3.0,0.0,3.0,3.0,3.750019,0.0,7.0,-181.0,0.3894638812229609
1759669364,3.0,0.0,3.0,3.0,3.750019,0.0,7.0,-181.0,0.44099408200496965
1759669369,3.0,0.0,3.0,3.0,3.750019,0.0,7.0,-181.0,0.4410731658508117
1759669374,3.0,0.0,3.0,3.0,3.750019,0.0,7.0,-181.0,0.43629539351652247
1759669379,3.0,0.0,3.0,3.0,4.679028,0.0,7.0,-181.0,0.3728695748670995
1759669384,3.0,0.0,3.0,3.0,4.679028,0.0,7.0,-181.0,0.4043874362205553
1759669389,3.0,0.0,3.0,3.0,4.679028,0.0,7.0,-181.0,0.40437684423044234
1759669394,3.0,0.0,3.0,3.0,4.679028,0.0,7.0,-181.0,0.4028669532711356
1759669394,3.0,0.0,3.0,3.0,4.679028,0.0,7.0,-181.0,0.40703958387478817
1759669399,3.0,0.0,3.0,3.0,4.679028,0.0,7.0,-181.0,0.4132795887265375
1759669404,3.0,0.0,3.0,3.0,4.679028,0.0,7.0,-181.0,0.4155728538584527
1759669409,3.0,0.0,3.0,3.0,7.124801,0.0,7.0,-181.0,0.4134613975937484
1759669414,3.0,0.0,3.0,3.0,7.124801,0.0,7.0,-181.0,0.4266794691207391
1759669419,3.0,0.0,3.0,3.0,7.124801,0.0,7.0,-181.0,0.4338268064581795
1759669424,3.0,0.0,3.0,3.0,7.124801,0.0,7.0,-181.0,0.45676760945197603
1759669429,3.0,0.0,3.0,3.0,7.124801,0.0,7.0,-181.0,0.4696256649183409
1759669434,3.0,0.0,3.0,3.0,7.124801,0.0,7.0,-181.0,0.4390720703078302
1759669439,3.0,0.0,3.0,3.0,5.58945,0.0,7.0,-181.0,0.45845230654189933
1759669444,3.0,0.0,3.0,3.0,5.58945,0.0,7.0,-181.0,0.4429617150000745
1759669449,3.0,0.0,3.0,3.0,5.58945,0.0,7.0,-181.0,0.4590885971904445
1759669454,3.0,0.0,3.0,3.0,5.58945,0.0,7.0,-181.0,0.4103833759716346
1759669454,3.0,0.0,3.0,3.0,5.58945,0.0,7.0,-181.0,0.43660520613096554
1759669459,3.0,0.0,3.0,3.0,5.58945,0.0,7.0,-181.0,0.43541446791538774
1759669464,3.0,0.0,3.0,3.0,5.58945,0.0,7.0,-181.0,0.4156872502605269
1759669469,3.0,0.0,3.0,3.0,3.4042,0.0,7.0,-181.0,0.40610571663342676
1759669474,3.0,0.0,3.0,3.0,3.4042,0.0,7.0,-181.0,0.4107813779298618
1759669479,3.0,0.0,3.0,3.0,3.4042,0.0,7.0,-181.0,0.38906649021229117
1759669484,3.0,0.0,3.0,3.0,3.4042,0.0,7.0,-181.0,0.39469450408379286
1759669489,3.0,0.0,3.0,3.0,3.4042,0.0,7.0,-181.0,0.3926759642868696
1759669494,3.0,0.0,3.0,3.0,3.4042,0.0,7.0,-181.0,0.36920433185443724
1759669499,3.0,0.0,3.0,3.0,6.295429,0.0,7.0,-181.0,0.3807942094117093
1759669504,3.0,0.0,3.0,3.0,6.295429,0.0,7.0,-181.0,0.38759967466585526
1759669509,3.0,0.0,3.0,3.0,6.295429,0.0,7.0,-181.0,0.38824867073930197
1759669514,3.0,0.0,3.0,3.0,6.295429,0.0,7.0,-181.0,0.38866602713540666
1759669514,3.0,0.0,3.0,3.0,6.295429,0.0,7.0,-181.0,0.38866602713540666
1759669519,3.0,0.0,3.0,3.0,6.295429,0.0,7.0,-181.0,0.39827900792292725
1759669524,3.0,0.0,3.0,3.0,6.295429,0.0,7.0,-181.0,0.37637058825790093
1759669529,3.0,0.0,3.0,3.0,6.277904,0.0,7.0,-181.0,0.420803687563678
1759669534,3.0,0.0,3.0,3.0,6.277904,0.0,7.0,-181.0,0.3987650027019299
1759669539,3.0,0.0,3.0,3.0,6.277904,0.0,7.0,-181.0,0.39150531684102896
1759669544,3.0,0.0,3.0,3.0,6.277904,0.0,7.0,-181.0,0.40243197566662564
1759669549,3.0,0.0,3.0,3.0,6.277904,0.0,7.0,-181.0,0.38405262670021995
1759669554,3.0,0.0,3.0,3.0,6.277904,0.0,7.0,-181.0,0.3896481544302762
1759669559,3.0,0.0,3.0,3.0,6.864044,0.0,7.0,-181.0,0.43111117912494834
1759669564,3.0,0.0,3.0,3.0,6.864044,0.0,7.0,-181.0,0.42439648914005523
1759669569,3.0,0.0,3.0,3.0,6.864044,0.0,7.0,-181.0,0.3764952445530205
1759669574,3.0,0.0,3.0,3.0,6.864044,0.0,7.0,-181.0,0.342691023206263
1759669574,3.0,0.0,3.0,,3.0,6.864044,0.0,7.0,-181.0,0.40502402746052013
1759669579,3.0,0.0,3.0,,3.0,6.864044,0.0,7.0,-181.0,0.35512955950896585
1759669584,3.0,0.0,3.0,,3.0,6.864044,0.0,7.0,-181.0,0.3974126309149131
1759669589,3.0,0.0,3.0,,3.0,2.191565,0.0,7.0,-181.0,0.3935954177471355
1759669594,3.0,0.0,3.0,,3.0,2.191565,0.0,7.0,-181.0,0.3935954177471355
1759669599,3.0,0.0,3.0,55.015065223092776,3.0,2.191565,0.0,7.0,-181.0,0.35553979588401086
1759669604,3.0,0.0,3.0,55.015065223092776,3.0,2.191565,0.0,7.0,-181.0,0.3676902887049419
1759669609,3.0,0.0,3.0,55.015065223092776,3.0,2.191565,0.0,7.0,-181.0,0.3532998435260078
1759669614,3.0,0.0,3.0,55.015065223092776,3.0,2.191565,0.0,7.0,-181.0,0.27923785861159417
1759669619,3.0,2.0,2.0,55.015065223092776,4.0,158.735584,0.0,7.0,-191.0,0.25825053863022535
1759669624,3.0,2.0,2.0,55.015065223092776,4.0,158.735584,0.0,7.0,-191.0,0.25432427587595835
1759669629,3.0,2.0,2.0,55.015065223092776,4.0,158.735584,0.0,7.0,-191.0,0.2281534806420052
1759669634,3.0,2.0,2.0,55.015065223092776,4.0,158.735584,0.0,7.0,-191.0,0.2122758355882327
1759669634,3.0,2.0,2.0,4.0,158.735584,0.0,7.0,-191.0,0.2122758355882327
1759669639,3.0,2.0,2.0,4.0,158.735584,0.0,7.0,-191.0,0.16641849876196468
1759669644,3.0,2.0,2.0,4.0,158.735584,0.0,7.0,-191.0,0.12370572654326378
1759669649,3.0,2.0,2.0,1.0,0.0,0.0,7.0,-181.0,0.09437570321763168
1759669654,3.0,2.0,2.0,1.0,0.0,0.0,7.0,-181.0,0.09548314179230458
1759669659,3.0,2.0,2.0,1.0,0.0,0.0,7.0,-181.0,0.056303551226917166
1759669664,3.0,2.0,2.0,1.0,0.0,0.0,7.0,-181.0,0.06129450479014999
1759669669,3.0,2.0,2.0,1.0,0.0,0.0,7.0,-181.0,0.0392853572820683
1759669674,3.0,2.0,2.0,1.0,0.0,0.0,7.0,-181.0,0.051818031755583596
1759669679,3.0,0.0,3.0,3.0,1.870906,0.0,7.0,-181.0,0.0982233480262368
1759669684,3.0,0.0,3.0,3.0,1.870906,0.0,7.0,-181.0,0.1118167932740019
1759669689,3.0,0.0,3.0,3.0,1.870906,0.0,7.0,-181.0,0.15219506570838237
1759669694,3.0,0.0,3.0,3.0,1.870906,0.0,7.0,-181.0,0.14188377810932917
1759669694,3.0,0.0,3.0,3.0,1.870906,0.0,7.0,-181.0,0.19286415954916597
1759669699,3.0,0.0,3.0,3.0,1.870906,0.0,7.0,-181.0,0.2512837181658747
1759669704,3.0,0.0,3.0,3.0,1.870906,0.0,7.0,-181.0,0.31280801914328865
1759669709,3.0,0.0,3.0,3.0,9.549862,0.0,7.0,-181.0,0.34213779832640256
1759669714,3.0,0.0,3.0,3.0,9.549862,0.0,7.0,-181.0,0.30530508710330634
1759669719,3.0,0.0,3.0,3.0,9.549862,0.0,7.0,-181.0,0.3882954566846174
1759669724,3.0,0.0,3.0,3.0,9.549862,0.0,7.0,-181.0,0.4011249381043234
1759669729,3.0,0.0,3.0,3.0,9.549862,0.0,7.0,-181.0,0.4078392543258577
1759669734,3.0,0.0,3.0,3.0,9.549862,0.0,7.0,-181.0,0.37089938789949634
1759669739,3.0,0.0,3.0,3.0,3.132026,0.0,7.0,-181.0,0.36132332194979844
1759669744,3.0,0.0,3.0,3.0,3.132026,0.0,7.0,-181.0,0.36991635407317025
1759669749,3.0,0.0,3.0,3.0,3.132026,0.0,7.0,-181.0,0.3667254880892971
1759669754,3.0,0.0,3.0,3.0,3.132026,0.0,7.0,-181.0,0.3654727575466858
1759669754,3.0,0.0,3.0,3.0,3.132026,0.0,7.0,-181.0,0.360362181608228
1759669759,3.0,0.0,3.0,3.0,3.132026,0.0,7.0,-181.0,0.31854749846767505
1759669764,3.0,0.0,3.0,3.0,3.132026,0.0,7.0,-181.0,0.348915409595554
1759669769,3.0,0.0,3.0,3.0,7.154608,0.0,7.0,-181.0,0.3544205871726648
1759669774,3.0,0.0,3.0,3.0,7.154608,0.0,7.0,-181.0,0.3685306188079583
1759669779,3.0,0.0,3.0,3.0,7.154608,0.0,7.0,-181.0,0.37905280794497465
1759669784,3.0,0.0,3.0,3.0,7.154608,0.0,7.0,-181.0,0.373923638998393
1759669789,3.0,0.0,3.0,3.0,7.154608,0.0,7.0,-181.0,0.37009904197027543
1759669794,3.0,0.0,3.0,3.0,7.154608,0.0,7.0,-181.0,0.37009904197027543
1759669799,3.0,0.0,3.0,3.0,8.922291,0.0,7.0,-181.0,0.35926856811330443
1759669804,3.0,0.0,3.0,3.0,8.922291,0.0,7.0,-181.0,0.36178984879948406
1759669809,3.0,0.0,3.0,3.0,8.922291,0.0,7.0,-181.0,0.36178984879948406
1759669814,3.0,0.0,3.0,3.0,8.922291,0.0,7.0,-181.0,0.32877245574669833
1759669814,3.0,0.0,3.0,3.0,8.922291,0.0,7.0,-181.0,0.35034972658829966
1759669819,3.0,0.0,3.0,3.0,8.922291,0.0,7.0,-181.0,0.3721303677224167
1759669824,3.0,0.0,3.0,3.0,8.922291,0.0,7.0,-181.0,0.3788487986023144
1759669829,3.0,0.0,3.0,3.0,7.197093,0.0,7.0,-181.0,0.3540736286222762
1759669834,3.0,0.0,3.0,3.0,7.197093,0.0,7.0,-181.0,0.3826135840714548
1759669839,3.0,0.0,3.0,3.0,7.197093,0.0,7.0,-181.0,0.35806845037599594
1759669844,3.0,0.0,3.0,3.0,7.197093,0.0,7.0,-181.0,0.34093655119573
1759669849,3.0,0.0,3.0,3.0,7.197093,0.0,7.0,-181.0,0.3909682521502228
1759669854,3.0,0.0,3.0,3.0,7.197093,0.0,7.0,-181.0,0.3888328901817051
1759669859,3.0,0.0,3.0,3.0,5.487605,0.0,7.0,-181.0,0.37935614611600177
1759669864,3.0,0.0,3.0,3.0,5.487605,0.0,7.0,-181.0,0.36747776322069203
1759669869,3.0,0.0,3.0,3.0,5.487605,0.0,7.0,-181.0,0.34800457778236293
1759669874,3.0,0.0,3.0,3.0,5.487605,0.0,7.0,-181.0,0.33970207699270966
1759669874,3.0,0.0,3.0,3.0,5.487605,0.0,7.0,-181.0,0.3724185102654544
1759669879,3.0,0.0,3.0,3.0,5.487605,0.0,7.0,-181.0,0.38179151726837673
1759669884,3.0,0.0,3.0,3.0,5.487605,0.0,7.0,-181.0,0.38721938393816085
1759669889,3.0,0.0,3.0,3.0,3.20756,0.0,7.0,-181.0,0.38953873634409136
1759669894,3.0,0.0,3.0,3.0,3.20756,0.0,7.0,-181.0,0.38811112438423606
1759669899,3.0,0.0,3.0,3.0,3.20756,0.0,7.0,-181.0,0.3903709714708755
1759669904,3.0,0.0,3.0,3.0,3.20756,0.0,7.0,-181.0,0.3903709714708755
1759669909,3.0,0.0,3.0,3.0,3.20756,0.0,7.0,-181.0,0.37982483892713387
1759669914,3.0,0.0,3.0,3.0,3.20756,0.0,7.0,-181.0,0.3794251713422902
1759669919,3.0,0.0,3.0,3.0,2.494781,0.0,7.0,-181.0,0.3993856787591166
1759669924,3.0,0.0,3.0,3.0,2.494781,0.0,7.0,-181.0,0.3933411001209939
1759669929,3.0,0.0,3.0,3.0,2.494781,0.0,7.0,-181.0,0.39235435442941274
1759669934,3.0,0.0,3.0,3.0,2.494781,0.0,7.0,-181.0,0.3973857164849347
1759669934,3.0,0.0,3.0,,3.0,2.494781,0.0,7.0,-181.0,0.3952158401471447
1759669939,3.0,0.0,3.0,,3.0,2.494781,0.0,7.0,-181.0,0.38305238575383105
1759669944,3.0,0.0,3.0,,3.0,2.494781,0.0,7.0,-181.0,0.37113333854494285
1759669949,3.0,0.0,3.0,,3.0,2.668324,0.0,7.0,-181.0,0.3627854523350209
1759669954,3.0,0.0,3.0,,3.0,2.668324,0.0,7.0,-181.0,0.36362306221811125
1759669959,3.0,0.0,3.0,,3.0,2.668324,0.0,7.0,-181.0,0.3656779872259041
1759669964,3.0,0.0,3.0,,3.0,2.668324,0.0,7.0,-181.0,0.3656779872259041
1759669969,3.0,0.0,3.0,,3.0,2.668324,0.0,7.0,-181.0,0.3477804996220928
1759669974,3.0,0.0,3.0,,3.0,2.668324,0.0,7.0,-181.0,0.35348208376595547
1759669979,3.0,0.0,3.0,,3.0,4.279581,0.0,7.0,-181.0,0.35348208376595547
1759669984,3.0,0.0,3.0,,3.0,4.279581,0.0,7.0,-181.0,0.3418741329706961
1759669989,3.0,0.0,3.0,424.9804740505061,3.0,4.279581,0.0,7.0,-181.0,0.3513324730326004
1759669994,3.0,0.0,3.0,424.9804740505061,3.0,4.279581,0.0,7.0,-181.0,0.3309968163104845
1759669994,3.0,0.0,3.0,424.9804740505061,3.0,4.279581,0.0,7.0,-181.0,0.33798151308293345
1759669999,3.0,0.0,3.0,424.9804740505061,3.0,4.279581,0.0,7.0,-181.0,0.32826568722277116
1759670004,3.0,0.0,3.0,424.9804740505061,3.0,4.279581,0.0,7.0,-181.0,0.25175153892266156
1759670009,0.0,2.0,1.0,424.9804740505061,0.0,0.0,0.0,7.0,-201.0,0.239176321729427
1759670014,0.0,2.0,1.0,424.9804740505061,0.0,0.0,0.0,7.0,-201.0,0.17937967370311875
1759670019,0.0,2.0,1.0,,0.0,0.0,0.0,7.0,-201.0,0.1552313329496272
1759670024,0.0,2.0,1.0,,0.0,0.0,0.0,7.0,-201.0,0.11791722899491582
1759670029,0.0,2.0,1.0,,0.0,0.0,0.0,7.0,-201.0,0.08776921895306354
1759670034,0.0,2.0,1.0,,0.0,0.0,0.0,7.0,-201.0,0.023727496616624915
1759670039,3.0,1.0,2.0,,3.0,3.031997,0.0,7.0,-191.0,0.11990689489152946
1759670044,3.0,1.0,2.0,,3.0,3.031997,0.0,7.0,-191.0,0.1356414950765714
1759670049,3.0,1.0,2.0,,3.0,3.031997,0.0,7.0,-191.0,0.13933790410244348
1759670054,3.0,1.0,2.0,,3.0,3.031997,0.0,7.0,-191.0,0.13746629659820253
1759670054,3.0,1.0,2.0,3.0,3.031997,0.0,7.0,-191.0,0.18854584592637536
1759670059,3.0,1.0,2.0,3.0,3.031997,0.0,7.0,-191.0,0.22865065870397108
1759670064,3.0,1.0,2.0,3.0,3.031997,0.0,7.0,-191.0,0.2883855479147622
1759670069,3.0,0.0,3.0,3.0,3.242531,0.0,7.0,-181.0,0.30415027365127134
1759670074,3.0,0.0,3.0,3.0,3.242531,0.0,7.0,-181.0,0.3467558483341685
1759670079,3.0,0.0,3.0,3.0,3.242531,0.0,7.0,-181.0,0.369303097490414
1759670084,3.0,0.0,3.0,3.0,3.242531,0.0,7.0,-181.0,0.3796229286151599
1759670089,3.0,0.0,3.0,3.0,3.242531,0.0,7.0,-181.0,0.38630407311056847
1759670094,3.0,0.0,3.0,3.0,3.242531,0.0,7.0,-181.0,0.3996498785425715
1759670099,3.0,0.0,3.0,3.0,9.565266,0.0,7.0,-181.0,0.3805330888613049
1759670104,3.0,0.0,3.0,3.0,9.565266,0.0,7.0,-181.0,0.40252917019752876
1759670109,3.0,0.0,3.0,3.0,9.565266,0.0,7.0,-181.0,0.42098022845008165
1759670114,3.0,0.0,3.0,3.0,9.565266,0.0,7.0,-181.0,0.3993649404701131
1759670114,3.0,0.0,3.0,3.0,9.565266,0.0,7.0,-181.0,0.3993649404701131
1759670119,3.0,0.0,3.0,3.0,9.565266,0.0,7.0,-181.0,0.4271695692271015
1759670124,3.0,0.0,3.0,3.0,9.565266,0.0,7.0,-181.0,0.44065699690053783
1759670129,3.0,0.0,3.0,3.0,4.627111,0.0,7.0,-181.0,0.4476235905389965
1759670134,3.0,0.0,3.0,3.0,4.627111,0.0,7.0,-181.0,0.42258448550777683
1759670139,3.0,0.0,3.0,3.0,4.627111,0.0,7.0,-181.0,0.43084922545448623
1759670144,3.0,0.0,3.0,3.0,4.627111,0.0,7.0,-181.0,0.4274669984026679
1759670149,3.0,0.0,3.0,3.0,4.627111,0.0,7.0,-181.0,0.4233477206322772
1759670154,3.0,0.0,3.0,3.0,4.627111,0.0,7.0,-181.0,0.4284303088458151
1759670159,3.0,0.0,3.0,3.0,3.940957,0.0,7.0,-181.0,0.4284303088458151
1759670164,3.0,0.0,3.0,3.0,3.940957,0.0,7.0,-181.0,0.4241807919035128
1759670169,3.0,0.0,3.0,3.0,3.940957,0.0,7.0,-181.0,0.39356587159961154
1759670174,3.0,0.0,3.0,3.0,3.940957,0.0,7.0,-181.0,0.3561246476040375
1759670184,,,,,,,,,0.0061557906080347445
1759670189,1.0,0.0,0.0,,,,,,0.007929832798200715
1759670194,1.0,0.0,0.0,,,,,,0.009703874988366683
1759670199,1.0,0.0,0.0,,,,,,0.06480334658554136
1759670204,1.0,0.0,0.0,,,,,,0.07500642099102862
1759670209,1.0,0.0,0.0,,,,,,0.0852094953965159
1759670214,1.0,0.0,0.0,,,,,,0.18487836720680223
1759670219,8.0,0.0,5.0,8.0,32.615673,4.107243,7.0,-166.0,0.261415406655779
1759670224,8.0,0.0,5.0,8.0,32.615673,4.107243,7.0,-166.0,0.3583165824020629
1759670229,8.0,0.0,5.0,8.0,32.615673,4.107243,7.0,-166.0,0.4052697914186378
1759670234,8.0,0.0,5.0,8.0,32.615673,4.107243,7.0,-166.0,0.42053011637638227
1759670234,8.0,0.0,5.0,8.0,32.615673,4.107243,7.0,-166.0,0.446864185339681
1759670239,8.0,0.0,5.0,8.0,32.615673,4.107243,7.0,-166.0,0.4862448835739977
1759670244,8.0,0.0,5.0,8.0,32.615673,4.107243,7.0,-166.0,0.48900509116313445
1759670249,8.0,0.0,8.0,8.0,16.725536,5.624704,7.0,-137.0,0.507308506754601
1759670254,8.0,0.0,8.0,8.0,16.725536,5.624704,7.0,-137.0,0.5065432618959312
1759670259,8.0,0.0,8.0,8.0,16.725536,5.624704,7.0,-137.0,0.4968737737016336
1759670264,8.0,0.0,8.0,8.0,16.725536,5.624704,7.0,-137.0,0.4996633518766251
1759670269,8.0,0.0,8.0,8.0,16.725536,5.624704,7.0,-137.0,0.47223123162580766
1759670274,8.0,0.0,8.0,8.0,16.725536,5.624704,7.0,-137.0,0.46666720003495404
1759670279,8.0,0.0,8.0,8.0,3.028037,3.102478,7.0,-135.0,0.46293615232406654
1759670284,8.0,0.0,8.0,8.0,3.028037,3.102478,7.0,-135.0,0.46583166004638654
1759670289,8.0,0.0,8.0,8.0,3.028037,3.102478,7.0,-135.0,0.4368734788630651
1759670294,8.0,0.0,8.0,8.0,3.028037,3.102478,7.0,-135.0,0.396140343522027
1759670294,8.0,0.0,8.0,,8.0,3.028037,3.102478,7.0,-135.0,0.4460036211787975
1759670299,8.0,0.0,8.0,,8.0,3.028037,3.102478,7.0,-135.0,0.4398145194842766
1759670304,8.0,0.0,8.0,,8.0,3.028037,3.102478,7.0,-135.0,0.42823873590697076
1759670309,4.0,4.0,4.0,,4.0,2.657409,2.470153,7.0,-174.0,0.4233983914835516
1759670314,4.0,4.0,4.0,,4.0,2.657409,2.470153,7.0,-174.0,0.38592530237331507
1759670319,4.0,4.0,4.0,,4.0,2.657409,2.470153,7.0,-174.0,0.39727357465815216
1759670324,4.0,4.0,4.0,,4.0,2.657409,2.470153,7.0,-174.0,0.41144313577773456
1759670329,4.0,4.0,4.0,,4.0,2.657409,2.470153,7.0,-174.0,0.3969720286745374
1759670334,4.0,4.0,4.0,,4.0,2.657409,2.470153,7.0,-174.0,0.35048947501076677
1759670339,3.0,1.0,3.0,,3.0,6.979613,19.918816,7.0,-201.0,0.3338788761015205
1759670344,3.0,1.0,3.0,,3.0,6.979613,19.918816,7.0,-201.0,0.30307254227237806
1759670349,3.0,1.0,3.0,0.0,3.0,6.979613,19.918816,7.0,-201.0,0.27760626617094775
1759670354,3.0,1.0,3.0,0.0,3.0,6.979613,19.918816,7.0,-201.0,0.24173135613207794
1759670354,3.0,1.0,3.0,0.0,3.0,6.979613,19.918816,7.0,-201.0,0.24028481852771671
1759670359,3.0,1.0,3.0,0.0,3.0,6.979613,19.918816,7.0,-201.0,0.2205704171447458
1759670364,3.0,1.0,3.0,0.0,3.0,6.979613,19.918816,7.0,-201.0,0.19657553536560307
1759670369,6.0,0.0,3.0,0.0,6.0,20.352041,8.458725,7.0,-190.0,0.1776632379891517
1759670374,6.0,0.0,3.0,0.0,6.0,20.352041,8.458725,7.0,-190.0,0.17777340313412407
1759670379,6.0,0.0,3.0,,6.0,20.352041,8.458725,7.0,-190.0,0.15874472566623588
1759670384,6.0,0.0,3.0,,6.0,20.352041,8.458725,7.0,-190.0,0.16958290298110298
1759670389,6.0,0.0,3.0,,6.0,20.352041,8.458725,7.0,-190.0,0.19818618917916328
1759670394,6.0,0.0,3.0,,6.0,20.352041,8.458725,7.0,-190.0,0.20900714330135622
1759670399,6.0,0.0,6.0,,6.0,15.20601,-1e-06,7.0,-151.0,0.1952117224674889
1759670404,6.0,0.0,6.0,,6.0,15.20601,-1e-06,7.0,-151.0,0.18370979819324804
1759670409,6.0,0.0,6.0,,6.0,15.20601,-1e-06,7.0,-151.0,0.18097572838823056
1759670414,6.0,0.0,6.0,,6.0,15.20601,-1e-06,7.0,-151.0,0.17293973276989918
1759670414,6.0,0.0,6.0,6.0,15.20601,-1e-06,7.0,-151.0,0.18780387076691682
1759670419,6.0,0.0,6.0,6.0,15.20601,-1e-06,7.0,-151.0,0.2418271612824576
1759670424,6.0,0.0,6.0,6.0,15.20601,-1e-06,7.0,-151.0,0.28463214777729506
1759670429,6.0,0.0,6.0,6.0,3.160978,3.029712,7.0,-155.0,0.2715780782702796
1759670434,6.0,0.0,6.0,6.0,3.160978,3.029712,7.0,-155.0,0.2841713673950077
1759670439,6.0,0.0,6.0,6.0,3.160978,3.029712,7.0,-155.0,0.3319691414274635
1759670444,6.0,0.0,6.0,6.0,3.160978,3.029712,7.0,-155.0,0.3490587656593548
1759670449,6.0,0.0,6.0,6.0,3.160978,3.029712,7.0,-155.0,0.4325972869001184
1759670454,6.0,0.0,6.0,6.0,3.160978,3.029712,7.0,-155.0,0.44451396276924077
1759670459,3.0,3.0,3.0,3.0,6.170641,2.291808,7.0,-184.0,0.4256921724582724
1759670464,3.0,3.0,3.0,3.0,6.170641,2.291808,7.0,-184.0,0.3730395722732181
1759670469,3.0,3.0,3.0,3.0,6.170641,2.291808,7.0,-184.0,0.3763658357266278
1759670474,3.0,3.0,3.0,3.0,6.170641,2.291808,7.0,-184.0,0.35194421519808505
1759670474,3.0,3.0,3.0,3.0,6.170641,2.291808,7.0,-184.0,0.37759820337355976
1759670479,3.0,3.0,3.0,3.0,6.170641,2.291808,7.0,-184.0,0.33452956890068936
1759670484,3.0,3.0,3.0,3.0,6.170641,2.291808,7.0,-184.0,0.3285698057095798
1759670489,3.0,0.0,3.0,3.0,6.71924,3.178297,7.0,-185.0,0.32696828118647203
1759670494,3.0,0.0,3.0,3.0,6.71924,3.178297,7.0,-185.0,0.2626487715294058
1759670499,3.0,0.0,3.0,3.0,6.71924,3.178297,7.0,-185.0,0.26986367433423514
1759670504,3.0,0.0,3.0,3.0,6.71924,3.178297,7.0,-185.0,0.27335443408955196
1759670509,3.0,0.0,3.0,3.0,6.71924,3.178297,7.0,-185.0,0.2887071345856321
1759670514,3.0,0.0,3.0,3.0,6.71924,3.178297,7.0,-185.0,0.2910304463968606
1759670519,3.0,0.0,3.0,3.0,8.082754,3.612437,7.0,-185.0,0.289450756486603
1759670524,3.0,0.0,3.0,3.0,8.082754,3.612437,7.0,-185.0,0.2941846819441281
1759670529,3.0,0.0,3.0,3.0,8.082754,3.612437,7.0,-185.0,0.2840278096938845
1759670534,3.0,0.0,3.0,3.0,8.082754,3.612437,7.0,-185.0,0.26144347054643385
1759670534,3.0,0.0,3.0,3.0,8.082754,3.612437,7.0,-185.0,0.3019451901435508
1759670539,3.0,0.0,3.0,3.0,8.082754,3.612437,7.0,-185.0,0.29752597863765784
1759670544,3.0,0.0,3.0,3.0,8.082754,3.612437,7.0,-185.0,0.3024667774239599
1759670549,3.0,0.0,3.0,3.0,9.021369,8.756526,7.0,-190.0,0.29507872122617945
1759670554,3.0,0.0,3.0,3.0,9.021369,8.756526,7.0,-190.0,0.31869860108599646
1759670559,3.0,0.0,3.0,3.0,9.021369,8.756526,7.0,-190.0,0.32934429853203717
1759670564,3.0,0.0,3.0,3.0,9.021369,8.756526,7.0,-190.0,0.33369279384497225
1759670569,3.0,0.0,3.0,3.0,9.021369,8.756526,7.0,-190.0,0.32793329641322255
1759670574,3.0,0.0,3.0,3.0,9.021369,8.756526,7.0,-190.0,0.2948813897698901
1759670579,3.0,0.0,3.0,3.0,10.558734,20.369318,7.0,-202.0,0.33062796324647237
1759670584,3.0,0.0,3.0,3.0,10.558734,20.369318,7.0,-202.0,0.33554096352639895
1759670589,3.0,0.0,3.0,3.0,10.558734,20.369318,7.0,-202.0,0.3357572164170257
1759670594,3.0,0.0,3.0,3.0,10.558734,20.369318,7.0,-202.0,0.293754691544579
